-- MySQL dump 10.11
--
-- Host: localhost    Database: log_analysis2
-- ------------------------------------------------------
-- Server version	5.0.77-log

/*!40101 SET @OLD_CHARACTER_SET_CLIENT=@@CHARACTER_SET_CLIENT */;
/*!40101 SET @OLD_CHARACTER_SET_RESULTS=@@CHARACTER_SET_RESULTS */;
/*!40101 SET @OLD_COLLATION_CONNECTION=@@COLLATION_CONNECTION */;
/*!40101 SET NAMES utf8 */;
/*!40103 SET @OLD_TIME_ZONE=@@TIME_ZONE */;
/*!40103 SET TIME_ZONE='+00:00' */;
/*!40014 SET @OLD_UNIQUE_CHECKS=@@UNIQUE_CHECKS, UNIQUE_CHECKS=0 */;
/*!40014 SET @OLD_FOREIGN_KEY_CHECKS=@@FOREIGN_KEY_CHECKS, FOREIGN_KEY_CHECKS=0 */;
/*!40101 SET @OLD_SQL_MODE=@@SQL_MODE, SQL_MODE='NO_AUTO_VALUE_ON_ZERO' */;
/*!40111 SET @OLD_SQL_NOTES=@@SQL_NOTES, SQL_NOTES=0 */;

--
-- Table structure for table `auth_group`
--

DROP TABLE IF EXISTS `auth_group`;
SET @saved_cs_client     = @@character_set_client;
SET character_set_client = utf8;
CREATE TABLE `auth_group` (
  `id` int(11) NOT NULL auto_increment,
  `name` varchar(80) NOT NULL,
  PRIMARY KEY  (`id`),
  UNIQUE KEY `name` (`name`)
) ENGINE=MyISAM AUTO_INCREMENT=4 DEFAULT CHARSET=utf8;
SET character_set_client = @saved_cs_client;

--
-- Dumping data for table `auth_group`
--

LOCK TABLES `auth_group` WRITE;
/*!40000 ALTER TABLE `auth_group` DISABLE KEYS */;
INSERT INTO `auth_group` VALUES (2,'管理员组'),(3,'查看组');
/*!40000 ALTER TABLE `auth_group` ENABLE KEYS */;
UNLOCK TABLES;

--
-- Table structure for table `auth_group_area`
--

DROP TABLE IF EXISTS `auth_group_area`;
SET @saved_cs_client     = @@character_set_client;
SET character_set_client = utf8;
CREATE TABLE `auth_group_area` (
  `id` int(11) NOT NULL auto_increment,
  `group_id` int(11) NOT NULL,
  `area_id` int(11) NOT NULL,
  PRIMARY KEY  (`id`),
  UNIQUE KEY `group_id` (`group_id`,`area_id`),
  KEY `area_id_refs_id_32efc3a6271c51d3` (`area_id`)
) ENGINE=MyISAM AUTO_INCREMENT=124 DEFAULT CHARSET=utf8;
SET character_set_client = @saved_cs_client;

--
-- Dumping data for table `auth_group_area`
--

LOCK TABLES `auth_group_area` WRITE;
/*!40000 ALTER TABLE `auth_group_area` DISABLE KEYS */;
INSERT INTO `auth_group_area` VALUES (2,2,10000000),(4,2,18000000),(6,2,29050000),(8,2,39050000),(10,2,17090000),(12,2,28170000),(14,2,15060000),(16,2,21150000),(18,2,27130000),(20,2,26030000),(22,2,23110000),(24,2,30010000),(26,2,32100000),(28,2,31000000),(30,2,33020000),(32,2,35030000),(34,2,11000000),(36,2,19010000),(38,2,16020000),(40,2,37130000),(42,2,38060000),(44,2,24050000),(46,2,13100000),(48,2,40010000),(50,2,36040000),(52,2,12060000),(54,2,34160000),(56,2,22040000),(58,2,14100000),(60,2,25120000),(62,2,20110000),(63,3,10000000),(65,3,18000000),(67,3,29050000),(69,3,39050000),(71,3,17090000),(73,3,28170000),(75,3,15060000),(77,3,21150000),(79,3,27130000),(81,3,26030000),(83,3,23110000),(85,3,30010000),(87,3,32100000),(89,3,31000000),(91,3,33020000),(93,3,35030000),(95,3,11000000),(97,3,19010000),(99,3,16020000),(101,3,37130000),(103,3,38060000),(105,3,24050000),(107,3,13100000),(109,3,40010000),(111,3,36040000),(113,3,12060000),(115,3,34160000),(117,3,22040000),(119,3,14100000),(121,3,25120000),(123,3,20110000);
/*!40000 ALTER TABLE `auth_group_area` ENABLE KEYS */;
UNLOCK TABLES;

--
-- Table structure for table `auth_group_permissions`
--

DROP TABLE IF EXISTS `auth_group_permissions`;
SET @saved_cs_client     = @@character_set_client;
SET character_set_client = utf8;
CREATE TABLE `auth_group_permissions` (
  `id` int(11) NOT NULL auto_increment,
  `group_id` int(11) NOT NULL,
  `permission_id` int(11) NOT NULL,
  PRIMARY KEY  (`id`),
  UNIQUE KEY `group_id` (`group_id`,`permission_id`),
  KEY `permission_id_refs_id_4de83ca7792de1` (`permission_id`)
) ENGINE=MyISAM AUTO_INCREMENT=79 DEFAULT CHARSET=utf8;
SET character_set_client = @saved_cs_client;

--
-- Dumping data for table `auth_group_permissions`
--

LOCK TABLES `auth_group_permissions` WRITE;
/*!40000 ALTER TABLE `auth_group_permissions` DISABLE KEYS */;
INSERT INTO `auth_group_permissions` VALUES (2,2,2),(4,2,4),(6,2,6),(8,2,8),(10,2,10),(12,2,12),(14,2,14),(16,2,16),(18,2,18),(20,2,20),(22,2,22),(24,2,24),(26,2,26),(28,2,28),(30,2,30),(32,2,32),(34,2,34),(36,2,36),(38,2,38),(40,2,40),(42,2,42),(44,2,44),(46,2,46),(48,2,48),(50,2,50),(52,2,52),(54,2,54),(56,2,56),(58,2,58),(60,2,60),(62,2,62),(64,2,64),(66,2,66),(68,2,68),(70,2,70),(72,2,72),(74,2,74),(76,2,76),(78,2,78);
/*!40000 ALTER TABLE `auth_group_permissions` ENABLE KEYS */;
UNLOCK TABLES;

--
-- Table structure for table `auth_group_view`
--

DROP TABLE IF EXISTS `auth_group_view`;
SET @saved_cs_client     = @@character_set_client;
SET character_set_client = utf8;
CREATE TABLE `auth_group_view` (
  `id` int(11) NOT NULL auto_increment,
  `group_id` int(11) NOT NULL,
  `view_id` int(11) NOT NULL,
  PRIMARY KEY  (`id`),
  UNIQUE KEY `group_id` (`group_id`,`view_id`),
  KEY `view_id_refs_id_71c1288c84fd2781` (`view_id`)
) ENGINE=MyISAM AUTO_INCREMENT=144 DEFAULT CHARSET=utf8;
SET character_set_client = @saved_cs_client;

--
-- Dumping data for table `auth_group_view`
--

LOCK TABLES `auth_group_view` WRITE;
/*!40000 ALTER TABLE `auth_group_view` DISABLE KEYS */;
INSERT INTO `auth_group_view` VALUES (2,2,9),(4,2,10),(6,2,11),(8,2,12),(10,2,13),(12,2,14),(14,2,15),(16,2,16),(18,2,17),(20,2,18),(22,2,19),(24,2,20),(26,2,21),(28,2,22),(30,2,23),(32,2,24),(34,2,25),(36,2,26),(38,2,27),(40,2,28),(42,2,29),(44,2,30),(46,2,31),(48,2,32),(50,2,33),(52,2,34),(54,2,35),(56,2,36),(58,2,37),(60,2,38),(62,2,39),(64,2,41),(66,2,42),(68,2,44),(70,2,45),(72,2,46),(73,3,9),(75,3,10),(77,3,11),(79,3,12),(81,3,13),(83,3,14),(85,3,15),(87,3,16),(89,3,17),(91,3,18),(93,3,19),(95,3,20),(97,3,21),(99,3,22),(101,3,23),(103,3,24),(105,3,25),(107,3,26),(109,3,27),(111,3,28),(113,3,29),(115,3,30),(117,3,31),(119,3,32),(121,3,33),(123,3,34),(125,3,35),(127,3,36),(129,3,37),(131,3,38),(133,3,39),(135,3,41),(137,3,42),(139,3,44),(141,3,45),(143,3,46);
/*!40000 ALTER TABLE `auth_group_view` ENABLE KEYS */;
UNLOCK TABLES;

--
-- Table structure for table `auth_message`
--

DROP TABLE IF EXISTS `auth_message`;
SET @saved_cs_client     = @@character_set_client;
SET character_set_client = utf8;
CREATE TABLE `auth_message` (
  `id` int(11) NOT NULL auto_increment,
  `user_id` int(11) NOT NULL,
  `message` longtext NOT NULL,
  PRIMARY KEY  (`id`),
  KEY `auth_message_user_id` (`user_id`)
) ENGINE=MyISAM AUTO_INCREMENT=119 DEFAULT CHARSET=utf8;
SET character_set_client = @saved_cs_client;

--
-- Dumping data for table `auth_message`
--

LOCK TABLES `auth_message` WRITE;
/*!40000 ALTER TABLE `auth_message` DISABLE KEYS */;
/*!40000 ALTER TABLE `auth_message` ENABLE KEYS */;
UNLOCK TABLES;

--
-- Table structure for table `auth_permission`
--

DROP TABLE IF EXISTS `auth_permission`;
SET @saved_cs_client     = @@character_set_client;
SET character_set_client = utf8;
CREATE TABLE `auth_permission` (
  `id` int(11) NOT NULL auto_increment,
  `name` varchar(50) NOT NULL,
  `content_type_id` int(11) NOT NULL,
  `codename` varchar(100) NOT NULL,
  PRIMARY KEY  (`id`),
  UNIQUE KEY `content_type_id` (`content_type_id`,`codename`),
  KEY `auth_permission_content_type_id` (`content_type_id`)
) ENGINE=MyISAM AUTO_INCREMENT=79 DEFAULT CHARSET=utf8;
SET character_set_client = @saved_cs_client;

--
-- Dumping data for table `auth_permission`
--

LOCK TABLES `auth_permission` WRITE;
/*!40000 ALTER TABLE `auth_permission` DISABLE KEYS */;
INSERT INTO `auth_permission` VALUES (2,'Can add permission',2,'add_permission'),(4,'Can change permission',2,'change_permission'),(6,'Can delete permission',2,'delete_permission'),(8,'Can add group',4,'add_group'),(10,'Can change group',4,'change_group'),(12,'Can delete group',4,'delete_group'),(14,'Can add user',6,'add_user'),(16,'Can change user',6,'change_user'),(18,'Can delete user',6,'delete_user'),(20,'Can add message',8,'add_message'),(22,'Can change message',8,'change_message'),(24,'Can delete message',8,'delete_message'),(26,'Can add content type',10,'add_contenttype'),(28,'Can change content type',10,'change_contenttype'),(30,'Can delete content type',10,'delete_contenttype'),(32,'Can add session',12,'add_session'),(34,'Can change session',12,'change_session'),(36,'Can delete session',12,'delete_session'),(38,'Can add site',14,'add_site'),(40,'Can change site',14,'change_site'),(42,'Can delete site',14,'delete_site'),(44,'Can add log entry',16,'add_logentry'),(46,'Can change log entry',16,'change_logentry'),(48,'Can delete log entry',16,'delete_logentry'),(50,'Can add data set',18,'add_dataset'),(52,'Can change data set',18,'change_dataset'),(54,'Can delete data set',18,'delete_dataset'),(56,'Can add view',20,'add_view'),(58,'Can change view',20,'change_view'),(60,'Can delete view',20,'delete_view'),(62,'Can add data set column',22,'add_datasetcolumn'),(64,'Can change data set column',22,'change_datasetcolumn'),(66,'Can delete data set column',22,'delete_datasetcolumn'),(68,'Can add area',24,'add_area'),(70,'Can change area',24,'change_area'),(72,'Can delete area',24,'delete_area'),(74,'Can add city',26,'add_city'),(76,'Can change city',26,'change_city'),(78,'Can delete city',26,'delete_city');
/*!40000 ALTER TABLE `auth_permission` ENABLE KEYS */;
UNLOCK TABLES;

--
-- Table structure for table `auth_user`
--

DROP TABLE IF EXISTS `auth_user`;
SET @saved_cs_client     = @@character_set_client;
SET character_set_client = utf8;
CREATE TABLE `auth_user` (
  `id` int(11) NOT NULL auto_increment,
  `username` varchar(30) NOT NULL,
  `first_name` varchar(30) NOT NULL,
  `last_name` varchar(30) NOT NULL,
  `email` varchar(75) NOT NULL,
  `password` varchar(128) NOT NULL,
  `is_staff` tinyint(1) NOT NULL,
  `is_active` tinyint(1) NOT NULL,
  `is_superuser` tinyint(1) NOT NULL,
  `last_login` datetime NOT NULL,
  `date_joined` datetime NOT NULL,
  PRIMARY KEY  (`id`),
  UNIQUE KEY `username` (`username`)
) ENGINE=MyISAM AUTO_INCREMENT=15 DEFAULT CHARSET=utf8;
SET character_set_client = @saved_cs_client;

--
-- Dumping data for table `auth_user`
--

LOCK TABLES `auth_user` WRITE;
/*!40000 ALTER TABLE `auth_user` DISABLE KEYS */;
INSERT INTO `auth_user` VALUES (2,'admin','','','admin@umessage.com.cn','sha1$0091e$1643e123595c90ef57510c5496eb65c234ecf0a8',1,1,1,'2009-07-13 16:08:59','2009-07-10 16:19:03'),(4,'tianyi','','','','sha1$b0e13$4cb0c2402b9800779f1f55e09a846324330c2235',1,1,0,'2009-07-30 11:36:37','2009-07-10 16:22:18'),(10,'huangjh','','','','sha1$84acf$0832a4d8dd11f0b5af6575242f67ac47f9743a7c',1,1,1,'2009-07-27 14:03:46','2009-07-27 13:36:18'),(5,'xuehu','','','','sha1$a80b8$23a5f99dd32cfc43cfa6131cf28e214aebb420a0',1,1,1,'2009-07-27 17:31:26','2009-07-13 09:29:10'),(6,'shijie','','','','sha1$58bf3$84309e7915f314e55fcb2639ae14a9c6d87c833e',1,1,1,'2009-07-27 13:24:57','2009-07-13 10:12:52'),(8,'zhanglei','','','','sha1$c82b8$1b08bccca320ad25a9d0e115c80c6fe19231c78d',1,1,1,'2009-07-13 16:09:15','2009-07-13 16:00:41'),(12,'test','','','','sha1$39b2c$8577c357639fe7de631e44b32884291a04a14755',0,1,0,'2009-07-27 14:56:42','2009-07-27 14:56:42'),(14,'huangdong','','','','sha1$6ffc4$fd688363f0ab57d9bdffb2b72e07ca6f71d2b5c7',1,1,1,'2009-07-27 22:54:41','2009-07-27 17:25:15');
/*!40000 ALTER TABLE `auth_user` ENABLE KEYS */;
UNLOCK TABLES;

--
-- Table structure for table `auth_user_groups`
--

DROP TABLE IF EXISTS `auth_user_groups`;
SET @saved_cs_client     = @@character_set_client;
SET character_set_client = utf8;
CREATE TABLE `auth_user_groups` (
  `id` int(11) NOT NULL auto_increment,
  `user_id` int(11) NOT NULL,
  `group_id` int(11) NOT NULL,
  PRIMARY KEY  (`id`),
  UNIQUE KEY `user_id` (`user_id`,`group_id`),
  KEY `group_id_refs_id_321a8efef0ee9890` (`group_id`)
) ENGINE=MyISAM AUTO_INCREMENT=17 DEFAULT CHARSET=utf8;
SET character_set_client = @saved_cs_client;

--
-- Dumping data for table `auth_user_groups`
--

LOCK TABLES `auth_user_groups` WRITE;
/*!40000 ALTER TABLE `auth_user_groups` DISABLE KEYS */;
INSERT INTO `auth_user_groups` VALUES (13,4,2),(3,2,2),(5,5,2),(6,6,2),(8,8,2),(14,10,2),(16,14,2);
/*!40000 ALTER TABLE `auth_user_groups` ENABLE KEYS */;
UNLOCK TABLES;

--
-- Table structure for table `auth_user_user_permissions`
--

DROP TABLE IF EXISTS `auth_user_user_permissions`;
SET @saved_cs_client     = @@character_set_client;
SET character_set_client = utf8;
CREATE TABLE `auth_user_user_permissions` (
  `id` int(11) NOT NULL auto_increment,
  `user_id` int(11) NOT NULL,
  `permission_id` int(11) NOT NULL,
  PRIMARY KEY  (`id`),
  UNIQUE KEY `user_id` (`user_id`,`permission_id`),
  KEY `permission_id_refs_id_6d7fb3c2067e79cb` (`permission_id`)
) ENGINE=MyISAM AUTO_INCREMENT=621 DEFAULT CHARSET=utf8;
SET character_set_client = @saved_cs_client;

--
-- Dumping data for table `auth_user_user_permissions`
--

LOCK TABLES `auth_user_user_permissions` WRITE;
/*!40000 ALTER TABLE `auth_user_user_permissions` DISABLE KEYS */;
INSERT INTO `auth_user_user_permissions` VALUES (465,4,78),(463,4,76),(461,4,74),(459,4,72),(457,4,70),(455,4,68),(453,4,66),(451,4,64),(449,4,62),(447,4,60),(445,4,58),(443,4,56),(441,4,54),(439,4,52),(437,4,50),(435,4,48),(433,4,46),(431,4,44),(429,4,42),(427,4,40),(425,4,38),(423,4,36),(421,4,34),(419,4,32),(417,4,30),(415,4,28),(413,4,26),(411,4,24),(409,4,22),(407,4,20),(405,4,18),(403,4,16),(401,4,14),(399,4,12),(397,4,10),(395,4,8),(393,4,6),(391,4,4),(389,4,2),(157,5,2),(159,5,4),(161,5,6),(163,5,8),(165,5,10),(167,5,12),(169,5,14),(171,5,16),(173,5,18),(175,5,20),(177,5,22),(179,5,24),(181,5,26),(183,5,28),(185,5,30),(187,5,32),(189,5,34),(191,5,36),(193,5,38),(195,5,40),(197,5,42),(199,5,44),(201,5,46),(203,5,48),(205,5,50),(207,5,52),(209,5,54),(211,5,56),(213,5,58),(215,5,60),(217,5,62),(219,5,64),(221,5,66),(223,5,68),(225,5,70),(227,5,72),(229,5,74),(231,5,76),(233,5,78),(234,6,2),(236,6,4),(238,6,6),(240,6,8),(242,6,10),(244,6,12),(246,6,14),(248,6,16),(250,6,18),(252,6,20),(254,6,22),(256,6,24),(258,6,26),(260,6,28),(262,6,30),(264,6,32),(266,6,34),(268,6,36),(270,6,38),(272,6,40),(274,6,42),(276,6,44),(278,6,46),(280,6,48),(282,6,50),(284,6,52),(286,6,54),(288,6,56),(290,6,58),(292,6,60),(294,6,62),(296,6,64),(298,6,66),(300,6,68),(302,6,70),(304,6,72),(306,6,74),(308,6,76),(310,6,78),(466,10,2),(468,10,4),(470,10,6),(472,10,8),(474,10,10),(476,10,12),(478,10,14),(480,10,16),(482,10,18),(484,10,20),(486,10,22),(488,10,24),(490,10,26),(492,10,28),(494,10,30),(496,10,32),(498,10,34),(500,10,36),(502,10,38),(504,10,40),(506,10,42),(508,10,44),(510,10,46),(512,10,48),(514,10,50),(516,10,52),(518,10,54),(520,10,56),(522,10,58),(524,10,60),(526,10,62),(528,10,64),(530,10,66),(532,10,68),(534,10,70),(536,10,72),(538,10,74),(540,10,76),(542,10,78),(544,14,2),(546,14,4),(548,14,6),(550,14,8),(552,14,10),(554,14,12),(556,14,14),(558,14,16),(560,14,18),(562,14,20),(564,14,22),(566,14,24),(568,14,26),(570,14,28),(572,14,30),(574,14,32),(576,14,34),(578,14,36),(580,14,38),(582,14,40),(584,14,42),(586,14,44),(588,14,46),(590,14,48),(592,14,50),(594,14,52),(596,14,54),(598,14,56),(600,14,58),(602,14,60),(604,14,62),(606,14,64),(608,14,66),(610,14,68),(612,14,70),(614,14,72),(616,14,74),(618,14,76),(620,14,78);
/*!40000 ALTER TABLE `auth_user_user_permissions` ENABLE KEYS */;
UNLOCK TABLES;

--
-- Table structure for table `django_admin_log`
--

DROP TABLE IF EXISTS `django_admin_log`;
SET @saved_cs_client     = @@character_set_client;
SET character_set_client = utf8;
CREATE TABLE `django_admin_log` (
  `id` int(11) NOT NULL auto_increment,
  `action_time` datetime NOT NULL,
  `user_id` int(11) NOT NULL,
  `content_type_id` int(11) default NULL,
  `object_id` longtext,
  `object_repr` varchar(200) NOT NULL,
  `action_flag` smallint(5) unsigned NOT NULL,
  `change_message` longtext NOT NULL,
  PRIMARY KEY  (`id`),
  KEY `django_admin_log_user_id` (`user_id`),
  KEY `django_admin_log_content_type_id` (`content_type_id`)
) ENGINE=MyISAM AUTO_INCREMENT=121 DEFAULT CHARSET=utf8;
SET character_set_client = @saved_cs_client;

--
-- Dumping data for table `django_admin_log`
--

LOCK TABLES `django_admin_log` WRITE;
/*!40000 ALTER TABLE `django_admin_log` DISABLE KEYS */;
INSERT INTO `django_admin_log` VALUES (2,'2009-07-10 16:22:18',2,6,'4','tianyi',1,''),(4,'2009-07-10 16:22:28',2,6,'4','tianyi',2,'已修改 is_staff, is_superuser 和 user_permissions 。'),(6,'2009-07-10 16:22:50',2,4,'2','管理员组',1,''),(8,'2009-07-10 16:22:58',2,6,'4','tianyi',2,'已修改 groups 。'),(9,'2009-07-10 17:02:17',2,6,'2','admin',2,'已修改 groups 。'),(11,'2009-07-13 09:29:10',4,6,'5','xuehu',1,''),(13,'2009-07-13 09:29:20',4,6,'5','xuehu',2,'已修改 is_staff, is_superuser, groups 和 user_permissions 。'),(14,'2009-07-13 10:12:52',4,6,'6','shijie',1,''),(16,'2009-07-13 10:13:03',4,6,'6','shijie',2,'已修改 is_staff, is_superuser, groups 和 user_permissions 。'),(18,'2009-07-13 16:00:41',4,6,'8','zhanglei',1,''),(20,'2009-07-13 16:00:50',4,6,'8','zhanglei',2,'已修改 is_staff, is_superuser 和 groups 。'),(21,'2009-07-13 16:07:22',4,4,'3','查看组',1,''),(23,'2009-07-13 16:07:38',4,6,'4','tianyi',2,'已修改 is_superuser 和 groups 。'),(25,'2009-07-13 16:08:26',4,6,'4','tianyi',2,'已修改 user_permissions 。'),(27,'2009-07-13 16:09:11',2,6,'4','tianyi',2,'已修改 groups 和 user_permissions 。'),(28,'2009-07-20 10:26:19',4,18,'None','KPI前向业务指标周数据',3,''),(30,'2009-07-20 10:26:27',4,18,'None','KPI前向业务指标月数据',3,''),(32,'2009-07-20 10:26:31',4,18,'None','KPI前向业务指标(分业务)周数据',3,''),(34,'2009-07-20 10:26:36',4,18,'None','KPI前向业务指标(分业务)月数据',3,''),(36,'2009-07-20 10:26:41',4,18,'None','KPI生活播报指标(累计)日数据',3,''),(38,'2009-07-27 13:36:18',4,6,'10','huangjh',1,''),(40,'2009-07-27 13:36:30',4,6,'10','huangjh',2,'已修改 is_staff, is_superuser, groups 和 user_permissions 。'),(42,'2009-07-27 13:42:04',6,20,'40','AA 周报',1,''),(44,'2009-07-27 14:06:35',10,20,'39','KPI生活播报指标 月报',2,'已修改 body 。'),(46,'2009-07-27 14:12:09',10,20,'9','KPI查询次数指标 日报',2,'已修改 body 。'),(48,'2009-07-27 14:18:17',10,20,'10','KPI查询次数指标 周报',2,'已修改 body 。'),(50,'2009-07-27 14:45:32',6,20,'None','AA 周报',3,''),(52,'2009-07-27 14:56:42',6,6,'12','test',1,''),(54,'2009-07-27 15:32:44',4,20,'9','KPI查询次数指标 日报',2,'已修改 body 。'),(56,'2009-07-27 17:25:15',4,6,'14','huangdong',1,''),(58,'2009-07-27 17:25:25',4,6,'14','huangdong',2,'已修改 is_staff, is_superuser, groups 和 user_permissions 。'),(60,'2009-07-28 14:21:21',10,20,'9','KPI查询次数指标 日报',2,'已修改 body 。'),(62,'2009-07-28 14:23:21',10,20,'9','KPI查询次数指标 日报',2,'已修改 body 。'),(64,'2009-07-28 14:25:43',10,20,'10','KPI查询次数指标 周报',2,'已修改 body 。'),(66,'2009-07-28 14:26:44',10,20,'11','KPI查询次数指标 月报',2,'已修改 body 。'),(68,'2009-07-28 14:29:22',10,20,'12','KPI用户数指标 日报',2,'已修改 body 。'),(70,'2009-07-28 14:29:49',10,20,'13','KPI用户数指标 周报',2,'已修改 body 。'),(72,'2009-07-28 14:30:18',10,20,'14','KPI用户数指标 月报',2,'已修改 body 。'),(74,'2009-07-28 14:42:55',10,20,'15','KPI累计查询次数指标 月报',2,'已修改 body 。'),(76,'2009-07-28 14:43:20',10,20,'16','KPI累计查询次数指标 周报',2,'已修改 body 。'),(78,'2009-07-28 14:44:56',10,20,'17','KPI累计商旅用户数指标 周报',2,'已修改 body 。'),(80,'2009-07-28 14:45:17',10,20,'22','KPI累计信息查询用户数指标 月报',2,'已修改 body 。'),(82,'2009-07-28 14:46:14',10,20,'18','KPI累计商旅用户数指标 月报',2,'已修改 body 。'),(84,'2009-07-28 14:47:25',10,20,'19','KPI累计商旅业务量 周报',2,'已修改 body 。'),(86,'2009-07-28 14:47:58',10,20,'20','KPI累计商旅业务量 月报',2,'已修改 body 。'),(88,'2009-07-28 14:51:05',10,20,'21','KPI累计信息查询用户数指标 周报',2,'已修改 body 。'),(90,'2009-07-28 14:53:53',10,20,'23','KPI累计用户数指标 周报',2,'已修改 body 。'),(92,'2009-07-28 14:54:13',10,20,'24','KPI累计用户数指标 月报',2,'已修改 body 。'),(94,'2009-07-28 14:55:07',10,20,'25','KPI信息查询用户数指标 日报',2,'已修改 body 。'),(96,'2009-07-28 14:55:29',10,20,'26','KPI信息查询用户数指标 周报',2,'已修改 body 。'),(98,'2009-07-28 14:55:55',10,20,'27','KPI信息查询用户数指标 月报',2,'已修改 body 。'),(100,'2009-07-28 14:57:50',10,20,'28','KPI商旅用户数指标 日报',2,'已修改 body 。'),(102,'2009-07-28 14:58:06',10,20,'29','KPI商旅用户数指标 周报',2,'已修改 body 。'),(104,'2009-07-28 14:58:24',10,20,'30','KPI商旅用户数指标 月报',2,'已修改 body 。'),(106,'2009-07-28 15:01:35',10,20,'31','KPI语音后向销售指标 日报',2,'已修改 body 。'),(108,'2009-07-28 15:01:54',10,20,'32','KPI语音后向销售指标 周报',2,'已修改 body 。'),(110,'2009-07-28 15:06:07',10,20,'34','KPI商旅业务量指标 日报',2,'已修改 body 。'),(112,'2009-07-28 15:06:49',10,20,'35','KPI商旅业务量指标 周报',2,'已修改 body 。'),(114,'2009-07-28 15:06:58',10,20,'34','KPI商旅业务量指标 日报',2,'已修改 body 。'),(116,'2009-07-28 15:07:20',10,20,'36','KPI商旅业务量指标 月报',2,'已修改 body 。'),(118,'2009-07-28 15:07:41',10,20,'37','KPI生活播报指标 日报',2,'已修改 body 。'),(120,'2009-07-28 15:08:24',10,20,'39','KPI生活播报指标 月报',2,'已修改 body 。');
/*!40000 ALTER TABLE `django_admin_log` ENABLE KEYS */;
UNLOCK TABLES;

--
-- Table structure for table `django_content_type`
--

DROP TABLE IF EXISTS `django_content_type`;
SET @saved_cs_client     = @@character_set_client;
SET character_set_client = utf8;
CREATE TABLE `django_content_type` (
  `id` int(11) NOT NULL auto_increment,
  `name` varchar(100) NOT NULL,
  `app_label` varchar(100) NOT NULL,
  `model` varchar(100) NOT NULL,
  PRIMARY KEY  (`id`),
  UNIQUE KEY `app_label` (`app_label`,`model`)
) ENGINE=MyISAM AUTO_INCREMENT=27 DEFAULT CHARSET=utf8;
SET character_set_client = @saved_cs_client;

--
-- Dumping data for table `django_content_type`
--

LOCK TABLES `django_content_type` WRITE;
/*!40000 ALTER TABLE `django_content_type` DISABLE KEYS */;
INSERT INTO `django_content_type` VALUES (2,'permission','auth','permission'),(4,'group','auth','group'),(6,'user','auth','user'),(8,'message','auth','message'),(10,'content type','contenttypes','contenttype'),(12,'session','sessions','session'),(14,'site','sites','site'),(16,'log entry','admin','logentry'),(18,'data set','web2','dataset'),(20,'view','web2','view'),(22,'data set column','web2','datasetcolumn'),(24,'area','web2','area'),(26,'city','web2','city');
/*!40000 ALTER TABLE `django_content_type` ENABLE KEYS */;
UNLOCK TABLES;

--
-- Table structure for table `django_session`
--

DROP TABLE IF EXISTS `django_session`;
SET @saved_cs_client     = @@character_set_client;
SET character_set_client = utf8;
CREATE TABLE `django_session` (
  `session_key` varchar(40) NOT NULL,
  `session_data` longtext NOT NULL,
  `expire_date` datetime NOT NULL,
  PRIMARY KEY  (`session_key`)
) ENGINE=MyISAM DEFAULT CHARSET=utf8;
SET character_set_client = @saved_cs_client;

--
-- Dumping data for table `django_session`
--

LOCK TABLES `django_session` WRITE;
/*!40000 ALTER TABLE `django_session` DISABLE KEYS */;
INSERT INTO `django_session` VALUES ('0dbe22750620bcbe722084060584a0e0','gAJ9cQEoVRJfYXV0aF91c2VyX2JhY2tlbmRxAlUpZGphbmdvLmNvbnRyaWIuYXV0aC5iYWNrZW5k\ncy5Nb2RlbEJhY2tlbmRxA1UNX2F1dGhfdXNlcl9pZHEEigECdS4yNDMzMjBhMjQzYjZiYmYxMDQw\nZmVjZWZhNDdlMjkxOQ==\n','2009-07-24 16:20:48'),('da86560d58b029305ec998f1798f0710','gAJ9cQEoVQRhcmVhcQJdcQMoWAkAAADljJfkuqzluIJxBFgJAAAA5aSp5rSl5biCcQVYCQAAAOay\ns+WMl+ecgXEGWAkAAADlsbHopb/nnIFxB1gSAAAA5YaF6JKZ5Y+k6Ieq5rK75Yy6cQhYCQAAAOi+\nveWugeecgXEJWAkAAADlkInmnpfnnIFxClgMAAAA6buR6b6Z5rGf55yBcQtYCQAAAOS4iua1t+W4\ngnEMWAkAAADmsZ/oi4/nnIFxDVgJAAAA5rWZ5rGf55yBcQ5YCQAAAOWuieW+veecgXEPWAkAAADn\npo/lu7rnnIFxEFgJAAAA5rGf6KW/55yBcRFYCQAAAOWxseS4nOecgXESWAkAAADmsrPljZfnnIFx\nE1gJAAAA5rmW5YyX55yBcRRYCQAAAOa5luWNl+ecgXEVWAkAAADlub/kuJznnIFxFlgVAAAA5bm/\n6KW/5aOu5peP6Ieq5rK75Yy6cRdYCQAAAOa1t+WNl+ecgXEYWAkAAADph43luobluIJxGVgJAAAA\n5Zub5bed55yBcRpYCQAAAOi0teW3nuecgXEbWAkAAADkupHljZfnnIFxHFgPAAAA6KW/6JeP6Ieq\n5rK75Yy6cR1YCQAAAOmZleilv+ecgXEeWAkAAADnlJjogoPnnIFxH1gJAAAA6Z2S5rW355yBcSBY\nFQAAAOWugeWkj+WbnuaXj+iHquayu+WMunEhWBgAAADmlrDnlobnu7TlkL7lsJToh6rmsrvljLpx\nImVVDV9hdXRoX3VzZXJfaWRxI4oBBFUSX2F1dGhfdXNlcl9iYWNrZW5kcSRVKWRqYW5nby5jb250\ncmliLmF1dGguYmFja2VuZHMuTW9kZWxCYWNrZW5kcSVVBHZpZXdxJn1xJ1UJS1BJ5oql6KGocShd\ncSkoXXEqKFgVAAAAS1BJ5p+l6K+i5qyh5pWw5oyH5qCHcSuKAQmKAQqKAQtlXXEsKFgSAAAAS1BJ\n55So5oi35pWw5oyH5qCHcS2KAQyKAQ2KAQ5lXXEuKFgbAAAAS1BJ57Sv6K6h5p+l6K+i5qyh5pWw\n5oyH5qCHcS+KAQ+KARBlXXEwKFgeAAAAS1BJ57Sv6K6h5ZWG5peF55So5oi35pWw5oyH5qCHcTGK\nARGKARJlXXEyKFgYAAAAS1BJ57Sv6K6h5ZWG5peF5Lia5Yqh6YePcTOKAROKARRlXXE0KFgkAAAA\nS1BJ57Sv6K6h5L+h5oGv5p+l6K+i55So5oi35pWw5oyH5qCHcTWKARWKARZlXXE2KFgYAAAAS1BJ\n57Sv6K6h55So5oi35pWw5oyH5qCHcTeKAReKARhlXXE4KFgeAAAAS1BJ5L+h5oGv5p+l6K+i55So\n5oi35pWw5oyH5qCHcTmKARmKARqKARtlXXE6KFgYAAAAS1BJ5ZWG5peF55So5oi35pWw5oyH5qCH\ncTuKARyKAR2KAR5lXXE8KFgbAAAAS1BJ6K+t6Z+z5ZCO5ZCR6ZSA5ZSu5oyH5qCHcT2KAR+KASCK\nASFlXXE+KFgYAAAAS1BJ5ZWG5peF5Lia5Yqh6YeP5oyH5qCHcT+KASKKASOKASRlXXFAKFgVAAAA\nS1BJ55Sf5rS75pKt5oql5oyH5qCHcUGKASWKASaKASdlXXFCKFgVAAAAS1BJ5YmN5ZCR5Lia5Yqh\n5oyH5qCHcUOKASmKASplXXFEKFggAAAAS1BJ5YmN5ZCR5Lia5Yqh5oyH5qCHKOWIhuS4muWKoSlx\nRYoBLIoBLWVdcUYoWB0AAABLUEnnlJ/mtLvmkq3miqXmjIfmoIco57Sv6K6hKXFHigEuZWVzdS43\nMzRkOWI5ZGQ0ZTFjNWMzODg3YThlMWUyYTgyMjQ3Zg==\n','2009-07-24 16:57:20'),('743f542066f3fc352b96dc316075f2df','gAJ9cQEoVQRhcmVhcQJdcQMoWAkAAADljJfkuqzluIJxBFgJAAAA5aSp5rSl5biCcQVYCQAAAOay\ns+WMl+ecgXEGWAkAAADlsbHopb/nnIFxB1gSAAAA5YaF6JKZ5Y+k6Ieq5rK75Yy6cQhYCQAAAOi+\nveWugeecgXEJWAkAAADlkInmnpfnnIFxClgMAAAA6buR6b6Z5rGf55yBcQtYCQAAAOS4iua1t+W4\ngnEMWAkAAADmsZ/oi4/nnIFxDVgJAAAA5rWZ5rGf55yBcQ5YCQAAAOWuieW+veecgXEPWAkAAADn\npo/lu7rnnIFxEFgJAAAA5rGf6KW/55yBcRFYCQAAAOWxseS4nOecgXESWAkAAADmsrPljZfnnIFx\nE1gJAAAA5rmW5YyX55yBcRRYCQAAAOa5luWNl+ecgXEVWAkAAADlub/kuJznnIFxFlgVAAAA5bm/\n6KW/5aOu5peP6Ieq5rK75Yy6cRdYCQAAAOa1t+WNl+ecgXEYWAkAAADph43luobluIJxGVgJAAAA\n5Zub5bed55yBcRpYCQAAAOi0teW3nuecgXEbWAkAAADkupHljZfnnIFxHFgPAAAA6KW/6JeP6Ieq\n5rK75Yy6cR1YCQAAAOmZleilv+ecgXEeWAkAAADnlJjogoPnnIFxH1gJAAAA6Z2S5rW355yBcSBY\nFQAAAOWugeWkj+WbnuaXj+iHquayu+WMunEhWBgAAADmlrDnlobnu7TlkL7lsJToh6rmsrvljLpx\nImVVDV9hdXRoX3VzZXJfaWRxI4oBBFUSX2F1dGhfdXNlcl9iYWNrZW5kcSRVKWRqYW5nby5jb250\ncmliLmF1dGguYmFja2VuZHMuTW9kZWxCYWNrZW5kcSVVBHZpZXdxJn1xJ1UJS1BJ5oql6KGocShd\ncSkoXXEqKFgVAAAAS1BJ5p+l6K+i5qyh5pWw5oyH5qCHcSuKAQmKAQqKAQtlXXEsKFgSAAAAS1BJ\n55So5oi35pWw5oyH5qCHcS2KAQyKAQ2KAQ5lXXEuKFgbAAAAS1BJ57Sv6K6h5p+l6K+i5qyh5pWw\n5oyH5qCHcS+KAQ+KARBlXXEwKFgeAAAAS1BJ57Sv6K6h5ZWG5peF55So5oi35pWw5oyH5qCHcTGK\nARGKARJlXXEyKFgYAAAAS1BJ57Sv6K6h5ZWG5peF5Lia5Yqh6YePcTOKAROKARRlXXE0KFgkAAAA\nS1BJ57Sv6K6h5L+h5oGv5p+l6K+i55So5oi35pWw5oyH5qCHcTWKARWKARZlXXE2KFgYAAAAS1BJ\n57Sv6K6h55So5oi35pWw5oyH5qCHcTeKAReKARhlXXE4KFgeAAAAS1BJ5L+h5oGv5p+l6K+i55So\n5oi35pWw5oyH5qCHcTmKARmKARqKARtlXXE6KFgYAAAAS1BJ5ZWG5peF55So5oi35pWw5oyH5qCH\ncTuKARyKAR2KAR5lXXE8KFgbAAAAS1BJ6K+t6Z+z5ZCO5ZCR6ZSA5ZSu5oyH5qCHcT2KAR+KASCK\nASFlXXE+KFgYAAAAS1BJ5ZWG5peF5Lia5Yqh6YeP5oyH5qCHcT+KASKKASOKASRlXXFAKFgVAAAA\nS1BJ55Sf5rS75pKt5oql5oyH5qCHcUGKASWKASdlZXN1LjIwMGE1MGFjY2M0N2U3NmM5ZWFjYmM1\nZDU4ZTgyYjIw\n','2009-08-03 08:57:42'),('a02a8e518f15cb97d62d5d3c648b9047','gAJ9cQEoVQRhcmVhcQJdcQMoWAkAAADljJfkuqzluIJxBFgJAAAA5aSp5rSl5biCcQVYCQAAAOay\ns+WMl+ecgXEGWAkAAADlsbHopb/nnIFxB1gSAAAA5YaF6JKZ5Y+k6Ieq5rK75Yy6cQhYCQAAAOi+\nveWugeecgXEJWAkAAADlkInmnpfnnIFxClgMAAAA6buR6b6Z5rGf55yBcQtYCQAAAOS4iua1t+W4\ngnEMWAkAAADmsZ/oi4/nnIFxDVgJAAAA5rWZ5rGf55yBcQ5YCQAAAOWuieW+veecgXEPWAkAAADn\npo/lu7rnnIFxEFgJAAAA5rGf6KW/55yBcRFYCQAAAOWxseS4nOecgXESWAkAAADmsrPljZfnnIFx\nE1gJAAAA5rmW5YyX55yBcRRYCQAAAOa5luWNl+ecgXEVWAkAAADlub/kuJznnIFxFlgVAAAA5bm/\n6KW/5aOu5peP6Ieq5rK75Yy6cRdYCQAAAOa1t+WNl+ecgXEYWAkAAADph43luobluIJxGVgJAAAA\n5Zub5bed55yBcRpYCQAAAOi0teW3nuecgXEbWAkAAADkupHljZfnnIFxHFgPAAAA6KW/6JeP6Ieq\n5rK75Yy6cR1YCQAAAOmZleilv+ecgXEeWAkAAADnlJjogoPnnIFxH1gJAAAA6Z2S5rW355yBcSBY\nFQAAAOWugeWkj+WbnuaXj+iHquayu+WMunEhWBgAAADmlrDnlobnu7TlkL7lsJToh6rmsrvljLpx\nImVVCnRlc3Rjb29raWVxI1UGd29ya2VkcSRVDV9hdXRoX3VzZXJfaWRxJYoBAlUSX2F1dGhfdXNl\ncl9iYWNrZW5kcSZVKWRqYW5nby5jb250cmliLmF1dGguYmFja2VuZHMuTW9kZWxCYWNrZW5kcSdV\nBHZpZXdxKH1xKVUJS1BJ5oql6KGocSpdcSsoXXEsKFgVAAAAS1BJ5p+l6K+i5qyh5pWw5oyH5qCH\ncS2KAQmKAQqKAQtlXXEuKFgSAAAAS1BJ55So5oi35pWw5oyH5qCHcS+KAQyKAQ2KAQ5lXXEwKFgb\nAAAAS1BJ57Sv6K6h5p+l6K+i5qyh5pWw5oyH5qCHcTGKAQ+KARBlXXEyKFgeAAAAS1BJ57Sv6K6h\n5ZWG5peF55So5oi35pWw5oyH5qCHcTOKARGKARJlXXE0KFgYAAAAS1BJ57Sv6K6h5ZWG5peF5Lia\n5Yqh6YePcTWKAROKARRlXXE2KFgkAAAAS1BJ57Sv6K6h5L+h5oGv5p+l6K+i55So5oi35pWw5oyH\n5qCHcTeKARWKARZlXXE4KFgYAAAAS1BJ57Sv6K6h55So5oi35pWw5oyH5qCHcTmKAReKARhlXXE6\nKFgeAAAAS1BJ5L+h5oGv5p+l6K+i55So5oi35pWw5oyH5qCHcTuKARmKARqKARtlXXE8KFgYAAAA\nS1BJ5ZWG5peF55So5oi35pWw5oyH5qCHcT2KARyKAR2KAR5lXXE+KFgbAAAAS1BJ6K+t6Z+z5ZCO\n5ZCR6ZSA5ZSu5oyH5qCHcT+KAR+KASCKASFlXXFAKFgYAAAAS1BJ5ZWG5peF5Lia5Yqh6YeP5oyH\n5qCHcUGKASKKASOKASRlXXFCKFgVAAAAS1BJ55Sf5rS75pKt5oql5oyH5qCHcUOKASWKASaKASdl\nXXFEKFgVAAAAS1BJ5YmN5ZCR5Lia5Yqh5oyH5qCHcUWKASmKASplXXFGKFggAAAAS1BJ5YmN5ZCR\n5Lia5Yqh5oyH5qCHKOWIhuS4muWKoSlxR4oBLIoBLWVdcUgoWB0AAABLUEnnlJ/mtLvmkq3miqXm\njIfmoIco57Sv6K6hKXFJigEuZWVzdS5hNTFjNDgzMDk0YjJjNmRlNTZmNWI1OWI0YzU5NTQxOQ==\n','2009-07-24 17:05:26'),('a3e7e63de29934609fa12394451609e5','gAJ9cQEoVRJfYXV0aF91c2VyX2JhY2tlbmRxAlUpZGphbmdvLmNvbnRyaWIuYXV0aC5iYWNrZW5k\ncy5Nb2RlbEJhY2tlbmRxA1UNX2F1dGhfdXNlcl9pZHEEigECdS4yNDMzMjBhMjQzYjZiYmYxMDQw\nZmVjZWZhNDdlMjkxOQ==\n','2009-07-24 16:59:55'),('01199e77df415ac674962fa2877e58a6','gAJ9cQEoVQRhcmVhcQJdcQMoWAkAAADljJfkuqzluIJxBFgJAAAA5aSp5rSl5biCcQVYCQAAAOay\ns+WMl+ecgXEGWAkAAADlsbHopb/nnIFxB1gSAAAA5YaF6JKZ5Y+k6Ieq5rK75Yy6cQhYCQAAAOi+\nveWugeecgXEJWAkAAADlkInmnpfnnIFxClgMAAAA6buR6b6Z5rGf55yBcQtYCQAAAOS4iua1t+W4\ngnEMWAkAAADmsZ/oi4/nnIFxDVgJAAAA5rWZ5rGf55yBcQ5YCQAAAOWuieW+veecgXEPWAkAAADn\npo/lu7rnnIFxEFgJAAAA5rGf6KW/55yBcRFYCQAAAOWxseS4nOecgXESWAkAAADmsrPljZfnnIFx\nE1gJAAAA5rmW5YyX55yBcRRYCQAAAOa5luWNl+ecgXEVWAkAAADlub/kuJznnIFxFlgVAAAA5bm/\n6KW/5aOu5peP6Ieq5rK75Yy6cRdYCQAAAOa1t+WNl+ecgXEYWAkAAADph43luobluIJxGVgJAAAA\n5Zub5bed55yBcRpYCQAAAOi0teW3nuecgXEbWAkAAADkupHljZfnnIFxHFgPAAAA6KW/6JeP6Ieq\n5rK75Yy6cR1YCQAAAOmZleilv+ecgXEeWAkAAADnlJjogoPnnIFxH1gJAAAA6Z2S5rW355yBcSBY\nFQAAAOWugeWkj+WbnuaXj+iHquayu+WMunEhWBgAAADmlrDnlobnu7TlkL7lsJToh6rmsrvljLpx\nImVVDV9hdXRoX3VzZXJfaWRxI4oBBFUSX2F1dGhfdXNlcl9iYWNrZW5kcSRVKWRqYW5nby5jb250\ncmliLmF1dGguYmFja2VuZHMuTW9kZWxCYWNrZW5kcSVVBHZpZXdxJn1xJ1UJS1BJ5oql6KGocShd\ncSkoXXEqKFgVAAAAS1BJ5p+l6K+i5qyh5pWw5oyH5qCHcSuKAQmKAQqKAQtlXXEsKFgSAAAAS1BJ\n55So5oi35pWw5oyH5qCHcS2KAQyKAQ2KAQ5lXXEuKFgbAAAAS1BJ57Sv6K6h5p+l6K+i5qyh5pWw\n5oyH5qCHcS+KAQ+KARBlXXEwKFgeAAAAS1BJ57Sv6K6h5ZWG5peF55So5oi35pWw5oyH5qCHcTGK\nARGKARJlXXEyKFgYAAAAS1BJ57Sv6K6h5ZWG5peF5Lia5Yqh6YePcTOKAROKARRlXXE0KFgkAAAA\nS1BJ57Sv6K6h5L+h5oGv5p+l6K+i55So5oi35pWw5oyH5qCHcTWKARWKARZlXXE2KFgYAAAAS1BJ\n57Sv6K6h55So5oi35pWw5oyH5qCHcTeKAReKARhlXXE4KFgeAAAAS1BJ5L+h5oGv5p+l6K+i55So\n5oi35pWw5oyH5qCHcTmKARmKARqKARtlXXE6KFgYAAAAS1BJ5ZWG5peF55So5oi35pWw5oyH5qCH\ncTuKARyKAR2KAR5lXXE8KFgbAAAAS1BJ6K+t6Z+z5ZCO5ZCR6ZSA5ZSu5oyH5qCHcT2KAR+KASCK\nASFlXXE+KFgYAAAAS1BJ5ZWG5peF5Lia5Yqh6YeP5oyH5qCHcT+KASKKASOKASRlXXFAKFgVAAAA\nS1BJ55Sf5rS75pKt5oql5oyH5qCHcUGKASWKASaKASdlXXFCKFgVAAAAS1BJ5YmN5ZCR5Lia5Yqh\n5oyH5qCHcUOKASmKASplXXFEKFggAAAAS1BJ5YmN5ZCR5Lia5Yqh5oyH5qCHKOWIhuS4muWKoSlx\nRYoBLIoBLWVdcUYoWB0AAABLUEnnlJ/mtLvmkq3miqXmjIfmoIco57Sv6K6hKXFHigEuZWVzdS43\nMzRkOWI5ZGQ0ZTFjNWMzODg3YThlMWUyYTgyMjQ3Zg==\n','2009-07-27 09:28:29'),('e7dc44a9ee55439a29eef2c17ce75d6c','gAJ9cQEoVQRhcmVhcQJdcQMoWAkAAADljJfkuqzluIJxBFgJAAAA5aSp5rSl5biCcQVYCQAAAOay\ns+WMl+ecgXEGWAkAAADlsbHopb/nnIFxB1gSAAAA5YaF6JKZ5Y+k6Ieq5rK75Yy6cQhYCQAAAOi+\nveWugeecgXEJWAkAAADlkInmnpfnnIFxClgMAAAA6buR6b6Z5rGf55yBcQtYCQAAAOS4iua1t+W4\ngnEMWAkAAADmsZ/oi4/nnIFxDVgJAAAA5rWZ5rGf55yBcQ5YCQAAAOWuieW+veecgXEPWAkAAADn\npo/lu7rnnIFxEFgJAAAA5rGf6KW/55yBcRFYCQAAAOWxseS4nOecgXESWAkAAADmsrPljZfnnIFx\nE1gJAAAA5rmW5YyX55yBcRRYCQAAAOa5luWNl+ecgXEVWAkAAADlub/kuJznnIFxFlgVAAAA5bm/\n6KW/5aOu5peP6Ieq5rK75Yy6cRdYCQAAAOa1t+WNl+ecgXEYWAkAAADph43luobluIJxGVgJAAAA\n5Zub5bed55yBcRpYCQAAAOi0teW3nuecgXEbWAkAAADkupHljZfnnIFxHFgPAAAA6KW/6JeP6Ieq\n5rK75Yy6cR1YCQAAAOmZleilv+ecgXEeWAkAAADnlJjogoPnnIFxH1gJAAAA6Z2S5rW355yBcSBY\nFQAAAOWugeWkj+WbnuaXj+iHquayu+WMunEhWBgAAADmlrDnlobnu7TlkL7lsJToh6rmsrvljLpx\nImVVDV9hdXRoX3VzZXJfaWRxI4oBBVUSX2F1dGhfdXNlcl9iYWNrZW5kcSRVKWRqYW5nby5jb250\ncmliLmF1dGguYmFja2VuZHMuTW9kZWxCYWNrZW5kcSVVBHZpZXdxJn1xJ1UJS1BJ5oql6KGocShd\ncSkoXXEqKFgVAAAAS1BJ5p+l6K+i5qyh5pWw5oyH5qCHcSuKAQmKAQqKAQtlXXEsKFgSAAAAS1BJ\n55So5oi35pWw5oyH5qCHcS2KAQyKAQ2KAQ5lXXEuKFgbAAAAS1BJ57Sv6K6h5p+l6K+i5qyh5pWw\n5oyH5qCHcS+KAQ+KARBlXXEwKFgeAAAAS1BJ57Sv6K6h5ZWG5peF55So5oi35pWw5oyH5qCHcTGK\nARGKARJlXXEyKFgYAAAAS1BJ57Sv6K6h5ZWG5peF5Lia5Yqh6YePcTOKAROKARRlXXE0KFgkAAAA\nS1BJ57Sv6K6h5L+h5oGv5p+l6K+i55So5oi35pWw5oyH5qCHcTWKARWKARZlXXE2KFgYAAAAS1BJ\n57Sv6K6h55So5oi35pWw5oyH5qCHcTeKAReKARhlXXE4KFgeAAAAS1BJ5L+h5oGv5p+l6K+i55So\n5oi35pWw5oyH5qCHcTmKARmKARqKARtlXXE6KFgYAAAAS1BJ5ZWG5peF55So5oi35pWw5oyH5qCH\ncTuKARyKAR2KAR5lXXE8KFgbAAAAS1BJ6K+t6Z+z5ZCO5ZCR6ZSA5ZSu5oyH5qCHcT2KAR+KASCK\nASFlXXE+KFgYAAAAS1BJ5ZWG5peF5Lia5Yqh6YeP5oyH5qCHcT+KASKKASOKASRlXXFAKFgVAAAA\nS1BJ55Sf5rS75pKt5oql5oyH5qCHcUGKASWKASaKASdlXXFCKFgVAAAAS1BJ5YmN5ZCR5Lia5Yqh\n5oyH5qCHcUOKASmKASplXXFEKFggAAAAS1BJ5YmN5ZCR5Lia5Yqh5oyH5qCHKOWIhuS4muWKoSlx\nRYoBLIoBLWVdcUYoWB0AAABLUEnnlJ/mtLvmkq3miqXmjIfmoIco57Sv6K6hKXFHigEuZWVzdS4w\nOTk5OWUyM2E3Y2Q0ZTM3ZDM4YmQyNWYwNzI2Y2E4Yw==\n','2009-07-27 09:29:59'),('a5e46beeab366ef6ef08a6cbdeb38092','gAJ9cQEoVQRhcmVhcQJdcQMoWAkAAADljJfkuqzluIJxBFgJAAAA5aSp5rSl5biCcQVYCQAAAOay\ns+WMl+ecgXEGWAkAAADlsbHopb/nnIFxB1gSAAAA5YaF6JKZ5Y+k6Ieq5rK75Yy6cQhYCQAAAOi+\nveWugeecgXEJWAkAAADlkInmnpfnnIFxClgMAAAA6buR6b6Z5rGf55yBcQtYCQAAAOS4iua1t+W4\ngnEMWAkAAADmsZ/oi4/nnIFxDVgJAAAA5rWZ5rGf55yBcQ5YCQAAAOWuieW+veecgXEPWAkAAADn\npo/lu7rnnIFxEFgJAAAA5rGf6KW/55yBcRFYCQAAAOWxseS4nOecgXESWAkAAADmsrPljZfnnIFx\nE1gJAAAA5rmW5YyX55yBcRRYCQAAAOa5luWNl+ecgXEVWAkAAADlub/kuJznnIFxFlgVAAAA5bm/\n6KW/5aOu5peP6Ieq5rK75Yy6cRdYCQAAAOa1t+WNl+ecgXEYWAkAAADph43luobluIJxGVgJAAAA\n5Zub5bed55yBcRpYCQAAAOi0teW3nuecgXEbWAkAAADkupHljZfnnIFxHFgPAAAA6KW/6JeP6Ieq\n5rK75Yy6cR1YCQAAAOmZleilv+ecgXEeWAkAAADnlJjogoPnnIFxH1gJAAAA6Z2S5rW355yBcSBY\nFQAAAOWugeWkj+WbnuaXj+iHquayu+WMunEhWBgAAADmlrDnlobnu7TlkL7lsJToh6rmsrvljLpx\nImVVDV9hdXRoX3VzZXJfaWRxI4oBBVUSX2F1dGhfdXNlcl9iYWNrZW5kcSRVKWRqYW5nby5jb250\ncmliLmF1dGguYmFja2VuZHMuTW9kZWxCYWNrZW5kcSVVBHZpZXdxJn1xJ1UJS1BJ5oql6KGocShd\ncSkoXXEqKFgVAAAAS1BJ5p+l6K+i5qyh5pWw5oyH5qCHcSuKAQmKAQqKAQtlXXEsKFgSAAAAS1BJ\n55So5oi35pWw5oyH5qCHcS2KAQyKAQ2KAQ5lXXEuKFgbAAAAS1BJ57Sv6K6h5p+l6K+i5qyh5pWw\n5oyH5qCHcS+KAQ+KARBlXXEwKFgeAAAAS1BJ57Sv6K6h5ZWG5peF55So5oi35pWw5oyH5qCHcTGK\nARGKARJlXXEyKFgYAAAAS1BJ57Sv6K6h5ZWG5peF5Lia5Yqh6YePcTOKAROKARRlXXE0KFgkAAAA\nS1BJ57Sv6K6h5L+h5oGv5p+l6K+i55So5oi35pWw5oyH5qCHcTWKARWKARZlXXE2KFgYAAAAS1BJ\n57Sv6K6h55So5oi35pWw5oyH5qCHcTeKAReKARhlXXE4KFgeAAAAS1BJ5L+h5oGv5p+l6K+i55So\n5oi35pWw5oyH5qCHcTmKARmKARqKARtlXXE6KFgYAAAAS1BJ5ZWG5peF55So5oi35pWw5oyH5qCH\ncTuKARyKAR2KAR5lXXE8KFgbAAAAS1BJ6K+t6Z+z5ZCO5ZCR6ZSA5ZSu5oyH5qCHcT2KAR+KASCK\nASFlXXE+KFgYAAAAS1BJ5ZWG5peF5Lia5Yqh6YeP5oyH5qCHcT+KASKKASOKASRlXXFAKFgVAAAA\nS1BJ55Sf5rS75pKt5oql5oyH5qCHcUGKASWKASaKASdlXXFCKFgVAAAAS1BJ5YmN5ZCR5Lia5Yqh\n5oyH5qCHcUOKASmKASplXXFEKFggAAAAS1BJ5YmN5ZCR5Lia5Yqh5oyH5qCHKOWIhuS4muWKoSlx\nRYoBLIoBLWVdcUYoWB0AAABLUEnnlJ/mtLvmkq3miqXmjIfmoIco57Sv6K6hKXFHigEuZWVzdS4w\nOTk5OWUyM2E3Y2Q0ZTM3ZDM4YmQyNWYwNzI2Y2E4Yw==\n','2009-07-27 09:30:19'),('c0efcccf6882841be0a6569ca58b8272','gAJ9cQEoVQRhcmVhcQJdcQMoWAkAAADljJfkuqzluIJxBFgJAAAA5aSp5rSl5biCcQVYCQAAAOay\ns+WMl+ecgXEGWAkAAADlsbHopb/nnIFxB1gSAAAA5YaF6JKZ5Y+k6Ieq5rK75Yy6cQhYCQAAAOi+\nveWugeecgXEJWAkAAADlkInmnpfnnIFxClgMAAAA6buR6b6Z5rGf55yBcQtYCQAAAOS4iua1t+W4\ngnEMWAkAAADmsZ/oi4/nnIFxDVgJAAAA5rWZ5rGf55yBcQ5YCQAAAOWuieW+veecgXEPWAkAAADn\npo/lu7rnnIFxEFgJAAAA5rGf6KW/55yBcRFYCQAAAOWxseS4nOecgXESWAkAAADmsrPljZfnnIFx\nE1gJAAAA5rmW5YyX55yBcRRYCQAAAOa5luWNl+ecgXEVWAkAAADlub/kuJznnIFxFlgVAAAA5bm/\n6KW/5aOu5peP6Ieq5rK75Yy6cRdYCQAAAOa1t+WNl+ecgXEYWAkAAADph43luobluIJxGVgJAAAA\n5Zub5bed55yBcRpYCQAAAOi0teW3nuecgXEbWAkAAADkupHljZfnnIFxHFgPAAAA6KW/6JeP6Ieq\n5rK75Yy6cR1YCQAAAOmZleilv+ecgXEeWAkAAADnlJjogoPnnIFxH1gJAAAA6Z2S5rW355yBcSBY\nFQAAAOWugeWkj+WbnuaXj+iHquayu+WMunEhWBgAAADmlrDnlobnu7TlkL7lsJToh6rmsrvljLpx\nImVVDV9hdXRoX3VzZXJfaWRxI4oBBFUSX2F1dGhfdXNlcl9iYWNrZW5kcSRVKWRqYW5nby5jb250\ncmliLmF1dGguYmFja2VuZHMuTW9kZWxCYWNrZW5kcSVVBHZpZXdxJn1xJ1UJS1BJ5oql6KGocShd\ncSkoXXEqKFgVAAAAS1BJ5p+l6K+i5qyh5pWw5oyH5qCHcSuKAQmKAQqKAQtlXXEsKFgSAAAAS1BJ\n55So5oi35pWw5oyH5qCHcS2KAQyKAQ2KAQ5lXXEuKFgbAAAAS1BJ57Sv6K6h5p+l6K+i5qyh5pWw\n5oyH5qCHcS+KAQ+KARBlXXEwKFgeAAAAS1BJ57Sv6K6h5ZWG5peF55So5oi35pWw5oyH5qCHcTGK\nARGKARJlXXEyKFgYAAAAS1BJ57Sv6K6h5ZWG5peF5Lia5Yqh6YePcTOKAROKARRlXXE0KFgkAAAA\nS1BJ57Sv6K6h5L+h5oGv5p+l6K+i55So5oi35pWw5oyH5qCHcTWKARWKARZlXXE2KFgYAAAAS1BJ\n57Sv6K6h55So5oi35pWw5oyH5qCHcTeKAReKARhlXXE4KFgeAAAAS1BJ5L+h5oGv5p+l6K+i55So\n5oi35pWw5oyH5qCHcTmKARmKARqKARtlXXE6KFgYAAAAS1BJ5ZWG5peF55So5oi35pWw5oyH5qCH\ncTuKARyKAR2KAR5lXXE8KFgbAAAAS1BJ6K+t6Z+z5ZCO5ZCR6ZSA5ZSu5oyH5qCHcT2KAR+KASCK\nASFlXXE+KFgYAAAAS1BJ5ZWG5peF5Lia5Yqh6YeP5oyH5qCHcT+KASKKASOKASRlXXFAKFgVAAAA\nS1BJ55Sf5rS75pKt5oql5oyH5qCHcUGKASWKASaKASdlXXFCKFgVAAAAS1BJ5YmN5ZCR5Lia5Yqh\n5oyH5qCHcUOKASmKASplXXFEKFggAAAAS1BJ5YmN5ZCR5Lia5Yqh5oyH5qCHKOWIhuS4muWKoSlx\nRYoBLIoBLWVdcUYoWB0AAABLUEnnlJ/mtLvmkq3miqXmjIfmoIco57Sv6K6hKXFHigEuZWVzdS43\nMzRkOWI5ZGQ0ZTFjNWMzODg3YThlMWUyYTgyMjQ3Zg==\n','2009-07-27 10:02:53'),('91ca0b7760699d38871abc74890d0457','gAJ9cQEoVQRhcmVhcQJdcQMoWAkAAADljJfkuqzluIJxBFgJAAAA5aSp5rSl5biCcQVYCQAAAOay\ns+WMl+ecgXEGWAkAAADlsbHopb/nnIFxB1gSAAAA5YaF6JKZ5Y+k6Ieq5rK75Yy6cQhYCQAAAOi+\nveWugeecgXEJWAkAAADlkInmnpfnnIFxClgMAAAA6buR6b6Z5rGf55yBcQtYCQAAAOS4iua1t+W4\ngnEMWAkAAADmsZ/oi4/nnIFxDVgJAAAA5rWZ5rGf55yBcQ5YCQAAAOWuieW+veecgXEPWAkAAADn\npo/lu7rnnIFxEFgJAAAA5rGf6KW/55yBcRFYCQAAAOWxseS4nOecgXESWAkAAADmsrPljZfnnIFx\nE1gJAAAA5rmW5YyX55yBcRRYCQAAAOa5luWNl+ecgXEVWAkAAADlub/kuJznnIFxFlgVAAAA5bm/\n6KW/5aOu5peP6Ieq5rK75Yy6cRdYCQAAAOa1t+WNl+ecgXEYWAkAAADph43luobluIJxGVgJAAAA\n5Zub5bed55yBcRpYCQAAAOi0teW3nuecgXEbWAkAAADkupHljZfnnIFxHFgPAAAA6KW/6JeP6Ieq\n5rK75Yy6cR1YCQAAAOmZleilv+ecgXEeWAkAAADnlJjogoPnnIFxH1gJAAAA6Z2S5rW355yBcSBY\nFQAAAOWugeWkj+WbnuaXj+iHquayu+WMunEhWBgAAADmlrDnlobnu7TlkL7lsJToh6rmsrvljLpx\nImVVDV9hdXRoX3VzZXJfaWRxI4oBBlUSX2F1dGhfdXNlcl9iYWNrZW5kcSRVKWRqYW5nby5jb250\ncmliLmF1dGguYmFja2VuZHMuTW9kZWxCYWNrZW5kcSVVBHZpZXdxJn1xJ1UJS1BJ5oql6KGocShd\ncSkoXXEqKFgVAAAAS1BJ5p+l6K+i5qyh5pWw5oyH5qCHcSuKAQmKAQqKAQtlXXEsKFgSAAAAS1BJ\n55So5oi35pWw5oyH5qCHcS2KAQyKAQ2KAQ5lXXEuKFgbAAAAS1BJ57Sv6K6h5p+l6K+i5qyh5pWw\n5oyH5qCHcS+KAQ+KARBlXXEwKFgeAAAAS1BJ57Sv6K6h5ZWG5peF55So5oi35pWw5oyH5qCHcTGK\nARGKARJlXXEyKFgYAAAAS1BJ57Sv6K6h5ZWG5peF5Lia5Yqh6YePcTOKAROKARRlXXE0KFgkAAAA\nS1BJ57Sv6K6h5L+h5oGv5p+l6K+i55So5oi35pWw5oyH5qCHcTWKARWKARZlXXE2KFgYAAAAS1BJ\n57Sv6K6h55So5oi35pWw5oyH5qCHcTeKAReKARhlXXE4KFgeAAAAS1BJ5L+h5oGv5p+l6K+i55So\n5oi35pWw5oyH5qCHcTmKARmKARqKARtlXXE6KFgYAAAAS1BJ5ZWG5peF55So5oi35pWw5oyH5qCH\ncTuKARyKAR2KAR5lXXE8KFgbAAAAS1BJ6K+t6Z+z5ZCO5ZCR6ZSA5ZSu5oyH5qCHcT2KAR+KASCK\nASFlXXE+KFgYAAAAS1BJ5ZWG5peF5Lia5Yqh6YeP5oyH5qCHcT+KASKKASOKASRlXXFAKFgVAAAA\nS1BJ55Sf5rS75pKt5oql5oyH5qCHcUGKASWKASaKASdlXXFCKFgVAAAAS1BJ5YmN5ZCR5Lia5Yqh\n5oyH5qCHcUOKASmKASplXXFEKFggAAAAS1BJ5YmN5ZCR5Lia5Yqh5oyH5qCHKOWIhuS4muWKoSlx\nRYoBLIoBLWVdcUYoWB0AAABLUEnnlJ/mtLvmkq3miqXmjIfmoIco57Sv6K6hKXFHigEuZWVzdS4w\nMjU3ZGQ1MDk0MGNkOTNlN2Q5MDU0ZWFhNjczODg4MA==\n','2009-07-27 10:16:18'),('3151770e9b82facb31225a4a94abdf83','gAJ9cQEoVQRhcmVhcQJdcQMoWAkAAADljJfkuqzluIJxBFgJAAAA5aSp5rSl5biCcQVYCQAAAOay\ns+WMl+ecgXEGWAkAAADlsbHopb/nnIFxB1gSAAAA5YaF6JKZ5Y+k6Ieq5rK75Yy6cQhYCQAAAOi+\nveWugeecgXEJWAkAAADlkInmnpfnnIFxClgMAAAA6buR6b6Z5rGf55yBcQtYCQAAAOS4iua1t+W4\ngnEMWAkAAADmsZ/oi4/nnIFxDVgJAAAA5rWZ5rGf55yBcQ5YCQAAAOWuieW+veecgXEPWAkAAADn\npo/lu7rnnIFxEFgJAAAA5rGf6KW/55yBcRFYCQAAAOWxseS4nOecgXESWAkAAADmsrPljZfnnIFx\nE1gJAAAA5rmW5YyX55yBcRRYCQAAAOa5luWNl+ecgXEVWAkAAADlub/kuJznnIFxFlgVAAAA5bm/\n6KW/5aOu5peP6Ieq5rK75Yy6cRdYCQAAAOa1t+WNl+ecgXEYWAkAAADph43luobluIJxGVgJAAAA\n5Zub5bed55yBcRpYCQAAAOi0teW3nuecgXEbWAkAAADkupHljZfnnIFxHFgPAAAA6KW/6JeP6Ieq\n5rK75Yy6cR1YCQAAAOmZleilv+ecgXEeWAkAAADnlJjogoPnnIFxH1gJAAAA6Z2S5rW355yBcSBY\nFQAAAOWugeWkj+WbnuaXj+iHquayu+WMunEhWBgAAADmlrDnlobnu7TlkL7lsJToh6rmsrvljLpx\nImVVDV9hdXRoX3VzZXJfaWRxI4oBBlUSX2F1dGhfdXNlcl9iYWNrZW5kcSRVKWRqYW5nby5jb250\ncmliLmF1dGguYmFja2VuZHMuTW9kZWxCYWNrZW5kcSVVBHZpZXdxJn1xJ1UJS1BJ5oql6KGocShd\ncSkoXXEqKFgVAAAAS1BJ5p+l6K+i5qyh5pWw5oyH5qCHcSuKAQmKAQqKAQtlXXEsKFgSAAAAS1BJ\n55So5oi35pWw5oyH5qCHcS2KAQyKAQ2KAQ5lXXEuKFgbAAAAS1BJ57Sv6K6h5p+l6K+i5qyh5pWw\n5oyH5qCHcS+KAQ+KARBlXXEwKFgeAAAAS1BJ57Sv6K6h5ZWG5peF55So5oi35pWw5oyH5qCHcTGK\nARGKARJlXXEyKFgYAAAAS1BJ57Sv6K6h5ZWG5peF5Lia5Yqh6YePcTOKAROKARRlXXE0KFgkAAAA\nS1BJ57Sv6K6h5L+h5oGv5p+l6K+i55So5oi35pWw5oyH5qCHcTWKARWKARZlXXE2KFgYAAAAS1BJ\n57Sv6K6h55So5oi35pWw5oyH5qCHcTeKAReKARhlXXE4KFgeAAAAS1BJ5L+h5oGv5p+l6K+i55So\n5oi35pWw5oyH5qCHcTmKARmKARqKARtlXXE6KFgYAAAAS1BJ5ZWG5peF55So5oi35pWw5oyH5qCH\ncTuKARyKAR2KAR5lXXE8KFgbAAAAS1BJ6K+t6Z+z5ZCO5ZCR6ZSA5ZSu5oyH5qCHcT2KAR+KASCK\nASFlXXE+KFgYAAAAS1BJ5ZWG5peF5Lia5Yqh6YeP5oyH5qCHcT+KASKKASOKASRlXXFAKFgVAAAA\nS1BJ55Sf5rS75pKt5oql5oyH5qCHcUGKASWKASaKASdlXXFCKFgVAAAAS1BJ5YmN5ZCR5Lia5Yqh\n5oyH5qCHcUOKASmKASplXXFEKFggAAAAS1BJ5YmN5ZCR5Lia5Yqh5oyH5qCHKOWIhuS4muWKoSlx\nRYoBLIoBLWVdcUYoWB0AAABLUEnnlJ/mtLvmkq3miqXmjIfmoIco57Sv6K6hKXFHigEuZWVzdS4w\nMjU3ZGQ1MDk0MGNkOTNlN2Q5MDU0ZWFhNjczODg4MA==\n','2009-07-27 10:16:57'),('bcb99e77a193b635b5f516e32dbf230b','gAJ9cQEoVQRhcmVhcQJdcQMoWAkAAADljJfkuqzluIJxBFgJAAAA5aSp5rSl5biCcQVYCQAAAOay\ns+WMl+ecgXEGWAkAAADlsbHopb/nnIFxB1gSAAAA5YaF6JKZ5Y+k6Ieq5rK75Yy6cQhYCQAAAOi+\nveWugeecgXEJWAkAAADlkInmnpfnnIFxClgMAAAA6buR6b6Z5rGf55yBcQtYCQAAAOS4iua1t+W4\ngnEMWAkAAADmsZ/oi4/nnIFxDVgJAAAA5rWZ5rGf55yBcQ5YCQAAAOWuieW+veecgXEPWAkAAADn\npo/lu7rnnIFxEFgJAAAA5rGf6KW/55yBcRFYCQAAAOWxseS4nOecgXESWAkAAADmsrPljZfnnIFx\nE1gJAAAA5rmW5YyX55yBcRRYCQAAAOa5luWNl+ecgXEVWAkAAADlub/kuJznnIFxFlgVAAAA5bm/\n6KW/5aOu5peP6Ieq5rK75Yy6cRdYCQAAAOa1t+WNl+ecgXEYWAkAAADph43luobluIJxGVgJAAAA\n5Zub5bed55yBcRpYCQAAAOi0teW3nuecgXEbWAkAAADkupHljZfnnIFxHFgPAAAA6KW/6JeP6Ieq\n5rK75Yy6cR1YCQAAAOmZleilv+ecgXEeWAkAAADnlJjogoPnnIFxH1gJAAAA6Z2S5rW355yBcSBY\nFQAAAOWugeWkj+WbnuaXj+iHquayu+WMunEhWBgAAADmlrDnlobnu7TlkL7lsJToh6rmsrvljLpx\nImVVDV9hdXRoX3VzZXJfaWRxI4oBBlUSX2F1dGhfdXNlcl9iYWNrZW5kcSRVKWRqYW5nby5jb250\ncmliLmF1dGguYmFja2VuZHMuTW9kZWxCYWNrZW5kcSVVBHZpZXdxJn1xJ1UJS1BJ5oql6KGocShd\ncSkoXXEqKFgVAAAAS1BJ5p+l6K+i5qyh5pWw5oyH5qCHcSuKAQmKAQqKAQtlXXEsKFgSAAAAS1BJ\n55So5oi35pWw5oyH5qCHcS2KAQyKAQ2KAQ5lXXEuKFgbAAAAS1BJ57Sv6K6h5p+l6K+i5qyh5pWw\n5oyH5qCHcS+KAQ+KARBlXXEwKFgeAAAAS1BJ57Sv6K6h5ZWG5peF55So5oi35pWw5oyH5qCHcTGK\nARGKARJlXXEyKFgYAAAAS1BJ57Sv6K6h5ZWG5peF5Lia5Yqh6YePcTOKAROKARRlXXE0KFgkAAAA\nS1BJ57Sv6K6h5L+h5oGv5p+l6K+i55So5oi35pWw5oyH5qCHcTWKARWKARZlXXE2KFgYAAAAS1BJ\n57Sv6K6h55So5oi35pWw5oyH5qCHcTeKAReKARhlXXE4KFgeAAAAS1BJ5L+h5oGv5p+l6K+i55So\n5oi35pWw5oyH5qCHcTmKARmKARqKARtlXXE6KFgYAAAAS1BJ5ZWG5peF55So5oi35pWw5oyH5qCH\ncTuKARyKAR2KAR5lXXE8KFgbAAAAS1BJ6K+t6Z+z5ZCO5ZCR6ZSA5ZSu5oyH5qCHcT2KAR+KASCK\nASFlXXE+KFgYAAAAS1BJ5ZWG5peF5Lia5Yqh6YeP5oyH5qCHcT+KASKKASOKASRlXXFAKFgVAAAA\nS1BJ55Sf5rS75pKt5oql5oyH5qCHcUGKASWKASaKASdlXXFCKFgVAAAAS1BJ5YmN5ZCR5Lia5Yqh\n5oyH5qCHcUOKASmKASplXXFEKFggAAAAS1BJ5YmN5ZCR5Lia5Yqh5oyH5qCHKOWIhuS4muWKoSlx\nRYoBLIoBLWVdcUYoWB0AAABLUEnnlJ/mtLvmkq3miqXmjIfmoIco57Sv6K6hKXFHigEuZWVzdS4w\nMjU3ZGQ1MDk0MGNkOTNlN2Q5MDU0ZWFhNjczODg4MA==\n','2009-07-27 10:34:50'),('df39c44e31cc91ffa3b6d85da4e1aba9','gAJ9cQEoVQRhcmVhcQJdcQMoWAkAAADljJfkuqzluIJxBFgJAAAA5aSp5rSl5biCcQVYCQAAAOay\ns+WMl+ecgXEGWAkAAADlsbHopb/nnIFxB1gSAAAA5YaF6JKZ5Y+k6Ieq5rK75Yy6cQhYCQAAAOi+\nveWugeecgXEJWAkAAADlkInmnpfnnIFxClgMAAAA6buR6b6Z5rGf55yBcQtYCQAAAOS4iua1t+W4\ngnEMWAkAAADmsZ/oi4/nnIFxDVgJAAAA5rWZ5rGf55yBcQ5YCQAAAOWuieW+veecgXEPWAkAAADn\npo/lu7rnnIFxEFgJAAAA5rGf6KW/55yBcRFYCQAAAOWxseS4nOecgXESWAkAAADmsrPljZfnnIFx\nE1gJAAAA5rmW5YyX55yBcRRYCQAAAOa5luWNl+ecgXEVWAkAAADlub/kuJznnIFxFlgVAAAA5bm/\n6KW/5aOu5peP6Ieq5rK75Yy6cRdYCQAAAOa1t+WNl+ecgXEYWAkAAADph43luobluIJxGVgJAAAA\n5Zub5bed55yBcRpYCQAAAOi0teW3nuecgXEbWAkAAADkupHljZfnnIFxHFgPAAAA6KW/6JeP6Ieq\n5rK75Yy6cR1YCQAAAOmZleilv+ecgXEeWAkAAADnlJjogoPnnIFxH1gJAAAA6Z2S5rW355yBcSBY\nFQAAAOWugeWkj+WbnuaXj+iHquayu+WMunEhWBgAAADmlrDnlobnu7TlkL7lsJToh6rmsrvljLpx\nImVVDV9hdXRoX3VzZXJfaWRxI4oBBFUSX2F1dGhfdXNlcl9iYWNrZW5kcSRVKWRqYW5nby5jb250\ncmliLmF1dGguYmFja2VuZHMuTW9kZWxCYWNrZW5kcSVVBHZpZXdxJn1xJ1UJS1BJ5oql6KGocShd\ncSkoXXEqKFgVAAAAS1BJ5p+l6K+i5qyh5pWw5oyH5qCHcSuKAQmKAQqKAQtlXXEsKFgSAAAAS1BJ\n55So5oi35pWw5oyH5qCHcS2KAQyKAQ2KAQ5lXXEuKFgbAAAAS1BJ57Sv6K6h5p+l6K+i5qyh5pWw\n5oyH5qCHcS+KAQ+KARBlXXEwKFgeAAAAS1BJ57Sv6K6h5ZWG5peF55So5oi35pWw5oyH5qCHcTGK\nARGKARJlXXEyKFgYAAAAS1BJ57Sv6K6h5ZWG5peF5Lia5Yqh6YePcTOKAROKARRlXXE0KFgkAAAA\nS1BJ57Sv6K6h5L+h5oGv5p+l6K+i55So5oi35pWw5oyH5qCHcTWKARWKARZlXXE2KFgYAAAAS1BJ\n57Sv6K6h55So5oi35pWw5oyH5qCHcTeKAReKARhlXXE4KFgeAAAAS1BJ5L+h5oGv5p+l6K+i55So\n5oi35pWw5oyH5qCHcTmKARmKARqKARtlXXE6KFgYAAAAS1BJ5ZWG5peF55So5oi35pWw5oyH5qCH\ncTuKARyKAR2KAR5lXXE8KFgbAAAAS1BJ6K+t6Z+z5ZCO5ZCR6ZSA5ZSu5oyH5qCHcT2KAR+KASCK\nASFlXXE+KFgYAAAAS1BJ5ZWG5peF5Lia5Yqh6YeP5oyH5qCHcT+KASKKASOKASRlXXFAKFgVAAAA\nS1BJ55Sf5rS75pKt5oql5oyH5qCHcUGKASWKASaKASdlXXFCKFgVAAAAS1BJ5YmN5ZCR5Lia5Yqh\n5oyH5qCHcUOKASmKASplXXFEKFggAAAAS1BJ5YmN5ZCR5Lia5Yqh5oyH5qCHKOWIhuS4muWKoSlx\nRYoBLIoBLWVdcUYoWB0AAABLUEnnlJ/mtLvmkq3miqXmjIfmoIco57Sv6K6hKXFHigEuZWVzdS43\nMzRkOWI5ZGQ0ZTFjNWMzODg3YThlMWUyYTgyMjQ3Zg==\n','2009-07-27 16:30:36'),('e7b5eb6d182b943699c00a1351063ed4','gAJ9cQEoVQRhcmVhcQJdcQMoWAkAAADljJfkuqzluIJxBFgJAAAA5aSp5rSl5biCcQVYCQAAAOay\ns+WMl+ecgXEGWAkAAADlsbHopb/nnIFxB1gSAAAA5YaF6JKZ5Y+k6Ieq5rK75Yy6cQhYCQAAAOi+\nveWugeecgXEJWAkAAADlkInmnpfnnIFxClgMAAAA6buR6b6Z5rGf55yBcQtYCQAAAOS4iua1t+W4\ngnEMWAkAAADmsZ/oi4/nnIFxDVgJAAAA5rWZ5rGf55yBcQ5YCQAAAOWuieW+veecgXEPWAkAAADn\npo/lu7rnnIFxEFgJAAAA5rGf6KW/55yBcRFYCQAAAOWxseS4nOecgXESWAkAAADmsrPljZfnnIFx\nE1gJAAAA5rmW5YyX55yBcRRYCQAAAOa5luWNl+ecgXEVWAkAAADlub/kuJznnIFxFlgVAAAA5bm/\n6KW/5aOu5peP6Ieq5rK75Yy6cRdYCQAAAOa1t+WNl+ecgXEYWAkAAADph43luobluIJxGVgJAAAA\n5Zub5bed55yBcRpYCQAAAOi0teW3nuecgXEbWAkAAADkupHljZfnnIFxHFgPAAAA6KW/6JeP6Ieq\n5rK75Yy6cR1YCQAAAOmZleilv+ecgXEeWAkAAADnlJjogoPnnIFxH1gJAAAA6Z2S5rW355yBcSBY\nFQAAAOWugeWkj+WbnuaXj+iHquayu+WMunEhWBgAAADmlrDnlobnu7TlkL7lsJToh6rmsrvljLpx\nImVVCnRlc3Rjb29raWVxI1UGd29ya2VkcSRVDV9hdXRoX3VzZXJfaWRxJYoBBFUSX2F1dGhfdXNl\ncl9iYWNrZW5kcSZVKWRqYW5nby5jb250cmliLmF1dGguYmFja2VuZHMuTW9kZWxCYWNrZW5kcSdV\nBHZpZXdxKH1xKVUJS1BJ5oql6KGocSpdcSsoXXEsKFgVAAAAS1BJ5p+l6K+i5qyh5pWw5oyH5qCH\ncS2KAQmKAQqKAQtlXXEuKFgSAAAAS1BJ55So5oi35pWw5oyH5qCHcS+KAQyKAQ2KAQ5lXXEwKFgb\nAAAAS1BJ57Sv6K6h5p+l6K+i5qyh5pWw5oyH5qCHcTGKAQ+KARBlXXEyKFgeAAAAS1BJ57Sv6K6h\n5ZWG5peF55So5oi35pWw5oyH5qCHcTOKARGKARJlXXE0KFgYAAAAS1BJ57Sv6K6h5ZWG5peF5Lia\n5Yqh6YePcTWKAROKARRlXXE2KFgkAAAAS1BJ57Sv6K6h5L+h5oGv5p+l6K+i55So5oi35pWw5oyH\n5qCHcTeKARWKARZlXXE4KFgYAAAAS1BJ57Sv6K6h55So5oi35pWw5oyH5qCHcTmKAReKARhlXXE6\nKFgeAAAAS1BJ5L+h5oGv5p+l6K+i55So5oi35pWw5oyH5qCHcTuKARmKARqKARtlXXE8KFgYAAAA\nS1BJ5ZWG5peF55So5oi35pWw5oyH5qCHcT2KARyKAR2KAR5lXXE+KFgbAAAAS1BJ6K+t6Z+z5ZCO\n5ZCR6ZSA5ZSu5oyH5qCHcT+KAR+KASCKASFlXXFAKFgYAAAAS1BJ5ZWG5peF5Lia5Yqh6YeP5oyH\n5qCHcUGKASKKASOKASRlXXFCKFgVAAAAS1BJ55Sf5rS75pKt5oql5oyH5qCHcUOKASWKASaKASdl\nXXFEKFgVAAAAS1BJ5YmN5ZCR5Lia5Yqh5oyH5qCHcUWKASmKASplXXFGKFggAAAAS1BJ5YmN5ZCR\n5Lia5Yqh5oyH5qCHKOWIhuS4muWKoSlxR4oBLIoBLWVdcUgoWB0AAABLUEnnlJ/mtLvmkq3miqXm\njIfmoIco57Sv6K6hKXFJigEuZWVzdS45YzVkMDI2MTYwMDFmYmFkMDg0MjkwMmUxY2Y1MDM1ZA==\n','2009-07-27 16:10:10'),('99d977f146e95c392f2bd6c1da752486','gAJ9cQEoVQRhcmVhcQJdcQMoWAkAAADljJfkuqzluIJxBFgJAAAA5aSp5rSl5biCcQVYCQAAAOay\ns+WMl+ecgXEGWAkAAADlsbHopb/nnIFxB1gSAAAA5YaF6JKZ5Y+k6Ieq5rK75Yy6cQhYCQAAAOi+\nveWugeecgXEJWAkAAADlkInmnpfnnIFxClgMAAAA6buR6b6Z5rGf55yBcQtYCQAAAOS4iua1t+W4\ngnEMWAkAAADmsZ/oi4/nnIFxDVgJAAAA5rWZ5rGf55yBcQ5YCQAAAOWuieW+veecgXEPWAkAAADn\npo/lu7rnnIFxEFgJAAAA5rGf6KW/55yBcRFYCQAAAOWxseS4nOecgXESWAkAAADmsrPljZfnnIFx\nE1gJAAAA5rmW5YyX55yBcRRYCQAAAOa5luWNl+ecgXEVWAkAAADlub/kuJznnIFxFlgVAAAA5bm/\n6KW/5aOu5peP6Ieq5rK75Yy6cRdYCQAAAOa1t+WNl+ecgXEYWAkAAADph43luobluIJxGVgJAAAA\n5Zub5bed55yBcRpYCQAAAOi0teW3nuecgXEbWAkAAADkupHljZfnnIFxHFgPAAAA6KW/6JeP6Ieq\n5rK75Yy6cR1YCQAAAOmZleilv+ecgXEeWAkAAADnlJjogoPnnIFxH1gJAAAA6Z2S5rW355yBcSBY\nFQAAAOWugeWkj+WbnuaXj+iHquayu+WMunEhWBgAAADmlrDnlobnu7TlkL7lsJToh6rmsrvljLpx\nImVVDV9hdXRoX3VzZXJfaWRxI4oBCFUSX2F1dGhfdXNlcl9iYWNrZW5kcSRVKWRqYW5nby5jb250\ncmliLmF1dGguYmFja2VuZHMuTW9kZWxCYWNrZW5kcSVVBHZpZXdxJn1xJ1UJS1BJ5oql6KGocShd\ncSkoXXEqKFgVAAAAS1BJ5p+l6K+i5qyh5pWw5oyH5qCHcSuKAQmKAQqKAQtlXXEsKFgSAAAAS1BJ\n55So5oi35pWw5oyH5qCHcS2KAQyKAQ2KAQ5lXXEuKFgbAAAAS1BJ57Sv6K6h5p+l6K+i5qyh5pWw\n5oyH5qCHcS+KAQ+KARBlXXEwKFgeAAAAS1BJ57Sv6K6h5ZWG5peF55So5oi35pWw5oyH5qCHcTGK\nARGKARJlXXEyKFgYAAAAS1BJ57Sv6K6h5ZWG5peF5Lia5Yqh6YePcTOKAROKARRlXXE0KFgkAAAA\nS1BJ57Sv6K6h5L+h5oGv5p+l6K+i55So5oi35pWw5oyH5qCHcTWKARWKARZlXXE2KFgYAAAAS1BJ\n57Sv6K6h55So5oi35pWw5oyH5qCHcTeKAReKARhlXXE4KFgeAAAAS1BJ5L+h5oGv5p+l6K+i55So\n5oi35pWw5oyH5qCHcTmKARmKARqKARtlXXE6KFgYAAAAS1BJ5ZWG5peF55So5oi35pWw5oyH5qCH\ncTuKARyKAR2KAR5lXXE8KFgbAAAAS1BJ6K+t6Z+z5ZCO5ZCR6ZSA5ZSu5oyH5qCHcT2KAR+KASCK\nASFlXXE+KFgYAAAAS1BJ5ZWG5peF5Lia5Yqh6YeP5oyH5qCHcT+KASKKASOKASRlXXFAKFgVAAAA\nS1BJ55Sf5rS75pKt5oql5oyH5qCHcUGKASWKASaKASdlXXFCKFgVAAAAS1BJ5YmN5ZCR5Lia5Yqh\n5oyH5qCHcUOKASmKASplXXFEKFggAAAAS1BJ5YmN5ZCR5Lia5Yqh5oyH5qCHKOWIhuS4muWKoSlx\nRYoBLIoBLWVdcUYoWB0AAABLUEnnlJ/mtLvmkq3miqXmjIfmoIco57Sv6K6hKXFHigEuZWVzdS5m\nOTZhOWNkNGU0NDJjYjI0YjUzZWMwNmQ4NTQ0MGUwNw==\n','2009-07-27 16:09:15'),('01480c397dfc32da4b032eb93893ee72','gAJ9cQEoVQRhcmVhcQJdcQMoWAkAAADljJfkuqzluIJxBFgJAAAA5aSp5rSl5biCcQVYCQAAAOay\ns+WMl+ecgXEGWAkAAADlsbHopb/nnIFxB1gSAAAA5YaF6JKZ5Y+k6Ieq5rK75Yy6cQhYCQAAAOi+\nveWugeecgXEJWAkAAADlkInmnpfnnIFxClgMAAAA6buR6b6Z5rGf55yBcQtYCQAAAOS4iua1t+W4\ngnEMWAkAAADmsZ/oi4/nnIFxDVgJAAAA5rWZ5rGf55yBcQ5YCQAAAOWuieW+veecgXEPWAkAAADn\npo/lu7rnnIFxEFgJAAAA5rGf6KW/55yBcRFYCQAAAOWxseS4nOecgXESWAkAAADmsrPljZfnnIFx\nE1gJAAAA5rmW5YyX55yBcRRYCQAAAOa5luWNl+ecgXEVWAkAAADlub/kuJznnIFxFlgVAAAA5bm/\n6KW/5aOu5peP6Ieq5rK75Yy6cRdYCQAAAOa1t+WNl+ecgXEYWAkAAADph43luobluIJxGVgJAAAA\n5Zub5bed55yBcRpYCQAAAOi0teW3nuecgXEbWAkAAADkupHljZfnnIFxHFgPAAAA6KW/6JeP6Ieq\n5rK75Yy6cR1YCQAAAOmZleilv+ecgXEeWAkAAADnlJjogoPnnIFxH1gJAAAA6Z2S5rW355yBcSBY\nFQAAAOWugeWkj+WbnuaXj+iHquayu+WMunEhWBgAAADmlrDnlobnu7TlkL7lsJToh6rmsrvljLpx\nImVVDV9hdXRoX3VzZXJfaWRxI4oBBlUSX2F1dGhfdXNlcl9iYWNrZW5kcSRVKWRqYW5nby5jb250\ncmliLmF1dGguYmFja2VuZHMuTW9kZWxCYWNrZW5kcSVVBHZpZXdxJn1xJ1UJS1BJ5oql6KGocShd\ncSkoXXEqKFgVAAAAS1BJ5p+l6K+i5qyh5pWw5oyH5qCHcSuKAQmKAQqKAQtlXXEsKFgSAAAAS1BJ\n55So5oi35pWw5oyH5qCHcS2KAQyKAQ2KAQ5lXXEuKFgbAAAAS1BJ57Sv6K6h5p+l6K+i5qyh5pWw\n5oyH5qCHcS+KAQ+KARBlXXEwKFgeAAAAS1BJ57Sv6K6h5ZWG5peF55So5oi35pWw5oyH5qCHcTGK\nARGKARJlXXEyKFgYAAAAS1BJ57Sv6K6h5ZWG5peF5Lia5Yqh6YePcTOKAROKARRlXXE0KFgkAAAA\nS1BJ57Sv6K6h5L+h5oGv5p+l6K+i55So5oi35pWw5oyH5qCHcTWKARWKARZlXXE2KFgYAAAAS1BJ\n57Sv6K6h55So5oi35pWw5oyH5qCHcTeKAReKARhlXXE4KFgeAAAAS1BJ5L+h5oGv5p+l6K+i55So\n5oi35pWw5oyH5qCHcTmKARmKARqKARtlXXE6KFgYAAAAS1BJ5ZWG5peF55So5oi35pWw5oyH5qCH\ncTuKARyKAR2KAR5lXXE8KFgbAAAAS1BJ6K+t6Z+z5ZCO5ZCR6ZSA5ZSu5oyH5qCHcT2KAR+KASCK\nASFlXXE+KFgYAAAAS1BJ5ZWG5peF5Lia5Yqh6YeP5oyH5qCHcT+KASKKASOKASRlXXFAKFgVAAAA\nS1BJ55Sf5rS75pKt5oql5oyH5qCHcUGKASWKASaKASdlXXFCKFgVAAAAS1BJ5YmN5ZCR5Lia5Yqh\n5oyH5qCHcUOKASmKASplXXFEKFggAAAAS1BJ5YmN5ZCR5Lia5Yqh5oyH5qCHKOWIhuS4muWKoSlx\nRYoBLIoBLWVdcUYoWB0AAABLUEnnlJ/mtLvmkq3miqXmjIfmoIco57Sv6K6hKXFHigEuZWVzdS4w\nMjU3ZGQ1MDk0MGNkOTNlN2Q5MDU0ZWFhNjczODg4MA==\n','2009-07-30 11:52:22'),('232f0327d4cd12c5c4912fb23a065d10','gAJ9cQEoVQRhcmVhcQJdcQMoWAkAAADljJfkuqzluIJxBFgJAAAA5aSp5rSl5biCcQVYCQAAAOay\ns+WMl+ecgXEGWAkAAADlsbHopb/nnIFxB1gSAAAA5YaF6JKZ5Y+k6Ieq5rK75Yy6cQhYCQAAAOi+\nveWugeecgXEJWAkAAADlkInmnpfnnIFxClgMAAAA6buR6b6Z5rGf55yBcQtYCQAAAOS4iua1t+W4\ngnEMWAkAAADmsZ/oi4/nnIFxDVgJAAAA5rWZ5rGf55yBcQ5YCQAAAOWuieW+veecgXEPWAkAAADn\npo/lu7rnnIFxEFgJAAAA5rGf6KW/55yBcRFYCQAAAOWxseS4nOecgXESWAkAAADmsrPljZfnnIFx\nE1gJAAAA5rmW5YyX55yBcRRYCQAAAOa5luWNl+ecgXEVWAkAAADlub/kuJznnIFxFlgVAAAA5bm/\n6KW/5aOu5peP6Ieq5rK75Yy6cRdYCQAAAOa1t+WNl+ecgXEYWAkAAADph43luobluIJxGVgJAAAA\n5Zub5bed55yBcRpYCQAAAOi0teW3nuecgXEbWAkAAADkupHljZfnnIFxHFgPAAAA6KW/6JeP6Ieq\n5rK75Yy6cR1YCQAAAOmZleilv+ecgXEeWAkAAADnlJjogoPnnIFxH1gJAAAA6Z2S5rW355yBcSBY\nFQAAAOWugeWkj+WbnuaXj+iHquayu+WMunEhWBgAAADmlrDnlobnu7TlkL7lsJToh6rmsrvljLpx\nImVVDV9hdXRoX3VzZXJfaWRxI4oBBFUSX2F1dGhfdXNlcl9iYWNrZW5kcSRVKWRqYW5nby5jb250\ncmliLmF1dGguYmFja2VuZHMuTW9kZWxCYWNrZW5kcSVVBHZpZXdxJn1xJ1UJS1BJ5oql6KGocShd\ncSkoXXEqKFgVAAAAS1BJ5p+l6K+i5qyh5pWw5oyH5qCHcSuKAQmKAQqKAQtlXXEsKFgSAAAAS1BJ\n55So5oi35pWw5oyH5qCHcS2KAQyKAQ2KAQ5lXXEuKFgbAAAAS1BJ57Sv6K6h5p+l6K+i5qyh5pWw\n5oyH5qCHcS+KAQ+KARBlXXEwKFgeAAAAS1BJ57Sv6K6h5ZWG5peF55So5oi35pWw5oyH5qCHcTGK\nARGKARJlXXEyKFgYAAAAS1BJ57Sv6K6h5ZWG5peF5Lia5Yqh6YePcTOKAROKARRlXXE0KFgkAAAA\nS1BJ57Sv6K6h5L+h5oGv5p+l6K+i55So5oi35pWw5oyH5qCHcTWKARWKARZlXXE2KFgYAAAAS1BJ\n57Sv6K6h55So5oi35pWw5oyH5qCHcTeKAReKARhlXXE4KFgeAAAAS1BJ5L+h5oGv5p+l6K+i55So\n5oi35pWw5oyH5qCHcTmKARmKARqKARtlXXE6KFgYAAAAS1BJ5ZWG5peF55So5oi35pWw5oyH5qCH\ncTuKARyKAR2KAR5lXXE8KFgbAAAAS1BJ6K+t6Z+z5ZCO5ZCR6ZSA5ZSu5oyH5qCHcT2KAR+KASCK\nASFlXXE+KFgYAAAAS1BJ5ZWG5peF5Lia5Yqh6YeP5oyH5qCHcT+KASKKASOKASRlXXFAKFgVAAAA\nS1BJ55Sf5rS75pKt5oql5oyH5qCHcUGKASWKASdlZXN1LjIwMGE1MGFjY2M0N2U3NmM5ZWFjYmM1\nZDU4ZTgyYjIw\n','2009-08-03 09:24:32'),('b3e0474e82ecff854c2a9de81a730ced','gAJ9cQEoVQRhcmVhcQJdcQMoWAkAAADljJfkuqzluIJxBFgJAAAA5aSp5rSl5biCcQVYCQAAAOay\ns+WMl+ecgXEGWAkAAADlsbHopb/nnIFxB1gSAAAA5YaF6JKZ5Y+k6Ieq5rK75Yy6cQhYCQAAAOi+\nveWugeecgXEJWAkAAADlkInmnpfnnIFxClgMAAAA6buR6b6Z5rGf55yBcQtYCQAAAOS4iua1t+W4\ngnEMWAkAAADmsZ/oi4/nnIFxDVgJAAAA5rWZ5rGf55yBcQ5YCQAAAOWuieW+veecgXEPWAkAAADn\npo/lu7rnnIFxEFgJAAAA5rGf6KW/55yBcRFYCQAAAOWxseS4nOecgXESWAkAAADmsrPljZfnnIFx\nE1gJAAAA5rmW5YyX55yBcRRYCQAAAOa5luWNl+ecgXEVWAkAAADlub/kuJznnIFxFlgVAAAA5bm/\n6KW/5aOu5peP6Ieq5rK75Yy6cRdYCQAAAOa1t+WNl+ecgXEYWAkAAADph43luobluIJxGVgJAAAA\n5Zub5bed55yBcRpYCQAAAOi0teW3nuecgXEbWAkAAADkupHljZfnnIFxHFgPAAAA6KW/6JeP6Ieq\n5rK75Yy6cR1YCQAAAOmZleilv+ecgXEeWAkAAADnlJjogoPnnIFxH1gJAAAA6Z2S5rW355yBcSBY\nFQAAAOWugeWkj+WbnuaXj+iHquayu+WMunEhWBgAAADmlrDnlobnu7TlkL7lsJToh6rmsrvljLpx\nImVVDV9hdXRoX3VzZXJfaWRxI4oBBFUSX2F1dGhfdXNlcl9iYWNrZW5kcSRVKWRqYW5nby5jb250\ncmliLmF1dGguYmFja2VuZHMuTW9kZWxCYWNrZW5kcSVVBHZpZXdxJn1xJ1UJS1BJ5oql6KGocShd\ncSkoXXEqKFgVAAAAS1BJ5p+l6K+i5qyh5pWw5oyH5qCHcSuKAQmKAQqKAQtlXXEsKFgSAAAAS1BJ\n55So5oi35pWw5oyH5qCHcS2KAQyKAQ2KAQ5lXXEuKFgbAAAAS1BJ57Sv6K6h5p+l6K+i5qyh5pWw\n5oyH5qCHcS+KAQ+KARBlXXEwKFgeAAAAS1BJ57Sv6K6h5ZWG5peF55So5oi35pWw5oyH5qCHcTGK\nARGKARJlXXEyKFgYAAAAS1BJ57Sv6K6h5ZWG5peF5Lia5Yqh6YePcTOKAROKARRlXXE0KFgkAAAA\nS1BJ57Sv6K6h5L+h5oGv5p+l6K+i55So5oi35pWw5oyH5qCHcTWKARWKARZlXXE2KFgYAAAAS1BJ\n57Sv6K6h55So5oi35pWw5oyH5qCHcTeKAReKARhlXXE4KFgeAAAAS1BJ5L+h5oGv5p+l6K+i55So\n5oi35pWw5oyH5qCHcTmKARmKARqKARtlXXE6KFgYAAAAS1BJ5ZWG5peF55So5oi35pWw5oyH5qCH\ncTuKARyKAR2KAR5lXXE8KFgbAAAAS1BJ6K+t6Z+z5ZCO5ZCR6ZSA5ZSu5oyH5qCHcT2KAR+KASCK\nASFlXXE+KFgYAAAAS1BJ5ZWG5peF5Lia5Yqh6YeP5oyH5qCHcT+KASKKASOKASRlXXFAKFgVAAAA\nS1BJ55Sf5rS75pKt5oql5oyH5qCHcUGKASWKASdlZXN1LjIwMGE1MGFjY2M0N2U3NmM5ZWFjYmM1\nZDU4ZTgyYjIw\n','2009-08-06 10:39:11'),('4044475021e844c46852b913408f4a66','gAJ9cQEoVQRhcmVhcQJdcQMoWAkAAADljJfkuqzluIJxBFgJAAAA5aSp5rSl5biCcQVYCQAAAOay\ns+WMl+ecgXEGWAkAAADlsbHopb/nnIFxB1gSAAAA5YaF6JKZ5Y+k6Ieq5rK75Yy6cQhYCQAAAOi+\nveWugeecgXEJWAkAAADlkInmnpfnnIFxClgMAAAA6buR6b6Z5rGf55yBcQtYCQAAAOS4iua1t+W4\ngnEMWAkAAADmsZ/oi4/nnIFxDVgJAAAA5rWZ5rGf55yBcQ5YCQAAAOWuieW+veecgXEPWAkAAADn\npo/lu7rnnIFxEFgJAAAA5rGf6KW/55yBcRFYCQAAAOWxseS4nOecgXESWAkAAADmsrPljZfnnIFx\nE1gJAAAA5rmW5YyX55yBcRRYCQAAAOa5luWNl+ecgXEVWAkAAADlub/kuJznnIFxFlgVAAAA5bm/\n6KW/5aOu5peP6Ieq5rK75Yy6cRdYCQAAAOa1t+WNl+ecgXEYWAkAAADph43luobluIJxGVgJAAAA\n5Zub5bed55yBcRpYCQAAAOi0teW3nuecgXEbWAkAAADkupHljZfnnIFxHFgPAAAA6KW/6JeP6Ieq\n5rK75Yy6cR1YCQAAAOmZleilv+ecgXEeWAkAAADnlJjogoPnnIFxH1gJAAAA6Z2S5rW355yBcSBY\nFQAAAOWugeWkj+WbnuaXj+iHquayu+WMunEhWBgAAADmlrDnlobnu7TlkL7lsJToh6rmsrvljLpx\nImVVDV9hdXRoX3VzZXJfaWRxI4oBBlUSX2F1dGhfdXNlcl9iYWNrZW5kcSRVKWRqYW5nby5jb250\ncmliLmF1dGguYmFja2VuZHMuTW9kZWxCYWNrZW5kcSVVBHZpZXdxJn1xJ1UJS1BJ5oql6KGocShd\ncSkoXXEqKFgVAAAAS1BJ5p+l6K+i5qyh5pWw5oyH5qCHcSuKAQmKAQqKAQtlXXEsKFgSAAAAS1BJ\n55So5oi35pWw5oyH5qCHcS2KAQyKAQ2KAQ5lXXEuKFgbAAAAS1BJ57Sv6K6h5p+l6K+i5qyh5pWw\n5oyH5qCHcS+KAQ+KARBlXXEwKFgeAAAAS1BJ57Sv6K6h5ZWG5peF55So5oi35pWw5oyH5qCHcTGK\nARGKARJlXXEyKFgYAAAAS1BJ57Sv6K6h5ZWG5peF5Lia5Yqh6YePcTOKAROKARRlXXE0KFgkAAAA\nS1BJ57Sv6K6h5L+h5oGv5p+l6K+i55So5oi35pWw5oyH5qCHcTWKARWKARZlXXE2KFgYAAAAS1BJ\n57Sv6K6h55So5oi35pWw5oyH5qCHcTeKAReKARhlXXE4KFgeAAAAS1BJ5L+h5oGv5p+l6K+i55So\n5oi35pWw5oyH5qCHcTmKARmKARqKARtlXXE6KFgYAAAAS1BJ5ZWG5peF55So5oi35pWw5oyH5qCH\ncTuKARyKAR2KAR5lXXE8KFgbAAAAS1BJ6K+t6Z+z5ZCO5ZCR6ZSA5ZSu5oyH5qCHcT2KAR+KASCK\nASFlXXE+KFgYAAAAS1BJ5ZWG5peF5Lia5Yqh6YeP5oyH5qCHcT+KASKKASOKASRlXXFAKFgVAAAA\nS1BJ55Sf5rS75pKt5oql5oyH5qCHcUGKASWKASdlZXN1LjAyMTJkYzI5MjU3NDQwOTJhYjdiOGRk\nMDgwMmJiNjg1\n','2009-08-10 13:24:57'),('af195ae10b665a536dd57a2febc71791','gAJ9cQEoVQRhcmVhcQJdcQMoWAkAAADljJfkuqzluIJxBFgJAAAA5aSp5rSl5biCcQVYCQAAAOay\ns+WMl+ecgXEGWAkAAADlsbHopb/nnIFxB1gSAAAA5YaF6JKZ5Y+k6Ieq5rK75Yy6cQhYCQAAAOi+\nveWugeecgXEJWAkAAADlkInmnpfnnIFxClgMAAAA6buR6b6Z5rGf55yBcQtYCQAAAOS4iua1t+W4\ngnEMWAkAAADmsZ/oi4/nnIFxDVgJAAAA5rWZ5rGf55yBcQ5YCQAAAOWuieW+veecgXEPWAkAAADn\npo/lu7rnnIFxEFgJAAAA5rGf6KW/55yBcRFYCQAAAOWxseS4nOecgXESWAkAAADmsrPljZfnnIFx\nE1gJAAAA5rmW5YyX55yBcRRYCQAAAOa5luWNl+ecgXEVWAkAAADlub/kuJznnIFxFlgVAAAA5bm/\n6KW/5aOu5peP6Ieq5rK75Yy6cRdYCQAAAOa1t+WNl+ecgXEYWAkAAADph43luobluIJxGVgJAAAA\n5Zub5bed55yBcRpYCQAAAOi0teW3nuecgXEbWAkAAADkupHljZfnnIFxHFgPAAAA6KW/6JeP6Ieq\n5rK75Yy6cR1YCQAAAOmZleilv+ecgXEeWAkAAADnlJjogoPnnIFxH1gJAAAA6Z2S5rW355yBcSBY\nFQAAAOWugeWkj+WbnuaXj+iHquayu+WMunEhWBgAAADmlrDnlobnu7TlkL7lsJToh6rmsrvljLpx\nImVVDV9hdXRoX3VzZXJfaWRxI4oBBFUSX2F1dGhfdXNlcl9iYWNrZW5kcSRVKWRqYW5nby5jb250\ncmliLmF1dGguYmFja2VuZHMuTW9kZWxCYWNrZW5kcSVVBHZpZXdxJn1xJ1UJS1BJ5oql6KGocShd\ncSkoXXEqKFgVAAAAS1BJ5p+l6K+i5qyh5pWw5oyH5qCHcSuKAQmKAQqKAQtlXXEsKFgSAAAAS1BJ\n55So5oi35pWw5oyH5qCHcS2KAQyKAQ2KAQ5lXXEuKFgbAAAAS1BJ57Sv6K6h5p+l6K+i5qyh5pWw\n5oyH5qCHcS+KAQ+KARBlXXEwKFgeAAAAS1BJ57Sv6K6h5ZWG5peF55So5oi35pWw5oyH5qCHcTGK\nARGKARJlXXEyKFgYAAAAS1BJ57Sv6K6h5ZWG5peF5Lia5Yqh6YePcTOKAROKARRlXXE0KFgkAAAA\nS1BJ57Sv6K6h5L+h5oGv5p+l6K+i55So5oi35pWw5oyH5qCHcTWKARWKARZlXXE2KFgYAAAAS1BJ\n57Sv6K6h55So5oi35pWw5oyH5qCHcTeKAReKARhlXXE4KFgeAAAAS1BJ5L+h5oGv5p+l6K+i55So\n5oi35pWw5oyH5qCHcTmKARmKARqKARtlXXE6KFgYAAAAS1BJ5ZWG5peF55So5oi35pWw5oyH5qCH\ncTuKARyKAR2KAR5lXXE8KFgbAAAAS1BJ6K+t6Z+z5ZCO5ZCR6ZSA5ZSu5oyH5qCHcT2KAR+KASCK\nASFlXXE+KFgYAAAAS1BJ5ZWG5peF5Lia5Yqh6YeP5oyH5qCHcT+KASKKASOKASRlXXFAKFgVAAAA\nS1BJ55Sf5rS75pKt5oql5oyH5qCHcUGKASWKASdlZXN1LjIwMGE1MGFjY2M0N2U3NmM5ZWFjYmM1\nZDU4ZTgyYjIw\n','2009-08-13 11:36:37'),('ecbccb77619abeb0363dfab94e77b3b5','gAJ9cQEoVQRhcmVhcQJdcQMoWAkAAADljJfkuqzluIJxBFgJAAAA5aSp5rSl5biCcQVYCQAAAOay\ns+WMl+ecgXEGWAkAAADlsbHopb/nnIFxB1gSAAAA5YaF6JKZ5Y+k6Ieq5rK75Yy6cQhYCQAAAOi+\nveWugeecgXEJWAkAAADlkInmnpfnnIFxClgMAAAA6buR6b6Z5rGf55yBcQtYCQAAAOS4iua1t+W4\ngnEMWAkAAADmsZ/oi4/nnIFxDVgJAAAA5rWZ5rGf55yBcQ5YCQAAAOWuieW+veecgXEPWAkAAADn\npo/lu7rnnIFxEFgJAAAA5rGf6KW/55yBcRFYCQAAAOWxseS4nOecgXESWAkAAADmsrPljZfnnIFx\nE1gJAAAA5rmW5YyX55yBcRRYCQAAAOa5luWNl+ecgXEVWAkAAADlub/kuJznnIFxFlgVAAAA5bm/\n6KW/5aOu5peP6Ieq5rK75Yy6cRdYCQAAAOa1t+WNl+ecgXEYWAkAAADph43luobluIJxGVgJAAAA\n5Zub5bed55yBcRpYCQAAAOi0teW3nuecgXEbWAkAAADkupHljZfnnIFxHFgPAAAA6KW/6JeP6Ieq\n5rK75Yy6cR1YCQAAAOmZleilv+ecgXEeWAkAAADnlJjogoPnnIFxH1gJAAAA6Z2S5rW355yBcSBY\nFQAAAOWugeWkj+WbnuaXj+iHquayu+WMunEhWBgAAADmlrDnlobnu7TlkL7lsJToh6rmsrvljLpx\nImVVDV9hdXRoX3VzZXJfaWRxI4oBBVUSX2F1dGhfdXNlcl9iYWNrZW5kcSRVKWRqYW5nby5jb250\ncmliLmF1dGguYmFja2VuZHMuTW9kZWxCYWNrZW5kcSVVBHZpZXdxJn1xJ1UJS1BJ5oql6KGocShd\ncSkoXXEqKFgVAAAAS1BJ5p+l6K+i5qyh5pWw5oyH5qCHcSuKAQmKAQqKAQtlXXEsKFgSAAAAS1BJ\n55So5oi35pWw5oyH5qCHcS2KAQyKAQ2KAQ5lXXEuKFgbAAAAS1BJ57Sv6K6h5p+l6K+i5qyh5pWw\n5oyH5qCHcS+KAQ+KARBlXXEwKFgeAAAAS1BJ57Sv6K6h5ZWG5peF55So5oi35pWw5oyH5qCHcTGK\nARGKARJlXXEyKFgYAAAAS1BJ57Sv6K6h5ZWG5peF5Lia5Yqh6YePcTOKAROKARRlXXE0KFgkAAAA\nS1BJ57Sv6K6h5L+h5oGv5p+l6K+i55So5oi35pWw5oyH5qCHcTWKARWKARZlXXE2KFgYAAAAS1BJ\n57Sv6K6h55So5oi35pWw5oyH5qCHcTeKAReKARhlXXE4KFgeAAAAS1BJ5L+h5oGv5p+l6K+i55So\n5oi35pWw5oyH5qCHcTmKARmKARqKARtlXXE6KFgYAAAAS1BJ5ZWG5peF55So5oi35pWw5oyH5qCH\ncTuKARyKAR2KAR5lXXE8KFgbAAAAS1BJ6K+t6Z+z5ZCO5ZCR6ZSA5ZSu5oyH5qCHcT2KAR+KASCK\nASFlXXE+KFgYAAAAS1BJ5ZWG5peF5Lia5Yqh6YeP5oyH5qCHcT+KASKKASOKASRlXXFAKFgVAAAA\nS1BJ55Sf5rS75pKt5oql5oyH5qCHcUGKASWKASdlZXN1LmY1MWY4YzBkZTllM2U3Yjk2M2NhNDlk\nZmRkYzA5OGFh\n','2009-08-10 17:31:26'),('7c3d2b1fd478704106192882a9d82e81','gAJ9cQEoVQRhcmVhcQJdcQMoWAkAAADljJfkuqzluIJxBFgJAAAA5aSp5rSl5biCcQVYCQAAAOay\ns+WMl+ecgXEGWAkAAADlsbHopb/nnIFxB1gSAAAA5YaF6JKZ5Y+k6Ieq5rK75Yy6cQhYCQAAAOi+\nveWugeecgXEJWAkAAADlkInmnpfnnIFxClgMAAAA6buR6b6Z5rGf55yBcQtYCQAAAOS4iua1t+W4\ngnEMWAkAAADmsZ/oi4/nnIFxDVgJAAAA5rWZ5rGf55yBcQ5YCQAAAOWuieW+veecgXEPWAkAAADn\npo/lu7rnnIFxEFgJAAAA5rGf6KW/55yBcRFYCQAAAOWxseS4nOecgXESWAkAAADmsrPljZfnnIFx\nE1gJAAAA5rmW5YyX55yBcRRYCQAAAOa5luWNl+ecgXEVWAkAAADlub/kuJznnIFxFlgVAAAA5bm/\n6KW/5aOu5peP6Ieq5rK75Yy6cRdYCQAAAOa1t+WNl+ecgXEYWAkAAADph43luobluIJxGVgJAAAA\n5Zub5bed55yBcRpYCQAAAOi0teW3nuecgXEbWAkAAADkupHljZfnnIFxHFgPAAAA6KW/6JeP6Ieq\n5rK75Yy6cR1YCQAAAOmZleilv+ecgXEeWAkAAADnlJjogoPnnIFxH1gJAAAA6Z2S5rW355yBcSBY\nFQAAAOWugeWkj+WbnuaXj+iHquayu+WMunEhWBgAAADmlrDnlobnu7TlkL7lsJToh6rmsrvljLpx\nImVVDV9hdXRoX3VzZXJfaWRxI4oBClUSX2F1dGhfdXNlcl9iYWNrZW5kcSRVKWRqYW5nby5jb250\ncmliLmF1dGguYmFja2VuZHMuTW9kZWxCYWNrZW5kcSVVBHZpZXdxJn1xJ1UJS1BJ5oql6KGocShd\ncSkoXXEqKFgVAAAAS1BJ5p+l6K+i5qyh5pWw5oyH5qCHcSuKAQmKAQqKAQtlXXEsKFgSAAAAS1BJ\n55So5oi35pWw5oyH5qCHcS2KAQyKAQ2KAQ5lXXEuKFgbAAAAS1BJ57Sv6K6h5p+l6K+i5qyh5pWw\n5oyH5qCHcS+KAQ+KARBlXXEwKFgeAAAAS1BJ57Sv6K6h5ZWG5peF55So5oi35pWw5oyH5qCHcTGK\nARGKARJlXXEyKFgYAAAAS1BJ57Sv6K6h5ZWG5peF5Lia5Yqh6YePcTOKAROKARRlXXE0KFgkAAAA\nS1BJ57Sv6K6h5L+h5oGv5p+l6K+i55So5oi35pWw5oyH5qCHcTWKARWKARZlXXE2KFgYAAAAS1BJ\n57Sv6K6h55So5oi35pWw5oyH5qCHcTeKAReKARhlXXE4KFgeAAAAS1BJ5L+h5oGv5p+l6K+i55So\n5oi35pWw5oyH5qCHcTmKARmKARqKARtlXXE6KFgYAAAAS1BJ5ZWG5peF55So5oi35pWw5oyH5qCH\ncTuKARyKAR2KAR5lXXE8KFgbAAAAS1BJ6K+t6Z+z5ZCO5ZCR6ZSA5ZSu5oyH5qCHcT2KAR+KASCK\nASFlXXE+KFgYAAAAS1BJ5ZWG5peF5Lia5Yqh6YeP5oyH5qCHcT+KASKKASOKASRlXXFAKFgVAAAA\nS1BJ55Sf5rS75pKt5oql5oyH5qCHcUGKASWKASdlZXN1LmE1Yzk2MDZhYmNhNjkxMDM2ZjZiM2Y2\nMDczYzkzMTdi\n','2009-08-10 14:03:46'),('bda5a8d68a473827e6de739cd07a1ff4','gAJ9cQFVCnRlc3Rjb29raWVxAlUGd29ya2VkcQNzLjFjYmYwOTIyMzI5OTQ2ZTExOGQ3ODEwZjk2\nZmM4M2U1\n','2009-08-10 17:23:18'),('3d9d16ab48a2ea740c0dce4cccf5e6e9','gAJ9cQEoVQR2aWV3cQJ9cQNVCUtQSeaKpeihqHEEXXEFKF1xBihYFQAAAEtQSeafpeivouasoeaV\nsOaMh+agh3EHigEJigEKigELZV1xCChYEgAAAEtQSeeUqOaIt+aVsOaMh+agh3EJigEMigENigEO\nZV1xCihYGwAAAEtQSee0r+iuoeafpeivouasoeaVsOaMh+agh3ELigEPigEQZV1xDChYHgAAAEtQ\nSee0r+iuoeWVhuaXheeUqOaIt+aVsOaMh+agh3ENigERigESZV1xDihYGAAAAEtQSee0r+iuoeWV\nhuaXheS4muWKoemHj3EPigETigEUZV1xEChYJAAAAEtQSee0r+iuoeS/oeaBr+afpeivoueUqOaI\nt+aVsOaMh+agh3ERigEVigEWZV1xEihYGAAAAEtQSee0r+iuoeeUqOaIt+aVsOaMh+agh3ETigEX\nigEYZV1xFChYHgAAAEtQSeS/oeaBr+afpeivoueUqOaIt+aVsOaMh+agh3EVigEZigEaigEbZV1x\nFihYGAAAAEtQSeWVhuaXheeUqOaIt+aVsOaMh+agh3EXigEcigEdigEeZV1xGChYGwAAAEtQSeiv\nremfs+WQjuWQkemUgOWUruaMh+agh3EZigEfigEgigEhZV1xGihYGAAAAEtQSeWVhuaXheS4muWK\noemHj+aMh+agh3EbigEiigEjigEkZV1xHChYFQAAAEtQSeeUn+a0u+aSreaKpeaMh+agh3EdigEl\nigEnZWVzVRJfYXV0aF91c2VyX2JhY2tlbmRxHlUpZGphbmdvLmNvbnRyaWIuYXV0aC5iYWNrZW5k\ncy5Nb2RlbEJhY2tlbmRxH1UNX2F1dGhfdXNlcl9pZHEgigEOVQRhcmVhcSFdcSIoWAkAAADljJfk\nuqzluIJxI1gJAAAA5aSp5rSl5biCcSRYCQAAAOays+WMl+ecgXElWAkAAADlsbHopb/nnIFxJlgS\nAAAA5YaF6JKZ5Y+k6Ieq5rK75Yy6cSdYCQAAAOi+veWugeecgXEoWAkAAADlkInmnpfnnIFxKVgM\nAAAA6buR6b6Z5rGf55yBcSpYCQAAAOS4iua1t+W4gnErWAkAAADmsZ/oi4/nnIFxLFgJAAAA5rWZ\n5rGf55yBcS1YCQAAAOWuieW+veecgXEuWAkAAADnpo/lu7rnnIFxL1gJAAAA5rGf6KW/55yBcTBY\nCQAAAOWxseS4nOecgXExWAkAAADmsrPljZfnnIFxMlgJAAAA5rmW5YyX55yBcTNYCQAAAOa5luWN\nl+ecgXE0WAkAAADlub/kuJznnIFxNVgVAAAA5bm/6KW/5aOu5peP6Ieq5rK75Yy6cTZYCQAAAOa1\nt+WNl+ecgXE3WAkAAADph43luobluIJxOFgJAAAA5Zub5bed55yBcTlYCQAAAOi0teW3nuecgXE6\nWAkAAADkupHljZfnnIFxO1gPAAAA6KW/6JeP6Ieq5rK75Yy6cTxYCQAAAOmZleilv+ecgXE9WAkA\nAADnlJjogoPnnIFxPlgJAAAA6Z2S5rW355yBcT9YFQAAAOWugeWkj+WbnuaXj+iHquayu+WMunFA\nWBgAAADmlrDnlobnu7TlkL7lsJToh6rmsrvljLpxQWV1LjlmZmM3MmI2NzU0ZTdjN2Q0ZTMxODdl\nYmU1OGViYWRi\n','2009-08-10 22:55:07'),('28f2daee4c8a0b195c2116477de59eaf','gAJ9cQEoVQRhcmVhcQJdcQMoWAkAAADljJfkuqzluIJxBFgJAAAA5aSp5rSl5biCcQVYCQAAAOay\ns+WMl+ecgXEGWAkAAADlsbHopb/nnIFxB1gSAAAA5YaF6JKZ5Y+k6Ieq5rK75Yy6cQhYCQAAAOi+\nveWugeecgXEJWAkAAADlkInmnpfnnIFxClgMAAAA6buR6b6Z5rGf55yBcQtYCQAAAOS4iua1t+W4\ngnEMWAkAAADmsZ/oi4/nnIFxDVgJAAAA5rWZ5rGf55yBcQ5YCQAAAOWuieW+veecgXEPWAkAAADn\npo/lu7rnnIFxEFgJAAAA5rGf6KW/55yBcRFYCQAAAOWxseS4nOecgXESWAkAAADmsrPljZfnnIFx\nE1gJAAAA5rmW5YyX55yBcRRYCQAAAOa5luWNl+ecgXEVWAkAAADlub/kuJznnIFxFlgVAAAA5bm/\n6KW/5aOu5peP6Ieq5rK75Yy6cRdYCQAAAOa1t+WNl+ecgXEYWAkAAADph43luobluIJxGVgJAAAA\n5Zub5bed55yBcRpYCQAAAOi0teW3nuecgXEbWAkAAADkupHljZfnnIFxHFgPAAAA6KW/6JeP6Ieq\n5rK75Yy6cR1YCQAAAOmZleilv+ecgXEeWAkAAADnlJjogoPnnIFxH1gJAAAA6Z2S5rW355yBcSBY\nFQAAAOWugeWkj+WbnuaXj+iHquayu+WMunEhWBgAAADmlrDnlobnu7TlkL7lsJToh6rmsrvljLpx\nImVVDV9hdXRoX3VzZXJfaWRxI4oBBFUSX2F1dGhfdXNlcl9iYWNrZW5kcSRVKWRqYW5nby5jb250\ncmliLmF1dGguYmFja2VuZHMuTW9kZWxCYWNrZW5kcSVVBHZpZXdxJn1xJ1UJS1BJ5oql6KGocShd\ncSkoXXEqKFgVAAAAS1BJ5p+l6K+i5qyh5pWw5oyH5qCHcSuKAQmKAQqKAQtlXXEsKFgSAAAAS1BJ\n55So5oi35pWw5oyH5qCHcS2KAQyKAQ2KAQ5lXXEuKFgbAAAAS1BJ57Sv6K6h5p+l6K+i5qyh5pWw\n5oyH5qCHcS+KAQ+KARBlXXEwKFgeAAAAS1BJ57Sv6K6h5ZWG5peF55So5oi35pWw5oyH5qCHcTGK\nARGKARJlXXEyKFgYAAAAS1BJ57Sv6K6h5ZWG5peF5Lia5Yqh6YePcTOKAROKARRlXXE0KFgkAAAA\nS1BJ57Sv6K6h5L+h5oGv5p+l6K+i55So5oi35pWw5oyH5qCHcTWKARWKARZlXXE2KFgYAAAAS1BJ\n57Sv6K6h55So5oi35pWw5oyH5qCHcTeKAReKARhlXXE4KFgeAAAAS1BJ5L+h5oGv5p+l6K+i55So\n5oi35pWw5oyH5qCHcTmKARmKARqKARtlXXE6KFgYAAAAS1BJ5ZWG5peF55So5oi35pWw5oyH5qCH\ncTuKARyKAR2KAR5lXXE8KFgbAAAAS1BJ6K+t6Z+z5ZCO5ZCR6ZSA5ZSu5oyH5qCHcT2KAR+KASCK\nASFlXXE+KFgYAAAAS1BJ5ZWG5peF5Lia5Yqh6YeP5oyH5qCHcT+KASKKASOKASRlXXFAKFgVAAAA\nS1BJ55Sf5rS75pKt5oql5oyH5qCHcUGKASWKASdlZXN1LjIwMGE1MGFjY2M0N2U3NmM5ZWFjYmM1\nZDU4ZTgyYjIw\n','2009-08-11 09:48:02');
/*!40000 ALTER TABLE `django_session` ENABLE KEYS */;
UNLOCK TABLES;

--
-- Table structure for table `django_site`
--

DROP TABLE IF EXISTS `django_site`;
SET @saved_cs_client     = @@character_set_client;
SET character_set_client = utf8;
CREATE TABLE `django_site` (
  `id` int(11) NOT NULL auto_increment,
  `domain` varchar(100) NOT NULL,
  `name` varchar(50) NOT NULL,
  PRIMARY KEY  (`id`)
) ENGINE=MyISAM AUTO_INCREMENT=3 DEFAULT CHARSET=utf8;
SET character_set_client = @saved_cs_client;

--
-- Dumping data for table `django_site`
--

LOCK TABLES `django_site` WRITE;
/*!40000 ALTER TABLE `django_site` DISABLE KEYS */;
INSERT INTO `django_site` VALUES (2,'example.com','example.com');
/*!40000 ALTER TABLE `django_site` ENABLE KEYS */;
UNLOCK TABLES;

--
-- Table structure for table `web2_area`
--

DROP TABLE IF EXISTS `web2_area`;
SET @saved_cs_client     = @@character_set_client;
SET character_set_client = utf8;
CREATE TABLE `web2_area` (
  `id` int(11) NOT NULL auto_increment,
  `pname` varchar(30) NOT NULL,
  `cname` varchar(30) NOT NULL,
  `pid` int(11) NOT NULL,
  `cid` int(11) NOT NULL,
  `parentid` int(11) NOT NULL,
  PRIMARY KEY  (`id`)
) ENGINE=MyISAM AUTO_INCREMENT=40010001 DEFAULT CHARSET=utf8;
SET character_set_client = @saved_cs_client;

--
-- Dumping data for table `web2_area`
--

LOCK TABLES `web2_area` WRITE;
/*!40000 ALTER TABLE `web2_area` DISABLE KEYS */;
INSERT INTO `web2_area` VALUES (10000000,'北京市','北京',100,100,0),(28170000,'广东省','东莞',200,769,0),(18000000,'上海市','上海',210,210,0),(11000000,'天津市','天津',220,220,0),(31000000,'重庆市','重庆',230,230,0),(15060000,'辽宁省','丹东',240,415,0),(19010000,'江苏省','南京',250,250,0),(26030000,'湖北省','十堰',270,719,0),(32100000,'四川省','乐山',280,833,0),(36040000,'陕西省','咸阳',290,910,0),(12060000,'河北省','保定',311,312,0),(13100000,'山西省','临汾',351,357,0),(25120000,'河南省','三门峡',371,398,0),(16020000,'吉林省','吉林',431,432,0),(17090000,'黑龙江省','七台河',451,464,0),(14100000,'内蒙古自治区','乌兰察布',471,474,0),(24050000,'山东省','东营',531,546,0),(21150000,'安徽省','亳州',551,567,0),(20110000,'浙江省','丽水',571,578,0),(22040000,'福建省','三明',591,598,0),(27130000,'湖南省','娄底',731,738,0),(29050000,'广西壮族自治区','北海',771,779,0),(23110000,'江西省','上饶',791,793,0),(33020000,'贵州省','六盘水',851,858,0),(34160000,'云南省','临沧',871,883,0),(35030000,'西藏自治区','山南',891,893,0),(30010000,'海南省','海口',898,898,0),(37130000,'甘肃省','临夏',931,930,0),(39050000,'宁夏回族自治区','中卫',951,955,0),(38060000,'青海省','果洛',971,975,0),(40010000,'新疆维吾尔自治区','乌鲁木齐',991,991,0);
/*!40000 ALTER TABLE `web2_area` ENABLE KEYS */;
UNLOCK TABLES;

--
-- Table structure for table `web2_city`
--

DROP TABLE IF EXISTS `web2_city`;
SET @saved_cs_client     = @@character_set_client;
SET character_set_client = utf8;
CREATE TABLE `web2_city` (
  `id` int(11) NOT NULL auto_increment,
  `pname` varchar(30) NOT NULL,
  `cname` varchar(30) NOT NULL,
  `pid` int(11) NOT NULL,
  `cid` int(11) NOT NULL,
  `parent_id` int(11) NOT NULL,
  PRIMARY KEY  (`id`),
  KEY `web2_city_parent_id` (`parent_id`)
) ENGINE=MyISAM AUTO_INCREMENT=40190001 DEFAULT CHARSET=utf8;
SET character_set_client = @saved_cs_client;

--
-- Dumping data for table `web2_city`
--

LOCK TABLES `web2_city` WRITE;
/*!40000 ALTER TABLE `web2_city` DISABLE KEYS */;
INSERT INTO `web2_city` VALUES (10000000,'北京市','北京',100,100,0),(28170000,'广东省','东莞',200,769,0),(18000000,'上海市','上海',210,210,0),(11000000,'天津市','天津',220,220,0),(31000000,'重庆市','重庆',230,230,0),(15060000,'辽宁省','丹东',240,415,0),(19010000,'江苏省','南京',250,250,0),(26030000,'湖北省','十堰',270,719,0),(32100000,'四川省','乐山',280,833,0),(36040000,'陕西省','咸阳',290,910,0),(12060000,'河北省','保定',311,312,0),(13100000,'山西省','临汾',351,357,0),(25120000,'河南省','三门峡',371,398,0),(16020000,'吉林省','吉林',431,432,0),(17090000,'黑龙江省','七台河',451,464,0),(14100000,'内蒙古自治区','乌兰察布',471,474,0),(24050000,'山东省','东营',531,546,0),(21150000,'安徽省','亳州',551,567,0),(20110000,'浙江省','丽水',571,578,0),(22040000,'福建省','三明',591,598,0),(27130000,'湖南省','娄底',731,738,0),(29050000,'广西壮族自治区','北海',771,779,0),(23110000,'江西省','上饶',791,793,0),(33020000,'贵州省','六盘水',851,858,0),(34160000,'云南省','临沧',871,883,0),(35030000,'西藏自治区','山南',891,893,0),(30010000,'海南省','海口',898,898,0),(37130000,'甘肃省','临夏',931,930,0),(39050000,'宁夏回族自治区','中卫',951,955,0),(38060000,'青海省','果洛',971,975,0),(40010000,'新疆维吾尔自治区','乌鲁木齐',991,991,0),(34060000,'云南省','丽江',871,888,34160000),(34040000,'云南省','保山',871,875,34160000),(34120000,'云南省','大理',871,872,34160000),(34130000,'云南省','德宏',871,692,34160000),(34140000,'云南省','怒江',871,886,34160000),(34090000,'云南省','文山',871,876,34160000),(34010000,'云南省','昆明',871,871,34160000),(34050000,'云南省','昭通',871,870,34160000),(34100000,'云南省','普洱',871,879,34160000),(34020000,'云南省','曲靖',871,874,34160000),(34070000,'云南省','楚雄',871,878,34160000),(34030000,'云南省','玉溪',871,877,34160000),(34080000,'云南省','红河',871,873,34160000),(34110000,'云南省','西双版纳',871,691,34160000),(34150000,'云南省','迪庆',871,887,34160000),(14030000,'内蒙古自治区','乌海',471,473,14100000),(14080000,'内蒙古自治区','兴安盟',471,482,14100000),(14020000,'内蒙古自治区','包头',471,472,14100000),(14070000,'内蒙古自治区','呼伦贝尔',471,470,14100000),(14010000,'内蒙古自治区','呼和浩特',471,471,14100000),(14110000,'内蒙古自治区','巴彦淖尔',471,478,14100000),(14040000,'内蒙古自治区','赤峰',471,476,14100000),(14050000,'内蒙古自治区','通辽',471,475,14100000),(14060000,'内蒙古自治区','鄂尔多斯',471,477,14100000),(14090000,'内蒙古自治区','锡林郭勒',471,479,14100000),(14120000,'内蒙古自治区','阿拉善',471,483,14100000),(16030000,'吉林省','四平',431,434,16020000),(16090000,'吉林省','延边',431,433,16020000),(16070000,'吉林省','松原',431,438,16020000),(16080000,'吉林省','白城',431,436,16020000),(16060000,'吉林省','白山',431,439,16020000),(16040000,'吉林省','辽源',431,437,16020000),(16050000,'吉林省','通化',431,435,16020000),(16010000,'吉林省','长春',431,431,16020000),(32090000,'四川省','内江',280,832,32100000),(32210000,'四川省','凉山',280,834,32100000),(32110000,'四川省','南充',280,817,32100000),(32130000,'四川省','宜宾',280,831,32100000),(32170000,'四川省','巴中',280,827,32100000),(32070000,'四川省','广元',280,839,32100000),(32140000,'四川省','广安',280,826,32100000),(32050000,'四川省','德阳',280,838,32100000),(32010000,'四川省','成都',280,280,32100000),(32030000,'四川省','攀枝花',280,812,32100000),(32040000,'四川省','泸州',280,830,32100000),(32200000,'四川省','甘孜',280,836,32100000),(32120000,'四川省','眉山',280,811,32100000),(32060000,'四川省','绵阳',280,816,32100000),(32020000,'四川省','自贡',280,813,32100000),(32180000,'四川省','资阳',280,819,32100000),(32150000,'四川省','达州',280,818,32100000),(32080000,'四川省','遂宁',280,825,32100000),(32190000,'四川省','阿坝',280,837,32100000),(32160000,'四川省','雅安',280,835,32100000),(39030000,'宁夏回族自治区','吴忠',951,953,39050000),(39040000,'宁夏回族自治区','固原',951,954,39050000),(39020000,'宁夏回族自治区','石嘴山',951,952,39050000),(39010000,'宁夏回族自治区','银川',951,951,39050000),(21140000,'安徽省','六安',551,564,21150000),(21010000,'安徽省','合肥',551,551,21150000),(21080000,'安徽省','安庆',551,556,21150000),(21170000,'安徽省','宣城',551,563,21150000),(21120000,'安徽省','宿州',551,557,21150000),(21130000,'安徽省','巢湖',551,565,21150000),(21160000,'安徽省','池州',551,566,21150000),(21060000,'安徽省','淮北',551,561,21150000),(21040000,'安徽省','淮南',551,554,21150000),(21100000,'安徽省','滁州',551,550,21150000),(21020000,'安徽省','芜湖',551,553,21150000),(21030000,'安徽省','蚌埠',551,552,21150000),(21070000,'安徽省','铜陵',551,562,21150000),(21110000,'安徽省','阜阳',551,558,21150000),(21050000,'安徽省','马鞍山',551,555,21150000),(21090000,'安徽省','黄山',551,559,21150000),(24130000,'山东省','临沂',531,539,24050000),(24100000,'山东省','威海',531,631,24050000),(24140000,'山东省','德州',531,534,24050000),(24110000,'山东省','日照',531,633,24050000),(24040000,'山东省','枣庄',531,632,24050000),(24090000,'山东省','泰安',531,538,24050000),(24010000,'山东省','济南',531,531,24050000),(24080000,'山东省','济宁',531,537,24050000),(24030000,'山东省','淄博',531,533,24050000),(24160000,'山东省','滨州',531,543,24050000),(24070000,'山东省','潍坊',531,536,24050000),(24060000,'山东省','烟台',531,535,24050000),(24150000,'山东省','聊城',531,635,24050000),(24120000,'山东省','莱芜',531,634,24050000),(24170000,'山东省','菏泽',531,530,24050000),(24020000,'山东省','青岛',531,532,24050000),(13110000,'山西省','吕梁',351,358,13100000),(13020000,'山西省','大同',351,352,13100000),(13010000,'山西省','太原',351,351,13100000),(13090000,'山西省','忻州',351,350,13100000),(13070000,'山西省','晋中',351,354,13100000),(13050000,'山西省','晋城',351,356,13100000),(13060000,'山西省','朔州',351,349,13100000),(13080000,'山西省','运城',351,359,13100000),(13040000,'山西省','长治',351,355,13100000),(13030000,'山西省','阳泉',351,353,13100000),(28180000,'广东省','中山',200,760,28170000),(28210000,'广东省','云浮',200,766,28170000),(28060000,'广东省','佛山',200,757,28170000),(28010000,'广东省','广州',200,200,28170000),(28110000,'广东省','惠州',200,752,28170000),(28200000,'广东省','揭阳',200,663,28170000),(28120000,'广东省','梅州',200,753,28170000),(28050000,'广东省','汕头',200,754,28170000),(28130000,'广东省','汕尾',200,660,28170000),(28070000,'广东省','江门',200,750,28170000),(28140000,'广东省','河源',200,762,28170000),(28030000,'广东省','深圳',200,755,28170000),(28160000,'广东省','清远',200,763,28170000),(28080000,'广东省','湛江',200,759,28170000),(28190000,'广东省','潮州',200,768,28170000),(28040000,'广东省','珠海',200,756,28170000),(28100000,'广东省','肇庆',200,758,28170000),(28090000,'广东省','茂名',200,668,28170000),(28150000,'广东省','阳江',200,662,28170000),(28020000,'广东省','韶关',200,751,28170000),(29010000,'广西壮族自治区','南宁',771,771,29050000),(29020000,'广西壮族自治区','柳州',771,772,29050000),(29030000,'广西壮族自治区','桂林',771,773,29050000),(29040000,'广西壮族自治区','梧州',771,774,29050000),(29120000,'广西壮族自治区','河池',771,778,29050000),(29090000,'广西壮族自治区','玉林',771,775,29050000),(29100000,'广西壮族自治区','百色',771,776,29050000),(29070000,'广西壮族自治区','钦州',771,777,29050000),(29060000,'广西壮族自治区','防城港',771,770,29050000),(40120000,'新疆维吾尔自治区','伊犁',991,999,40010000),(40090000,'新疆维吾尔自治区','克孜勒苏',991,908,40010000),(40020000,'新疆维吾尔自治区','克拉玛依',991,990,40010000),(40060000,'新疆维吾尔自治区','博尔塔拉',991,909,40010000),(40030000,'新疆维吾尔自治区','吐鲁番',991,995,40010000),(40110000,'新疆维吾尔自治区','和田',991,903,40010000),(40040000,'新疆维吾尔自治区','哈密',991,902,40010000),(40100000,'新疆维吾尔自治区','喀什',991,998,40010000),(40130000,'新疆维吾尔自治区','塔城',991,901,40010000),(40190000,'新疆维吾尔自治区','奎屯',991,992,40010000),(40070000,'新疆维吾尔自治区','巴音郭楞',991,996,40010000),(40050000,'新疆维吾尔自治区','昌吉',991,994,40010000),(40150000,'新疆维吾尔自治区','石河子',991,993,40010000),(40080000,'新疆维吾尔自治区','阿克苏',991,997,40010000),(40140000,'新疆维吾尔自治区','阿勒泰',991,906,40010000),(19060000,'江苏省','南通',250,513,19010000),(19130000,'江苏省','宿迁',250,527,19010000),(19040000,'江苏省','常州',250,519,19010000),(19030000,'江苏省','徐州',250,516,19010000),(19100000,'江苏省','扬州',250,514,19010000),(19020000,'江苏省','无锡',250,510,19010000),(19120000,'江苏省','泰州',250,523,19010000),(19080000,'江苏省','淮安',250,517,19010000),(19090000,'江苏省','盐城',250,515,19010000),(19050000,'江苏省','苏州',250,512,19010000),(19070000,'江苏省','连云港',250,518,19010000),(19110000,'江苏省','镇江',250,511,19010000),(23040000,'江西省','九江',791,792,23110000),(23010000,'江西省','南昌',791,791,23110000),(23080000,'江西省','吉安',791,796,23110000),(23090000,'江西省','宜春',791,795,23110000),(23100000,'江西省','抚州',791,794,23110000),(23050000,'江西省','新余',791,790,23110000),(23020000,'江西省','景德镇',791,798,23110000),(23030000,'江西省','萍乡',791,799,23110000),(23070000,'江西省','赣州',791,797,23110000),(23060000,'江西省','鹰潭',791,701,23110000),(12020000,'河北省','唐山',311,315,12060000),(12100000,'河北省','廊坊',311,316,12060000),(12070000,'河北省','张家口',311,313,12060000),(12080000,'河北省','承德',311,314,12060000),(12090000,'河北省','沧州',311,317,12060000),(12010000,'河北省','石家庄',311,311,12060000),(12030000,'河北省','秦皇岛',311,335,12060000),(12110000,'河北省','衡水',311,318,12060000),(12050000,'河北省','邢台',311,319,12060000),(12040000,'河北省','邯郸',311,310,12060000),(25150000,'河南省','信阳',371,376,25120000),(25130000,'河南省','南阳',371,377,25120000),(25160000,'河南省','周口',371,394,25120000),(25140000,'河南省','商丘',371,370,25120000),(25050000,'河南省','安阳',371,372,25120000),(25040000,'河南省','平顶山',371,375,25120000),(25020000,'河南省','开封',371,378,25120000),(25070000,'河南省','新乡',371,373,25120000),(25030000,'河南省','洛阳',371,379,25120000),(25110000,'河南省','漯河',371,395,25120000),(25090000,'河南省','濮阳',371,393,25120000),(25080000,'河南省','焦作',371,391,25120000),(25100000,'河南省','许昌',371,374,25120000),(25010000,'河南省','郑州',371,371,25120000),(25170000,'河南省','驻马店',371,396,25120000),(25060000,'河南省','鹤壁',371,392,25120000),(20100000,'浙江省','台州',571,576,20110000),(20040000,'浙江省','嘉兴',571,573,20110000),(20020000,'浙江省','宁波',571,574,20110000),(20010000,'浙江省','杭州',571,571,20110000),(20030000,'浙江省','温州',571,577,20110000),(20050000,'浙江省','湖州',571,572,20110000),(20060000,'浙江省','绍兴',571,575,20110000),(20090000,'浙江省','舟山',571,580,20110000),(20080000,'浙江省','衢州',571,570,20110000),(20070000,'浙江省','金华',571,579,20110000),(26110000,'湖北省','咸宁',270,715,26030000),(26080000,'湖北省','孝感',270,712,26030000),(26040000,'湖北省','宜昌',270,717,26030000),(26130000,'湖北省','恩施',270,718,26030000),(26010000,'湖北省','武汉',270,270,26030000),(26140000,'湖北省','江汉',270,728,26030000),(26090000,'湖北省','荆州',270,716,26030000),(26070000,'湖北省','荆门',270,724,26030000),(26050000,'湖北省','襄樊',270,710,26030000),(26060000,'湖北省','鄂州',270,711,26030000),(26120000,'湖北省','随州',270,722,26030000),(26100000,'湖北省','黄冈',270,713,26030000),(26020000,'湖北省','黄石',270,714,26030000),(27060000,'湖南省','岳阳',731,730,27130000),(27070000,'湖南省','常德',731,736,27130000),(27080000,'湖南省','张家界',731,744,27130000),(27120000,'湖南省','怀化',731,745,27130000),(27020000,'湖南省','株洲',731,733,27130000),(27110000,'湖南省','永州',731,746,27130000),(27030000,'湖南省','湘潭',731,732,27130000),(27140000,'湖南省','湘西',731,743,27130000),(27090000,'湖南省','益阳',731,737,27130000),(27040000,'湖南省','衡阳',731,734,27130000),(27050000,'湖南省','邵阳',731,739,27130000),(27100000,'湖南省','郴州',731,735,27130000),(27010000,'湖南省','长沙',731,731,27130000),(37010000,'甘肃省','兰州',931,931,37130000),(37020000,'甘肃省','嘉峪关',931,947,37130000),(37050000,'甘肃省','天水',931,938,37130000),(37110000,'甘肃省','定西',931,932,37130000),(37080000,'甘肃省','平凉',931,933,37130000),(37100000,'甘肃省','庆阳',931,934,37130000),(37070000,'甘肃省','张掖',931,936,37130000),(37060000,'甘肃省','武威',931,935,37130000),(37140000,'甘肃省','甘南',931,941,37130000),(37040000,'甘肃省','白银',931,943,37130000),(37090000,'甘肃省','酒泉',931,937,37130000),(37030000,'甘肃省','金昌',931,945,37130000),(37120000,'甘肃省','陇南',931,939,37130000),(22070000,'福建省','南平',591,599,22040000),(22020000,'福建省','厦门',591,592,22040000),(22090000,'福建省','宁德',591,593,22040000),(22050000,'福建省','泉州',591,595,22040000),(22060000,'福建省','漳州',591,596,22040000),(22010000,'福建省','福州',591,591,22040000),(22030000,'福建省','莆田',591,594,22040000),(22080000,'福建省','龙岩',591,597,22040000),(35010000,'西藏自治区','拉萨',891,891,35030000),(35040000,'西藏自治区','日喀则',891,892,35030000),(35020000,'西藏自治区','昌都',891,895,35030000),(35070000,'西藏自治区','林芝',891,894,35030000),(35050000,'西藏自治区','那曲',891,896,35030000),(35060000,'西藏自治区','阿里',891,897,35030000),(33040000,'贵州省','安顺',851,853,33020000),(33070000,'贵州省','毕节',851,857,33020000),(33010000,'贵州省','贵阳',851,851,33020000),(33030000,'贵州省','遵义',851,852,33020000),(33100000,'贵州省','铜仁',851,856,33020000),(33080000,'贵州省','黔东南',851,855,33020000),(33090000,'贵州省','黔南',851,854,33020000),(33060000,'贵州省','黔西南',851,859,33020000),(15020000,'辽宁省','大连',240,411,15060000),(15040000,'辽宁省','抚顺',240,413,15060000),(15130000,'辽宁省','朝阳',240,421,15060000),(15050000,'辽宁省','本溪',240,414,15060000),(15010000,'辽宁省','沈阳',240,240,15060000),(15110000,'辽宁省','盘锦',240,427,15060000),(15080000,'辽宁省','营口',240,417,15060000),(15140000,'辽宁省','葫芦岛',240,429,15060000),(15100000,'辽宁省','辽阳',240,419,15060000),(15120000,'辽宁省','铁岭',240,410,15060000),(15070000,'辽宁省','锦州',240,416,15060000),(15090000,'辽宁省','阜新',240,418,15060000),(15030000,'辽宁省','鞍山',240,412,15060000),(36100000,'陕西省','商洛',290,914,36040000),(36090000,'陕西省','安康',290,915,36040000),(36030000,'陕西省','宝鸡',290,917,36040000),(36060000,'陕西省','延安',290,911,36040000),(36080000,'陕西省','榆林',290,912,36040000),(36070000,'陕西省','汉中',290,916,36040000),(36050000,'陕西省','渭南',290,913,36040000),(36010000,'陕西省','西安',290,290,36040000),(36020000,'陕西省','铜川',290,919,36040000),(38090000,'青海省','格尔木',971,979,38060000),(38020000,'青海省','海东',971,972,38060000),(38030000,'青海省','海北',971,970,38060000),(38050000,'青海省','海南州',971,974,38060000),(38080000,'青海省','海西',971,977,38060000),(38070000,'青海省','玉树',971,976,38060000),(38010000,'青海省','西宁',971,971,38060000),(38040000,'青海省','黄南',971,973,38060000),(17070000,'黑龙江省','伊春',451,458,17090000),(17080000,'黑龙江省','佳木斯',451,454,17090000),(17050000,'黑龙江省','双鸭山',451,469,17090000),(17010000,'黑龙江省','哈尔滨',451,451,17090000),(17130000,'黑龙江省','大兴安岭',451,457,17090000),(17060000,'黑龙江省','大庆',451,459,17090000),(17100000,'黑龙江省','牡丹江',451,453,17090000),(17120000,'黑龙江省','绥化',451,455,17090000),(17030000,'黑龙江省','鸡西',451,467,17090000),(17040000,'黑龙江省','鹤岗',451,468,17090000),(17110000,'黑龙江省','黑河',451,456,17090000),(17020000,'黑龙江省','齐齐哈尔',451,452,17090000);
/*!40000 ALTER TABLE `web2_city` ENABLE KEYS */;
UNLOCK TABLES;

--
-- Table structure for table `web2_dataset`
--

DROP TABLE IF EXISTS `web2_dataset`;
SET @saved_cs_client     = @@character_set_client;
SET character_set_client = utf8;
CREATE TABLE `web2_dataset` (
  `id` int(11) NOT NULL auto_increment,
  `name` varchar(50) NOT NULL,
  `cname` varchar(50) NOT NULL,
  `sql_sentence` longtext NOT NULL,
  PRIMARY KEY  (`id`)
) ENGINE=MyISAM AUTO_INCREMENT=41 DEFAULT CHARSET=utf8;
SET character_set_client = @saved_cs_client;

--
-- Dumping data for table `web2_dataset`
--

LOCK TABLES `web2_dataset` WRITE;
/*!40000 ALTER TABLE `web2_dataset` DISABLE KEYS */;
INSERT INTO `web2_dataset` VALUES (1,'call_city_day','KPI查询次数指标日数据',''),(2,'call_city_week','KPI查询次数指标周数据',''),(3,'call_city_month','KPI查询次数指标月数据',''),(4,'user_city_day','KPI用户数指标日数据',''),(5,'user_city_week','KPI用户数指标周数据',''),(6,'user_city_month','KPI用户数指标月数据',''),(7,'user_search_city_day','KPI信息查询用户数指标日数据',''),(8,'user_search_city_week','KPI信息查询用户数指标周数据',''),(9,'user_search_city_month','KPI信息查询用户数指标月数据',''),(10,'user_travel_city_day','KPI商旅用户数指标日数据',''),(11,'user_travel_city_week','KPI商旅用户数指标周数据',''),(12,'user_travel_city_month','KPI商旅用户数指标月数据',''),(13,'his_call_city_week','KPI累计查询次数指标周数据',''),(14,'his_call_city_month','KPI累计查询次数指标月数据',''),(15,'his_user_city_week','KPI累计用户数指标周数据',''),(16,'his_user_city_month','KPI累计用户数指标月数据',''),(17,'his_user_search_city_week','KPI累计信息查询用户数指标周数据',''),(18,'his_user_search_city_month','KPI累计信息查询用户数指标月数据',''),(19,'his_user_travel_city_week','KPI累计商旅用户数指标周数据',''),(20,'his_user_travel_city_month','KPI累计商旅用户数指标月数据',''),(21,'sales_city_day','KPI语音后向销售指标日数据',''),(22,'sales_city_week','KPI语音后向销售指标周数据',''),(23,'sales_city_month','KPI语音后向销售指标月数据',''),(24,'travel_account_city_day','KPI商旅业务量指标日数据',''),(25,'travel_account_city_week','KPI商旅业务量指标周数据',''),(26,'travel_account_city_month','KPI商旅业务量指标月数据',''),(27,'shbb_payusernum_city_day','KPI生活播报指标日数据',''),(28,'shbb_payusernum_city_week','KPI生活播报指标周数据',''),(29,'shbb_payusernum_city_month','KPI生活播报指标月数据',''),(30,'his_travel_account_city_week','KPI累计商旅业务量周数据',''),(31,'his_travel_account_city_month','KPI累计商旅业务量月数据','');
/*!40000 ALTER TABLE `web2_dataset` ENABLE KEYS */;
UNLOCK TABLES;

--
-- Table structure for table `web2_datasetcolumn`
--

DROP TABLE IF EXISTS `web2_datasetcolumn`;
SET @saved_cs_client     = @@character_set_client;
SET character_set_client = utf8;
CREATE TABLE `web2_datasetcolumn` (
  `id` int(11) NOT NULL auto_increment,
  `dataset_id` int(11) NOT NULL,
  `column_name` varchar(50) NOT NULL,
  `column_cname` varchar(50) NOT NULL,
  `column_type` varchar(1) NOT NULL,
  PRIMARY KEY  (`id`),
  KEY `web2_datasetcolumn_dataset_id` (`dataset_id`)
) ENGINE=MyISAM AUTO_INCREMENT=298 DEFAULT CHARSET=utf8;
SET character_set_client = @saved_cs_client;

--
-- Dumping data for table `web2_datasetcolumn`
--

LOCK TABLES `web2_datasetcolumn` WRITE;
/*!40000 ALTER TABLE `web2_datasetcolumn` DISABLE KEYS */;
INSERT INTO `web2_datasetcolumn` VALUES (1,1,'province','省份代码','0'),(2,1,'city','地区代码','0'),(3,1,'provname','省份名称','0'),(4,1,'cityname','地区名称','0'),(5,1,'kpiqn','KPI查询次数','1'),(6,1,'kpiinfoqn','KPI信息查询次数','1'),(7,1,'kpiflyqn','KPI机票查询次数','1'),(8,1,'kpihotelqn','KPI酒店查询次数','1'),(9,1,'begin_date','起始时间','2'),(10,1,'end_date','终止时间','2'),(11,2,'province','省份代码','0'),(12,2,'city','地区代码','0'),(13,2,'provname','省份名称','0'),(14,2,'cityname','地区名称','0'),(15,2,'kpiqn','KPI查询次数','1'),(16,2,'kpiinfoqn','KPI信息查询次数','1'),(17,2,'kpiflyqn','KPI机票查询次数','1'),(18,2,'kpihotelqn','KPI酒店查询次数','1'),(19,2,'begin_date','起始时间','2'),(20,2,'end_date','终止时间','2'),(21,3,'province','省份代码','0'),(22,3,'city','地区代码','0'),(23,3,'provname','省份名称','0'),(24,3,'cityname','地区名称','0'),(25,3,'kpiqn','KPI查询次数','1'),(26,3,'kpiinfoqn','KPI信息查询次数','1'),(27,3,'kpiflyqn','KPI机票查询次数','1'),(28,3,'kpihotelqn','KPI酒店查询次数','1'),(29,3,'begin_date','起始时间','2'),(30,3,'end_date','终止时间','2'),(31,4,'province','省份代码','0'),(32,4,'city','地区代码','0'),(33,4,'provname','省份名称','0'),(34,4,'cityname','地区名称','0'),(35,4,'kpiuser','KPI用户数','1'),(36,4,'kpiselfuser','KPI自网用户数','1'),(37,4,'kpibridgeuser','KPI网间用户数','1'),(38,4,'begin_date','起始时间','2'),(39,4,'end_date','终止时间','2'),(40,5,'province','省份代码','0'),(41,5,'city','地区代码','0'),(42,5,'provname','省份名称','0'),(43,5,'cityname','地区名称','0'),(44,5,'kpiuser','KPI用户数','1'),(45,5,'kpiselfuser','KPI自网用户数','1'),(46,5,'kpibridgeuser','KPI网间用户数','1'),(47,5,'begin_date','起始时间','2'),(48,5,'end_date','终止时间','2'),(49,6,'province','省份代码','0'),(50,6,'city','地区代码','0'),(51,6,'provname','省份名称','0'),(52,6,'cityname','地区名称','0'),(53,6,'kpiuser','KPI用户数','1'),(54,6,'kpiselfuser','KPI自网用户数','1'),(55,6,'kpibridgeuser','KPI网间用户数','1'),(56,6,'begin_date','起始时间','2'),(57,6,'end_date','终止时间','2'),(58,7,'province','省份代码','0'),(59,7,'city','地区代码','0'),(60,7,'provname','省份名称','0'),(61,7,'cityname','地区名称','0'),(62,7,'kpiinfoqn','KPI信息查询用户数','1'),(63,7,'kpiqselfuser','KPI信息查询自网用户数','1'),(64,7,'kpiqbridgeuser','KPI信息查询网间用户数','1'),(65,7,'kpiinfototal','KPI信息查询总时长','1'),(66,7,'begin_date','起始时间','2'),(67,7,'end_date','终止时间','2'),(68,8,'province','省份代码','0'),(69,8,'city','地区代码','0'),(70,8,'provname','省份名称','0'),(71,8,'cityname','地区名称','0'),(72,8,'kpiinfoqn','KPI信息查询用户数','1'),(73,8,'kpiqselfuser','KPI信息查询自网用户数','1'),(74,8,'kpiqbridgeuser','KPI信息查询网间用户数','1'),(75,8,'kpiinfototal','KPI信息查询总时长','1'),(76,8,'begin_date','起始时间','2'),(77,8,'end_date','终止时间','2'),(78,9,'province','省份代码','0'),(79,9,'city','地区代码','0'),(80,9,'provname','省份名称','0'),(81,9,'cityname','地区名称','0'),(82,9,'kpiinfoqn','KPI信息查询用户数','1'),(83,9,'kpiqselfuser','KPI信息查询自网用户数','1'),(84,9,'kpiqbridgeuser','KPI信息查询网间用户数','1'),(85,9,'kpiinfototal','KPI信息查询总时长','1'),(86,9,'begin_date','起始时间','2'),(87,9,'end_date','终止时间','2'),(88,10,'province','省份代码','0'),(89,10,'city','地区代码','0'),(90,10,'provname','省份名称','0'),(91,10,'cityname','城市名称','0'),(92,10,'kpitravelun','KPI商旅用户数','1'),(93,10,'kpihotelun','KPI酒店用户数','1'),(94,10,'kpiflyun','KPI机票用户数','1'),(95,10,'begin_date','起始时间','2'),(96,10,'end_date','终止时间','2'),(97,11,'province','省份代码','0'),(98,11,'city','地区代码','0'),(99,11,'provname','省份名称','0'),(100,11,'cityname','城市名称','0'),(101,11,'kpitravelun','KPI商旅用户数','1'),(102,11,'kpihotelun','KPI酒店用户数','1'),(103,11,'kpiflyun','KPI机票用户数','1'),(104,11,'begin_date','起始时间','2'),(105,11,'end_date','终止时间','2'),(106,12,'province','省份代码','0'),(107,12,'city','地区代码','0'),(108,12,'provname','省份名称','0'),(109,12,'cityname','城市名称','0'),(110,12,'kpitravelun','KPI商旅用户数','1'),(111,12,'kpihotelun','KPI酒店用户数','1'),(112,12,'kpiflyun','KPI机票用户数','1'),(113,12,'begin_date','起始时间','2'),(114,12,'end_date','终止时间','2'),(115,13,'province','省份代码','0'),(116,13,'city','地区代码','0'),(117,13,'provname','省份名称','0'),(118,13,'cityname','地区名称','0'),(119,13,'kpiqueryn','KPI查询次数','1'),(120,13,'kpiinfoqn','KPI信息查询次数','1'),(121,13,'kpiflyqn','KPI机票查询次数','1'),(122,13,'kpihotelqn','KPI酒店查询次数','1'),(123,13,'begin_date','起始时间','2'),(124,13,'end_date','终止时间','2'),(125,14,'province','省份代码','0'),(126,14,'city','地区代码','0'),(127,14,'provname','省份名称','0'),(128,14,'cityname','地区名称','0'),(129,14,'kpiqueryn','KPI查询次数','1'),(130,14,'kpiinfoqn','KPI信息查询次数','1'),(131,14,'kpiflyqn','KPI机票查询次数','1'),(132,14,'kpihotelqn','KPI酒店查询次数','1'),(133,14,'begin_date','起始时间','2'),(134,14,'end_date','终止时间','2'),(135,15,'province','省份编码','0'),(136,15,'city','城市编码','0'),(137,15,'provname','省份名称','0'),(138,15,'cityname','地区名称','0'),(139,15,'kpiusern','KPI用户数','1'),(140,15,'kpiselfun','KPI自网用户数','1'),(141,15,'kpibridgeun','KPI网间用户数','1'),(142,15,'begin_date','起始时间','2'),(143,15,'end_date','终止时间','2'),(144,16,'province','省份编码','0'),(145,16,'city','城市编码','0'),(146,16,'provname','省份名称','0'),(147,16,'cityname','地区名称','0'),(148,16,'kpiusern','KPI用户数','1'),(149,16,'kpiselfun','KPI自网用户数','1'),(150,16,'kpibridgeun','KPI网间用户数','1'),(151,16,'begin_date','起始时间','2'),(152,16,'end_date','终止时间','2'),(153,17,'province','省份编码','0'),(154,17,'city','城市编码','0'),(155,17,'provname','省份名称','0'),(156,17,'cityname','地区名称','0'),(157,17,'kpiinfoqn','KPI信息查询用户数','1'),(158,17,'kpiselfqn','KPI信息查询自网用户数','1'),(159,17,'kpibridgeqn','KPI信息查询网间用户数','1'),(160,17,'kpiinfosum','KPI信息查询总时长','1'),(161,17,'begin_date','起始时间','2'),(162,17,'end_date','终止时间','2'),(163,18,'province','省份编码','0'),(164,18,'city','城市编码','0'),(165,18,'provname','省份名称','0'),(166,18,'cityname','地区名称','0'),(167,18,'kpiinfoqn','KPI信息查询用户数','1'),(168,18,'kpiselfqn','KPI信息查询自网用户数','1'),(169,18,'kpibridgeqn','KPI信息查询网间用户数','1'),(170,18,'kpiinfosum','KPI信息查询总时长','1'),(171,18,'begin_date','起始时间','2'),(172,18,'end_date','终止时间','2'),(173,19,'province','省份编码','0'),(174,19,'city','城市编码','0'),(175,19,'provname','省份名称','0'),(176,19,'cityname','城市名称','0'),(177,19,'kpitravelun','KPI商旅用户数','1'),(178,19,'kpihotelun','KPI酒店用户数','1'),(179,19,'kpiflyun','KPI机票用户数','1'),(180,19,'begin_date','起始时间','2'),(181,19,'end_date','终止时间','2'),(182,20,'province','省份编码','0'),(183,20,'city','城市编码','0'),(184,20,'provname','省份名称','0'),(185,20,'cityname','城市名称','0'),(186,20,'kpitravelun','KPI商旅用户数','1'),(187,20,'kpihotelun','KPI酒店用户数','1'),(188,20,'kpiflyun','KPI机票用户数','1'),(189,20,'begin_date','起始时间','2'),(190,20,'end_date','终止时间','2'),(191,21,'province','省ID','0'),(192,21,'city','市ID','0'),(193,21,'provname','省名称','0'),(194,21,'cityname','市名称','0'),(195,21,'okbussnum','签约商户到达数','1'),(196,21,'okbusssort','签约商户到达数排名','1'),(197,21,'signbussnum','本期签约商户数','1'),(198,21,'adsearn','本期签约广告收入(预估)','1'),(199,21,'begin_date','起始时间','2'),(200,21,'end_date','终止时间','2'),(201,22,'province','省ID','0'),(202,22,'city','市ID','0'),(203,22,'provname','省名称','0'),(204,22,'cityname','市名称','0'),(205,22,'okbussnum','签约商户到达数','1'),(206,22,'okbusssort','签约商户到达数排名','1'),(207,22,'signbussnum','本期签约商户数','1'),(208,22,'adsearn','本期签约广告收入(预估)','1'),(209,22,'begin_date','起始时间','2'),(210,22,'end_date','终止时间','2'),(211,23,'province','省ID','0'),(212,23,'city','市ID','0'),(213,23,'provname','省名称','0'),(214,23,'cityname','市名称','0'),(215,23,'okbussnum','签约商户到达数','1'),(216,23,'okbusssort','签约商户到达数排名','1'),(217,23,'signbussnum','本期签约商户数','1'),(218,23,'adsearn','本期签约广告收入(预估)','1'),(219,23,'begin_date','起始时间','2'),(220,23,'end_date','终止时间','2'),(221,24,'province','省编码','0'),(222,24,'city','地市编码','0'),(223,24,'provname','省份名称','0'),(224,24,'cityname','地区名称','0'),(225,24,'hotelaccountrn','酒店结账间夜量','1'),(226,24,'tktaccountnum','机票结账票量','1'),(227,24,'hotelearn','酒店收入预估(元)','1'),(228,24,'tktearn','机票收入预估(元)','1'),(229,24,'begin_date','起始时间','2'),(230,24,'end_date','终止时间','2'),(231,25,'province','省编码','0'),(232,25,'city','地市编码','0'),(233,25,'provname','省份名称','0'),(234,25,'cityname','地区名称','0'),(235,25,'hotelaccountrn','酒店结账间夜量','1'),(236,25,'tktaccountnum','机票结账票量','1'),(237,25,'hotelearn','酒店收入预估(元)','1'),(238,25,'tktearn','机票收入预估(元)','1'),(239,25,'begin_date','起始时间','2'),(240,25,'end_date','终止时间','2'),(241,26,'province','省编码','0'),(242,26,'city','地市编码','0'),(243,26,'provname','省份名称','0'),(244,26,'cityname','地区名称','0'),(245,26,'hotelaccountrn','酒店结账间夜量','1'),(246,26,'tktaccountnum','机票结账票量','1'),(247,26,'hotelearn','酒店收入预估(元)','1'),(248,26,'tktearn','机票收入预估(元)','1'),(249,26,'begin_date','起始时间','2'),(250,26,'end_date','终止时间','2'),(251,27,'province','省代码','0'),(252,27,'city','地市代码','0'),(253,27,'provname','省份名称','0'),(254,27,'cityname','地区名称','0'),(255,27,'remainusernum','总用户数','1'),(256,27,'feeusernum','计费用户数','1'),(257,27,'totalfee','信息费预估(元)','1'),(258,27,'begin_date','起始时间','2'),(259,27,'end_date','终止时间','2'),(260,28,'province','省代码','0'),(261,28,'city','地市代码','0'),(262,28,'provname','省份名称','0'),(263,28,'cityname','地区名称','0'),(264,28,'remainusernum','总用户数','1'),(265,28,'feeusernum','计费用户数','1'),(266,28,'totalfee','信息费预估(元)','1'),(267,28,'begin_date','起始时间','2'),(268,28,'end_date','终止时间','2'),(269,29,'province','省代码','0'),(270,29,'city','地市代码','0'),(271,29,'provname','省份名称','0'),(272,29,'cityname','地区名称','0'),(273,29,'remainusernum','总用户数','1'),(274,29,'feeusernum','计费用户数','1'),(275,29,'totalfee','信息费预估(元)','1'),(276,29,'begin_date','起始时间','2'),(277,29,'end_date','终止时间','2'),(278,30,'province','省编码','0'),(279,30,'city','地市编码','0'),(280,30,'provname','省份名称','0'),(281,30,'cityname','地区名称','0'),(282,30,'hotelrn','累计酒店结账间夜量','1'),(283,30,'tktnum','累计机票结账票量','1'),(284,30,'hotelearn','累计酒店收入预估(元)','1'),(285,30,'tktearn','累计机票收入预估(元)','1'),(286,30,'begin_date','起始时间','2'),(287,30,'end_date','终止时间','2'),(288,31,'province','省编码','0'),(289,31,'city','地市编码','0'),(290,31,'provname','省份名称','0'),(291,31,'cityname','地区名称','0'),(292,31,'hotelrn','累计酒店结账间夜量','1'),(293,31,'tktnum','累计机票结账票量','1'),(294,31,'hotelearn','累计酒店收入预估(元)','1'),(295,31,'tktearn','累计机票收入预估(元)','1'),(296,31,'begin_date','起始时间','2'),(297,31,'end_date','终止时间','2');
/*!40000 ALTER TABLE `web2_datasetcolumn` ENABLE KEYS */;
UNLOCK TABLES;

--
-- Table structure for table `web2_view`
--

DROP TABLE IF EXISTS `web2_view`;
SET @saved_cs_client     = @@character_set_client;
SET character_set_client = utf8;
CREATE TABLE `web2_view` (
  `id` int(11) NOT NULL auto_increment,
  `cname` varchar(100) NOT NULL,
  `dataset_id` int(11) NOT NULL,
  `view_type` varchar(1) NOT NULL,
  `time_type` varchar(1) NOT NULL,
  `body` longtext NOT NULL,
  PRIMARY KEY  (`id`),
  KEY `web2_view_dataset_id` (`dataset_id`)
) ENGINE=MyISAM AUTO_INCREMENT=40 DEFAULT CHARSET=utf8;
SET character_set_client = @saved_cs_client;

--
-- Dumping data for table `web2_view`
--

LOCK TABLES `web2_view` WRITE;
/*!40000 ALTER TABLE `web2_view` DISABLE KEYS */;
INSERT INTO `web2_view` VALUES (12,'KPI用户数指标',4,'0','0','[{\"query\":{\"values\":[{\"name\":{\"cname\":\"字段名\",\"value\":\"provname\"},\"cname\":{\"cname\":\"中文名\",\"value\":\"省份名称\"},\"type\":{\"cname\":\"类型\",\"value\":\"1\"}},{\"name\":{\"cname\":\"字段名\",\"value\":\"cityname\"},\"cname\":{\"cname\":\"中文名\",\"value\":\"地区名称\"},\"type\":{\"cname\":\"类型\",\"value\":\"1\"}},{\"name\":{\"cname\":\"字段名\",\"value\":\"begin_date\"},\"cname\":{\"cname\":\"中文名\",\"value\":\"起始时间\"},\"type\":{\"cname\":\"类型\",\"value\":\"2\"}},{\"name\":{\"cname\":\"字段名\",\"value\":\"end_date\"},\"cname\":{\"cname\":\"中文名\",\"value\":\"终止时间\"},\"type\":{\"cname\":\"类型\",\"value\":\"2\"}}],\"cname\":\"条件\"}},{\"dimension\":{\"values\":[{\"name\":{\"cname\":\"字段名\",\"value\":\"provname\"},\"cname\":{\"cname\":\"中文名\",\"value\":\"省份名称\"}},{\"name\":{\"cname\":\"字段名\",\"value\":\"cityname\"},\"cname\":{\"cname\":\"中文名\",\"value\":\"地区名称\"}},{\"name\":{\"cname\":\"字段名\",\"value\":\"begin_date\"},\"cname\":{\"cname\":\"中文名\",\"value\":\"起始时间\"}},{\"name\":{\"cname\":\"字段名\",\"value\":\"end_date\"},\"cname\":{\"cname\":\"中文名\",\"value\":\"终止时间\"}}],\"cname\":\"维度\"}},{\"indicator\":{\"values\":[{\"name\":{\"cname\":\"字段名\",\"value\":\"provname\"},\"cname\":{\"cname\":\"中文名\",\"value\":\"省份名称\"},\"align\":{\"cname\":\"对齐\",\"value\":\"0\"},\"initcomma\":{\"cname\":\"千分位\",\"value\":false},\"decimal\":{\"cname\":\"小数位\",\"value\":\"0\"}},{\"name\":{\"cname\":\"字段名\",\"value\":\"cityname\"},\"cname\":{\"cname\":\"中文名\",\"value\":\"地区名称\"},\"align\":{\"cname\":\"对齐\",\"value\":\"0\"},\"initcomma\":{\"cname\":\"千分位\",\"value\":false},\"decimal\":{\"cname\":\"小数位\",\"value\":\"0\"}},{\"name\":{\"cname\":\"字段名\",\"value\":\"kpiuser\"},\"cname\":{\"cname\":\"中文名\",\"value\":\"KPI用户数\"},\"align\":{\"cname\":\"对齐\",\"value\":\"1\"},\"initcomma\":{\"cname\":\"千分位\",\"value\":true},\"decimal\":{\"cname\":\"小数位\",\"value\":\"0\"}},{\"name\":{\"cname\":\"字段名\",\"value\":\"kpiselfuser\"},\"cname\":{\"cname\":\"中文名\",\"value\":\"KPI自网用户数\"},\"align\":{\"cname\":\"对齐\",\"value\":\"1\"},\"initcomma\":{\"cname\":\"千分位\",\"value\":true},\"decimal\":{\"cname\":\"小数位\",\"value\":\"0\"}},{\"name\":{\"cname\":\"字段名\",\"value\":\"kpibridgeuser\"},\"cname\":{\"cname\":\"中文名\",\"value\":\"KPI网间用户数\"},\"align\":{\"cname\":\"对齐\",\"value\":\"1\"},\"initcomma\":{\"cname\":\"千分位\",\"value\":true},\"decimal\":{\"cname\":\"小数位\",\"value\":\"0\"}},{\"name\":{\"cname\":\"字段名\",\"value\":\"begin_date\"},\"cname\":{\"cname\":\"中文名\",\"value\":\"起始时间\"},\"align\":{\"cname\":\"对齐\",\"value\":\"2\"},\"initcomma\":{\"cname\":\"千分位\",\"value\":false},\"decimal\":{\"cname\":\"小数位\",\"value\":\"0\"}},{\"name\":{\"cname\":\"字段名\",\"value\":\"end_date\"},\"cname\":{\"cname\":\"中文名\",\"value\":\"终止时间\"},\"align\":{\"cname\":\"对齐\",\"value\":\"2\"},\"initcomma\":{\"cname\":\"千分位\",\"value\":false},\"decimal\":{\"cname\":\"小数位\",\"value\":\"0\"}}],\"cname\":\"指标\"}}]'),(10,'KPI查询次数指标',2,'0','1','[{\"query\":{\"values\":[{\"name\":{\"cname\":\"字段名\",\"value\":\"provname\"},\"cname\":{\"cname\":\"中文名\",\"value\":\"省份名称\"},\"type\":{\"cname\":\"类型\",\"value\":\"1\"}},{\"name\":{\"cname\":\"字段名\",\"value\":\"cityname\"},\"cname\":{\"cname\":\"中文名\",\"value\":\"地区名称\"},\"type\":{\"cname\":\"类型\",\"value\":\"1\"}},{\"name\":{\"cname\":\"字段名\",\"value\":\"begin_date\"},\"cname\":{\"cname\":\"中文名\",\"value\":\"起始时间\"},\"type\":{\"cname\":\"类型\",\"value\":\"0\"}},{\"name\":{\"cname\":\"字段名\",\"value\":\"end_date\"},\"cname\":{\"cname\":\"中文名\",\"value\":\"终止时间\"},\"type\":{\"cname\":\"类型\",\"value\":\"0\"}}],\"cname\":\"条件\"}},{\"dimension\":{\"values\":[{\"name\":{\"cname\":\"字段名\",\"value\":\"provname\"},\"cname\":{\"cname\":\"中文名\",\"value\":\"省份名称\"}},{\"name\":{\"cname\":\"字段名\",\"value\":\"cityname\"},\"cname\":{\"cname\":\"中文名\",\"value\":\"地区名称\"}},{\"name\":{\"cname\":\"字段名\",\"value\":\"begin_date\"},\"cname\":{\"cname\":\"中文名\",\"value\":\"起始时间\"}},{\"name\":{\"cname\":\"字段名\",\"value\":\"end_date\"},\"cname\":{\"cname\":\"中文名\",\"value\":\"终止时间\"}}],\"cname\":\"维度\"}},{\"indicator\":{\"values\":[{\"name\":{\"cname\":\"字段名\",\"value\":\"provname\"},\"cname\":{\"cname\":\"中文名\",\"value\":\"省份名称\"},\"align\":{\"cname\":\"对齐\",\"value\":\"0\"},\"initcomma\":{\"cname\":\"千分位\",\"value\":false},\"decimal\":{\"cname\":\"小数位\",\"value\":\"0\"}},{\"name\":{\"cname\":\"字段名\",\"value\":\"cityname\"},\"cname\":{\"cname\":\"中文名\",\"value\":\"地区名称\"},\"align\":{\"cname\":\"对齐\",\"value\":\"0\"},\"initcomma\":{\"cname\":\"千分位\",\"value\":false},\"decimal\":{\"cname\":\"小数位\",\"value\":\"0\"}},{\"name\":{\"cname\":\"字段名\",\"value\":\"kpiqn\"},\"cname\":{\"cname\":\"中文名\",\"value\":\"KPI查询次数\"},\"align\":{\"cname\":\"对齐\",\"value\":\"1\"},\"initcomma\":{\"cname\":\"千分位\",\"value\":true},\"decimal\":{\"cname\":\"小数位\",\"value\":\"0\"}},{\"name\":{\"cname\":\"字段名\",\"value\":\"kpiinfoqn\"},\"cname\":{\"cname\":\"中文名\",\"value\":\"KPI信息查询次数\"},\"align\":{\"cname\":\"对齐\",\"value\":\"1\"},\"initcomma\":{\"cname\":\"千分位\",\"value\":true},\"decimal\":{\"cname\":\"小数位\",\"value\":\"0\"}},{\"name\":{\"cname\":\"字段名\",\"value\":\"kpiflyqn\"},\"cname\":{\"cname\":\"中文名\",\"value\":\"KPI机票查询次数\"},\"align\":{\"cname\":\"对齐\",\"value\":\"1\"},\"initcomma\":{\"cname\":\"千分位\",\"value\":true},\"decimal\":{\"cname\":\"小数位\",\"value\":\"0\"}},{\"name\":{\"cname\":\"字段名\",\"value\":\"kpihotelqn\"},\"cname\":{\"cname\":\"中文名\",\"value\":\"KPI酒店查询次数\"},\"align\":{\"cname\":\"对齐\",\"value\":\"1\"},\"initcomma\":{\"cname\":\"千分位\",\"value\":true},\"decimal\":{\"cname\":\"小数位\",\"value\":\"0\"}},{\"name\":{\"cname\":\"字段名\",\"value\":\"begin_date\"},\"cname\":{\"cname\":\"中文名\",\"value\":\"起始时间\"},\"align\":{\"cname\":\"对齐\",\"value\":\"2\"},\"initcomma\":{\"cname\":\"千分位\",\"value\":false},\"decimal\":{\"cname\":\"小数位\",\"value\":\"0\"}},{\"name\":{\"cname\":\"字段名\",\"value\":\"end_date\"},\"cname\":{\"cname\":\"中文名\",\"value\":\"终止时间\"},\"align\":{\"cname\":\"对齐\",\"value\":\"2\"},\"initcomma\":{\"cname\":\"千分位\",\"value\":false},\"decimal\":{\"cname\":\"小数位\",\"value\":\"0\"}}],\"cname\":\"指标\"}}]'),(11,'KPI查询次数指标',3,'0','2','[{\"query\":{\"values\":[{\"name\":{\"cname\":\"字段名\",\"value\":\"provname\"},\"cname\":{\"cname\":\"中文名\",\"value\":\"省份名称\"},\"type\":{\"cname\":\"类型\",\"value\":\"1\"}},{\"name\":{\"cname\":\"字段名\",\"value\":\"cityname\"},\"cname\":{\"cname\":\"中文名\",\"value\":\"地区名称\"},\"type\":{\"cname\":\"类型\",\"value\":\"1\"}},{\"name\":{\"cname\":\"字段名\",\"value\":\"begin_date\"},\"cname\":{\"cname\":\"中文名\",\"value\":\"起始时间\"},\"type\":{\"cname\":\"类型\",\"value\":\"0\"}},{\"name\":{\"cname\":\"字段名\",\"value\":\"end_date\"},\"cname\":{\"cname\":\"中文名\",\"value\":\"终止时间\"},\"type\":{\"cname\":\"类型\",\"value\":\"0\"}}],\"cname\":\"条件\"}},{\"dimension\":{\"values\":[{\"name\":{\"cname\":\"字段名\",\"value\":\"provname\"},\"cname\":{\"cname\":\"中文名\",\"value\":\"省份名称\"}},{\"name\":{\"cname\":\"字段名\",\"value\":\"cityname\"},\"cname\":{\"cname\":\"中文名\",\"value\":\"地区名称\"}},{\"name\":{\"cname\":\"字段名\",\"value\":\"begin_date\"},\"cname\":{\"cname\":\"中文名\",\"value\":\"起始时间\"}},{\"name\":{\"cname\":\"字段名\",\"value\":\"end_date\"},\"cname\":{\"cname\":\"中文名\",\"value\":\"终止时间\"}}],\"cname\":\"维度\"}},{\"indicator\":{\"values\":[{\"name\":{\"cname\":\"字段名\",\"value\":\"provname\"},\"cname\":{\"cname\":\"中文名\",\"value\":\"省份名称\"},\"align\":{\"cname\":\"对齐\",\"value\":\"0\"},\"initcomma\":{\"cname\":\"千分位\",\"value\":false},\"decimal\":{\"cname\":\"小数位\",\"value\":\"0\"}},{\"name\":{\"cname\":\"字段名\",\"value\":\"cityname\"},\"cname\":{\"cname\":\"中文名\",\"value\":\"地区名称\"},\"align\":{\"cname\":\"对齐\",\"value\":\"0\"},\"initcomma\":{\"cname\":\"千分位\",\"value\":false},\"decimal\":{\"cname\":\"小数位\",\"value\":\"0\"}},{\"name\":{\"cname\":\"字段名\",\"value\":\"kpiqn\"},\"cname\":{\"cname\":\"中文名\",\"value\":\"KPI查询次数\"},\"align\":{\"cname\":\"对齐\",\"value\":\"1\"},\"initcomma\":{\"cname\":\"千分位\",\"value\":true},\"decimal\":{\"cname\":\"小数位\",\"value\":\"0\"}},{\"name\":{\"cname\":\"字段名\",\"value\":\"kpiinfoqn\"},\"cname\":{\"cname\":\"中文名\",\"value\":\"KPI信息查询次数\"},\"align\":{\"cname\":\"对齐\",\"value\":\"1\"},\"initcomma\":{\"cname\":\"千分位\",\"value\":true},\"decimal\":{\"cname\":\"小数位\",\"value\":\"0\"}},{\"name\":{\"cname\":\"字段名\",\"value\":\"kpiflyqn\"},\"cname\":{\"cname\":\"中文名\",\"value\":\"KPI机票查询次数\"},\"align\":{\"cname\":\"对齐\",\"value\":\"1\"},\"initcomma\":{\"cname\":\"千分位\",\"value\":true},\"decimal\":{\"cname\":\"小数位\",\"value\":\"0\"}},{\"name\":{\"cname\":\"字段名\",\"value\":\"kpihotelqn\"},\"cname\":{\"cname\":\"中文名\",\"value\":\"KPI酒店查询次数\"},\"align\":{\"cname\":\"对齐\",\"value\":\"1\"},\"initcomma\":{\"cname\":\"千分位\",\"value\":true},\"decimal\":{\"cname\":\"小数位\",\"value\":\"0\"}},{\"name\":{\"cname\":\"字段名\",\"value\":\"begin_date\"},\"cname\":{\"cname\":\"中文名\",\"value\":\"起始时间\"},\"align\":{\"cname\":\"对齐\",\"value\":\"2\"},\"initcomma\":{\"cname\":\"千分位\",\"value\":false},\"decimal\":{\"cname\":\"小数位\",\"value\":\"0\"}},{\"name\":{\"cname\":\"字段名\",\"value\":\"end_date\"},\"cname\":{\"cname\":\"中文名\",\"value\":\"终止时间\"},\"align\":{\"cname\":\"对齐\",\"value\":\"2\"},\"initcomma\":{\"cname\":\"千分位\",\"value\":false},\"decimal\":{\"cname\":\"小数位\",\"value\":\"0\"}}],\"cname\":\"指标\"}}]'),(9,'KPI查询次数指标',1,'0','0','[{\"query\":{\"values\":[{\"name\":{\"cname\":\"字段名\",\"value\":\"provname\"},\"cname\":{\"cname\":\"中文名\",\"value\":\"省份名称\"},\"type\":{\"cname\":\"类型\",\"value\":\"1\"}},{\"name\":{\"cname\":\"字段名\",\"value\":\"cityname\"},\"cname\":{\"cname\":\"中文名\",\"value\":\"地区名称\"},\"type\":{\"cname\":\"类型\",\"value\":\"1\"}},{\"name\":{\"cname\":\"字段名\",\"value\":\"begin_date\"},\"cname\":{\"cname\":\"中文名\",\"value\":\"起始时间\"},\"type\":{\"cname\":\"类型\",\"value\":\"2\"}},{\"name\":{\"cname\":\"字段名\",\"value\":\"end_date\"},\"cname\":{\"cname\":\"中文名\",\"value\":\"终止时间\"},\"type\":{\"cname\":\"类型\",\"value\":\"2\"}}],\"cname\":\"条件\"}},{\"dimension\":{\"values\":[{\"name\":{\"cname\":\"字段名\",\"value\":\"provname\"},\"cname\":{\"cname\":\"中文名\",\"value\":\"省份名称\"}},{\"name\":{\"cname\":\"字段名\",\"value\":\"cityname\"},\"cname\":{\"cname\":\"中文名\",\"value\":\"地区名称\"}},{\"name\":{\"cname\":\"字段名\",\"value\":\"begin_date\"},\"cname\":{\"cname\":\"中文名\",\"value\":\"起始时间\"}},{\"name\":{\"cname\":\"字段名\",\"value\":\"end_date\"},\"cname\":{\"cname\":\"中文名\",\"value\":\"终止时间\"}}],\"cname\":\"维度\"}},{\"indicator\":{\"values\":[{\"name\":{\"cname\":\"字段名\",\"value\":\"provname\"},\"cname\":{\"cname\":\"中文名\",\"value\":\"省份名称\"},\"align\":{\"cname\":\"对齐\",\"value\":\"0\"},\"initcomma\":{\"cname\":\"千分位\",\"value\":false},\"decimal\":{\"cname\":\"小数位\",\"value\":\"0\"}},{\"name\":{\"cname\":\"字段名\",\"value\":\"cityname\"},\"cname\":{\"cname\":\"中文名\",\"value\":\"地区名称\"},\"align\":{\"cname\":\"对齐\",\"value\":\"0\"},\"initcomma\":{\"cname\":\"千分位\",\"value\":false},\"decimal\":{\"cname\":\"小数位\",\"value\":\"0\"}},{\"name\":{\"cname\":\"字段名\",\"value\":\"kpiqn\"},\"cname\":{\"cname\":\"中文名\",\"value\":\"KPI查询次数\"},\"align\":{\"cname\":\"对齐\",\"value\":\"1\"},\"initcomma\":{\"cname\":\"千分位\",\"value\":true},\"decimal\":{\"cname\":\"小数位\",\"value\":\"0\"}},{\"name\":{\"cname\":\"字段名\",\"value\":\"kpiinfoqn\"},\"cname\":{\"cname\":\"中文名\",\"value\":\"KPI信息查询次数\"},\"align\":{\"cname\":\"对齐\",\"value\":\"1\"},\"initcomma\":{\"cname\":\"千分位\",\"value\":true},\"decimal\":{\"cname\":\"小数位\",\"value\":\"0\"}},{\"name\":{\"cname\":\"字段名\",\"value\":\"kpiflyqn\"},\"cname\":{\"cname\":\"中文名\",\"value\":\"KPI机票查询次数\"},\"align\":{\"cname\":\"对齐\",\"value\":\"1\"},\"initcomma\":{\"cname\":\"千分位\",\"value\":true},\"decimal\":{\"cname\":\"小数位\",\"value\":\"0\"}},{\"name\":{\"cname\":\"字段名\",\"value\":\"kpihotelqn\"},\"cname\":{\"cname\":\"中文名\",\"value\":\"KPI酒店查询次数\"},\"align\":{\"cname\":\"对齐\",\"value\":\"1\"},\"initcomma\":{\"cname\":\"千分位\",\"value\":true},\"decimal\":{\"cname\":\"小数位\",\"value\":\"0\"}},{\"name\":{\"cname\":\"字段名\",\"value\":\"begin_date\"},\"cname\":{\"cname\":\"中文名\",\"value\":\"起始时间\"},\"align\":{\"cname\":\"对齐\",\"value\":\"2\"},\"initcomma\":{\"cname\":\"千分位\",\"value\":false},\"decimal\":{\"cname\":\"小数位\",\"value\":\"0\"}},{\"name\":{\"cname\":\"字段名\",\"value\":\"end_date\"},\"cname\":{\"cname\":\"中文名\",\"value\":\"终止时间\"},\"align\":{\"cname\":\"对齐\",\"value\":\"2\"},\"initcomma\":{\"cname\":\"千分位\",\"value\":false},\"decimal\":{\"cname\":\"小数位\",\"value\":\"0\"}}],\"cname\":\"指标\"}}]'),(13,'KPI用户数指标',5,'0','1','[{\"query\":{\"values\":[{\"name\":{\"cname\":\"字段名\",\"value\":\"provname\"},\"cname\":{\"cname\":\"中文名\",\"value\":\"省份名称\"},\"type\":{\"cname\":\"类型\",\"value\":\"1\"}},{\"name\":{\"cname\":\"字段名\",\"value\":\"cityname\"},\"cname\":{\"cname\":\"中文名\",\"value\":\"地区名称\"},\"type\":{\"cname\":\"类型\",\"value\":\"1\"}},{\"name\":{\"cname\":\"字段名\",\"value\":\"begin_date\"},\"cname\":{\"cname\":\"中文名\",\"value\":\"起始时间\"},\"type\":{\"cname\":\"类型\",\"value\":\"0\"}},{\"name\":{\"cname\":\"字段名\",\"value\":\"end_date\"},\"cname\":{\"cname\":\"中文名\",\"value\":\"终止时间\"},\"type\":{\"cname\":\"类型\",\"value\":\"0\"}}],\"cname\":\"条件\"}},{\"dimension\":{\"values\":[{\"name\":{\"cname\":\"字段名\",\"value\":\"provname\"},\"cname\":{\"cname\":\"中文名\",\"value\":\"省份名称\"}},{\"name\":{\"cname\":\"字段名\",\"value\":\"cityname\"},\"cname\":{\"cname\":\"中文名\",\"value\":\"地区名称\"}},{\"name\":{\"cname\":\"字段名\",\"value\":\"begin_date\"},\"cname\":{\"cname\":\"中文名\",\"value\":\"起始时间\"}},{\"name\":{\"cname\":\"字段名\",\"value\":\"end_date\"},\"cname\":{\"cname\":\"中文名\",\"value\":\"终止时间\"}}],\"cname\":\"维度\"}},{\"indicator\":{\"values\":[{\"name\":{\"cname\":\"字段名\",\"value\":\"provname\"},\"cname\":{\"cname\":\"中文名\",\"value\":\"省份名称\"},\"align\":{\"cname\":\"对齐\",\"value\":\"0\"},\"initcomma\":{\"cname\":\"千分位\",\"value\":false},\"decimal\":{\"cname\":\"小数位\",\"value\":\"0\"}},{\"name\":{\"cname\":\"字段名\",\"value\":\"cityname\"},\"cname\":{\"cname\":\"中文名\",\"value\":\"地区名称\"},\"align\":{\"cname\":\"对齐\",\"value\":\"0\"},\"initcomma\":{\"cname\":\"千分位\",\"value\":false},\"decimal\":{\"cname\":\"小数位\",\"value\":\"0\"}},{\"name\":{\"cname\":\"字段名\",\"value\":\"kpiuser\"},\"cname\":{\"cname\":\"中文名\",\"value\":\"KPI用户数\"},\"align\":{\"cname\":\"对齐\",\"value\":\"1\"},\"initcomma\":{\"cname\":\"千分位\",\"value\":true},\"decimal\":{\"cname\":\"小数位\",\"value\":\"0\"}},{\"name\":{\"cname\":\"字段名\",\"value\":\"kpiselfuser\"},\"cname\":{\"cname\":\"中文名\",\"value\":\"KPI自网用户数\"},\"align\":{\"cname\":\"对齐\",\"value\":\"1\"},\"initcomma\":{\"cname\":\"千分位\",\"value\":true},\"decimal\":{\"cname\":\"小数位\",\"value\":\"0\"}},{\"name\":{\"cname\":\"字段名\",\"value\":\"kpibridgeuser\"},\"cname\":{\"cname\":\"中文名\",\"value\":\"KPI网间用户数\"},\"align\":{\"cname\":\"对齐\",\"value\":\"1\"},\"initcomma\":{\"cname\":\"千分位\",\"value\":true},\"decimal\":{\"cname\":\"小数位\",\"value\":\"0\"}},{\"name\":{\"cname\":\"字段名\",\"value\":\"begin_date\"},\"cname\":{\"cname\":\"中文名\",\"value\":\"起始时间\"},\"align\":{\"cname\":\"对齐\",\"value\":\"2\"},\"initcomma\":{\"cname\":\"千分位\",\"value\":false},\"decimal\":{\"cname\":\"小数位\",\"value\":\"0\"}},{\"name\":{\"cname\":\"字段名\",\"value\":\"end_date\"},\"cname\":{\"cname\":\"中文名\",\"value\":\"终止时间\"},\"align\":{\"cname\":\"对齐\",\"value\":\"2\"},\"initcomma\":{\"cname\":\"千分位\",\"value\":false},\"decimal\":{\"cname\":\"小数位\",\"value\":\"0\"}}],\"cname\":\"指标\"}}]'),(14,'KPI用户数指标',6,'0','2','[{\"query\":{\"values\":[{\"name\":{\"cname\":\"字段名\",\"value\":\"provname\"},\"cname\":{\"cname\":\"中文名\",\"value\":\"省份名称\"},\"type\":{\"cname\":\"类型\",\"value\":\"1\"}},{\"name\":{\"cname\":\"字段名\",\"value\":\"cityname\"},\"cname\":{\"cname\":\"中文名\",\"value\":\"地区名称\"},\"type\":{\"cname\":\"类型\",\"value\":\"1\"}},{\"name\":{\"cname\":\"字段名\",\"value\":\"begin_date\"},\"cname\":{\"cname\":\"中文名\",\"value\":\"起始时间\"},\"type\":{\"cname\":\"类型\",\"value\":\"0\"}},{\"name\":{\"cname\":\"字段名\",\"value\":\"end_date\"},\"cname\":{\"cname\":\"中文名\",\"value\":\"终止时间\"},\"type\":{\"cname\":\"类型\",\"value\":\"0\"}}],\"cname\":\"条件\"}},{\"dimension\":{\"values\":[{\"name\":{\"cname\":\"字段名\",\"value\":\"provname\"},\"cname\":{\"cname\":\"中文名\",\"value\":\"省份名称\"}},{\"name\":{\"cname\":\"字段名\",\"value\":\"cityname\"},\"cname\":{\"cname\":\"中文名\",\"value\":\"地区名称\"}},{\"name\":{\"cname\":\"字段名\",\"value\":\"begin_date\"},\"cname\":{\"cname\":\"中文名\",\"value\":\"起始时间\"}},{\"name\":{\"cname\":\"字段名\",\"value\":\"end_date\"},\"cname\":{\"cname\":\"中文名\",\"value\":\"终止时间\"}}],\"cname\":\"维度\"}},{\"indicator\":{\"values\":[{\"name\":{\"cname\":\"字段名\",\"value\":\"provname\"},\"cname\":{\"cname\":\"中文名\",\"value\":\"省份名称\"},\"align\":{\"cname\":\"对齐\",\"value\":\"0\"},\"initcomma\":{\"cname\":\"千分位\",\"value\":false},\"decimal\":{\"cname\":\"小数位\",\"value\":\"0\"}},{\"name\":{\"cname\":\"字段名\",\"value\":\"cityname\"},\"cname\":{\"cname\":\"中文名\",\"value\":\"地区名称\"},\"align\":{\"cname\":\"对齐\",\"value\":\"0\"},\"initcomma\":{\"cname\":\"千分位\",\"value\":false},\"decimal\":{\"cname\":\"小数位\",\"value\":\"0\"}},{\"name\":{\"cname\":\"字段名\",\"value\":\"kpiuser\"},\"cname\":{\"cname\":\"中文名\",\"value\":\"KPI用户数\"},\"align\":{\"cname\":\"对齐\",\"value\":\"1\"},\"initcomma\":{\"cname\":\"千分位\",\"value\":true},\"decimal\":{\"cname\":\"小数位\",\"value\":\"0\"}},{\"name\":{\"cname\":\"字段名\",\"value\":\"kpiselfuser\"},\"cname\":{\"cname\":\"中文名\",\"value\":\"KPI自网用户数\"},\"align\":{\"cname\":\"对齐\",\"value\":\"1\"},\"initcomma\":{\"cname\":\"千分位\",\"value\":true},\"decimal\":{\"cname\":\"小数位\",\"value\":\"0\"}},{\"name\":{\"cname\":\"字段名\",\"value\":\"kpibridgeuser\"},\"cname\":{\"cname\":\"中文名\",\"value\":\"KPI网间用户数\"},\"align\":{\"cname\":\"对齐\",\"value\":\"1\"},\"initcomma\":{\"cname\":\"千分位\",\"value\":true},\"decimal\":{\"cname\":\"小数位\",\"value\":\"0\"}},{\"name\":{\"cname\":\"字段名\",\"value\":\"begin_date\"},\"cname\":{\"cname\":\"中文名\",\"value\":\"起始时间\"},\"align\":{\"cname\":\"对齐\",\"value\":\"2\"},\"initcomma\":{\"cname\":\"千分位\",\"value\":false},\"decimal\":{\"cname\":\"小数位\",\"value\":\"0\"}},{\"name\":{\"cname\":\"字段名\",\"value\":\"end_date\"},\"cname\":{\"cname\":\"中文名\",\"value\":\"终止时间\"},\"align\":{\"cname\":\"对齐\",\"value\":\"2\"},\"initcomma\":{\"cname\":\"千分位\",\"value\":false},\"decimal\":{\"cname\":\"小数位\",\"value\":\"0\"}}],\"cname\":\"指标\"}}]'),(15,'KPI累计查询次数指标',14,'0','2','[{\"query\":{\"values\":[{\"name\":{\"cname\":\"字段名\",\"value\":\"provname\"},\"cname\":{\"cname\":\"中文名\",\"value\":\"省份名称\"},\"type\":{\"cname\":\"类型\",\"value\":\"1\"}},{\"name\":{\"cname\":\"字段名\",\"value\":\"cityname\"},\"cname\":{\"cname\":\"中文名\",\"value\":\"地区名称\"},\"type\":{\"cname\":\"类型\",\"value\":\"1\"}},{\"name\":{\"cname\":\"字段名\",\"value\":\"begin_date\"},\"cname\":{\"cname\":\"中文名\",\"value\":\"起始时间\"},\"type\":{\"cname\":\"类型\",\"value\":\"0\"}},{\"name\":{\"cname\":\"字段名\",\"value\":\"end_date\"},\"cname\":{\"cname\":\"中文名\",\"value\":\"终止时间\"},\"type\":{\"cname\":\"类型\",\"value\":\"0\"}}],\"cname\":\"条件\"}},{\"dimension\":{\"values\":[{\"name\":{\"cname\":\"字段名\",\"value\":\"provname\"},\"cname\":{\"cname\":\"中文名\",\"value\":\"省份名称\"}},{\"name\":{\"cname\":\"字段名\",\"value\":\"cityname\"},\"cname\":{\"cname\":\"中文名\",\"value\":\"地区名称\"}},{\"name\":{\"cname\":\"字段名\",\"value\":\"begin_date\"},\"cname\":{\"cname\":\"中文名\",\"value\":\"起始时间\"}},{\"name\":{\"cname\":\"字段名\",\"value\":\"end_date\"},\"cname\":{\"cname\":\"中文名\",\"value\":\"终止时间\"}}],\"cname\":\"维度\"}},{\"indicator\":{\"values\":[{\"name\":{\"cname\":\"字段名\",\"value\":\"provname\"},\"cname\":{\"cname\":\"中文名\",\"value\":\"省份名称\"},\"align\":{\"cname\":\"对齐\",\"value\":\"0\"},\"initcomma\":{\"cname\":\"千分位\",\"value\":false},\"decimal\":{\"cname\":\"小数位\",\"value\":\"0\"}},{\"name\":{\"cname\":\"字段名\",\"value\":\"cityname\"},\"cname\":{\"cname\":\"中文名\",\"value\":\"地区名称\"},\"align\":{\"cname\":\"对齐\",\"value\":\"0\"},\"initcomma\":{\"cname\":\"千分位\",\"value\":false},\"decimal\":{\"cname\":\"小数位\",\"value\":\"0\"}},{\"name\":{\"cname\":\"字段名\",\"value\":\"kpiqueryn\"},\"cname\":{\"cname\":\"中文名\",\"value\":\"KPI查询次数\"},\"align\":{\"cname\":\"对齐\",\"value\":\"1\"},\"initcomma\":{\"cname\":\"千分位\",\"value\":true},\"decimal\":{\"cname\":\"小数位\",\"value\":\"0\"}},{\"name\":{\"cname\":\"字段名\",\"value\":\"kpiinfoqn\"},\"cname\":{\"cname\":\"中文名\",\"value\":\"KPI信息查询次数\"},\"align\":{\"cname\":\"对齐\",\"value\":\"1\"},\"initcomma\":{\"cname\":\"千分位\",\"value\":true},\"decimal\":{\"cname\":\"小数位\",\"value\":\"0\"}},{\"name\":{\"cname\":\"字段名\",\"value\":\"kpiflyqn\"},\"cname\":{\"cname\":\"中文名\",\"value\":\"KPI机票查询次数\"},\"align\":{\"cname\":\"对齐\",\"value\":\"1\"},\"initcomma\":{\"cname\":\"千分位\",\"value\":true},\"decimal\":{\"cname\":\"小数位\",\"value\":\"0\"}},{\"name\":{\"cname\":\"字段名\",\"value\":\"kpihotelqn\"},\"cname\":{\"cname\":\"中文名\",\"value\":\"KPI酒店查询次数\"},\"align\":{\"cname\":\"对齐\",\"value\":\"1\"},\"initcomma\":{\"cname\":\"千分位\",\"value\":true},\"decimal\":{\"cname\":\"小数位\",\"value\":\"0\"}},{\"name\":{\"cname\":\"字段名\",\"value\":\"begin_date\"},\"cname\":{\"cname\":\"中文名\",\"value\":\"起始时间\"},\"align\":{\"cname\":\"对齐\",\"value\":\"2\"},\"initcomma\":{\"cname\":\"千分位\",\"value\":false},\"decimal\":{\"cname\":\"小数位\",\"value\":\"0\"}},{\"name\":{\"cname\":\"字段名\",\"value\":\"end_date\"},\"cname\":{\"cname\":\"中文名\",\"value\":\"终止时间\"},\"align\":{\"cname\":\"对齐\",\"value\":\"2\"},\"initcomma\":{\"cname\":\"千分位\",\"value\":false},\"decimal\":{\"cname\":\"小数位\",\"value\":\"0\"}}],\"cname\":\"指标\"}}]'),(16,'KPI累计查询次数指标',13,'0','1','[{\"query\":{\"values\":[{\"name\":{\"cname\":\"字段名\",\"value\":\"provname\"},\"cname\":{\"cname\":\"中文名\",\"value\":\"省份名称\"},\"type\":{\"cname\":\"类型\",\"value\":\"1\"}},{\"name\":{\"cname\":\"字段名\",\"value\":\"cityname\"},\"cname\":{\"cname\":\"中文名\",\"value\":\"地区名称\"},\"type\":{\"cname\":\"类型\",\"value\":\"1\"}},{\"name\":{\"cname\":\"字段名\",\"value\":\"begin_date\"},\"cname\":{\"cname\":\"中文名\",\"value\":\"起始时间\"},\"type\":{\"cname\":\"类型\",\"value\":\"0\"}},{\"name\":{\"cname\":\"字段名\",\"value\":\"end_date\"},\"cname\":{\"cname\":\"中文名\",\"value\":\"终止时间\"},\"type\":{\"cname\":\"类型\",\"value\":\"0\"}}],\"cname\":\"条件\"}},{\"dimension\":{\"values\":[{\"name\":{\"cname\":\"字段名\",\"value\":\"provname\"},\"cname\":{\"cname\":\"中文名\",\"value\":\"省份名称\"}},{\"name\":{\"cname\":\"字段名\",\"value\":\"cityname\"},\"cname\":{\"cname\":\"中文名\",\"value\":\"地区名称\"}},{\"name\":{\"cname\":\"字段名\",\"value\":\"begin_date\"},\"cname\":{\"cname\":\"中文名\",\"value\":\"起始时间\"}},{\"name\":{\"cname\":\"字段名\",\"value\":\"end_date\"},\"cname\":{\"cname\":\"中文名\",\"value\":\"终止时间\"}}],\"cname\":\"维度\"}},{\"indicator\":{\"values\":[{\"name\":{\"cname\":\"字段名\",\"value\":\"provname\"},\"cname\":{\"cname\":\"中文名\",\"value\":\"省份名称\"},\"align\":{\"cname\":\"对齐\",\"value\":\"0\"},\"initcomma\":{\"cname\":\"千分位\",\"value\":false},\"decimal\":{\"cname\":\"小数位\",\"value\":\"0\"}},{\"name\":{\"cname\":\"字段名\",\"value\":\"cityname\"},\"cname\":{\"cname\":\"中文名\",\"value\":\"地区名称\"},\"align\":{\"cname\":\"对齐\",\"value\":\"0\"},\"initcomma\":{\"cname\":\"千分位\",\"value\":false},\"decimal\":{\"cname\":\"小数位\",\"value\":\"0\"}},{\"name\":{\"cname\":\"字段名\",\"value\":\"kpiqueryn\"},\"cname\":{\"cname\":\"中文名\",\"value\":\"KPI查询次数\"},\"align\":{\"cname\":\"对齐\",\"value\":\"1\"},\"initcomma\":{\"cname\":\"千分位\",\"value\":true},\"decimal\":{\"cname\":\"小数位\",\"value\":\"0\"}},{\"name\":{\"cname\":\"字段名\",\"value\":\"kpiinfoqn\"},\"cname\":{\"cname\":\"中文名\",\"value\":\"KPI信息查询次数\"},\"align\":{\"cname\":\"对齐\",\"value\":\"1\"},\"initcomma\":{\"cname\":\"千分位\",\"value\":true},\"decimal\":{\"cname\":\"小数位\",\"value\":\"0\"}},{\"name\":{\"cname\":\"字段名\",\"value\":\"kpiflyqn\"},\"cname\":{\"cname\":\"中文名\",\"value\":\"KPI机票查询次数\"},\"align\":{\"cname\":\"对齐\",\"value\":\"1\"},\"initcomma\":{\"cname\":\"千分位\",\"value\":true},\"decimal\":{\"cname\":\"小数位\",\"value\":\"0\"}},{\"name\":{\"cname\":\"字段名\",\"value\":\"kpihotelqn\"},\"cname\":{\"cname\":\"中文名\",\"value\":\"KPI酒店查询次数\"},\"align\":{\"cname\":\"对齐\",\"value\":\"1\"},\"initcomma\":{\"cname\":\"千分位\",\"value\":true},\"decimal\":{\"cname\":\"小数位\",\"value\":\"0\"}},{\"name\":{\"cname\":\"字段名\",\"value\":\"begin_date\"},\"cname\":{\"cname\":\"中文名\",\"value\":\"起始时间\"},\"align\":{\"cname\":\"对齐\",\"value\":\"2\"},\"initcomma\":{\"cname\":\"千分位\",\"value\":false},\"decimal\":{\"cname\":\"小数位\",\"value\":\"0\"}},{\"name\":{\"cname\":\"字段名\",\"value\":\"end_date\"},\"cname\":{\"cname\":\"中文名\",\"value\":\"终止时间\"},\"align\":{\"cname\":\"对齐\",\"value\":\"2\"},\"initcomma\":{\"cname\":\"千分位\",\"value\":false},\"decimal\":{\"cname\":\"小数位\",\"value\":\"0\"}}],\"cname\":\"指标\"}}]'),(17,'KPI累计商旅用户数指标',19,'0','1','[{\"query\":{\"values\":[{\"name\":{\"cname\":\"字段名\",\"value\":\"provname\"},\"cname\":{\"cname\":\"中文名\",\"value\":\"省份名称\"},\"type\":{\"cname\":\"类型\",\"value\":\"1\"}},{\"name\":{\"cname\":\"字段名\",\"value\":\"cityname\"},\"cname\":{\"cname\":\"中文名\",\"value\":\"城市名称\"},\"type\":{\"cname\":\"类型\",\"value\":\"1\"}},{\"name\":{\"cname\":\"字段名\",\"value\":\"begin_date\"},\"cname\":{\"cname\":\"中文名\",\"value\":\"起始时间\"},\"type\":{\"cname\":\"类型\",\"value\":\"0\"}},{\"name\":{\"cname\":\"字段名\",\"value\":\"end_date\"},\"cname\":{\"cname\":\"中文名\",\"value\":\"终止时间\"},\"type\":{\"cname\":\"类型\",\"value\":\"0\"}}],\"cname\":\"条件\"}},{\"dimension\":{\"values\":[{\"name\":{\"cname\":\"字段名\",\"value\":\"provname\"},\"cname\":{\"cname\":\"中文名\",\"value\":\"省份名称\"}},{\"name\":{\"cname\":\"字段名\",\"value\":\"cityname\"},\"cname\":{\"cname\":\"中文名\",\"value\":\"城市名称\"}},{\"name\":{\"cname\":\"字段名\",\"value\":\"begin_date\"},\"cname\":{\"cname\":\"中文名\",\"value\":\"起始时间\"}},{\"name\":{\"cname\":\"字段名\",\"value\":\"end_date\"},\"cname\":{\"cname\":\"中文名\",\"value\":\"终止时间\"}}],\"cname\":\"维度\"}},{\"indicator\":{\"values\":[{\"name\":{\"cname\":\"字段名\",\"value\":\"provname\"},\"cname\":{\"cname\":\"中文名\",\"value\":\"省份名称\"},\"align\":{\"cname\":\"对齐\",\"value\":\"0\"},\"initcomma\":{\"cname\":\"千分位\",\"value\":false},\"decimal\":{\"cname\":\"小数位\",\"value\":\"0\"}},{\"name\":{\"cname\":\"字段名\",\"value\":\"cityname\"},\"cname\":{\"cname\":\"中文名\",\"value\":\"城市名称\"},\"align\":{\"cname\":\"对齐\",\"value\":\"0\"},\"initcomma\":{\"cname\":\"千分位\",\"value\":false},\"decimal\":{\"cname\":\"小数位\",\"value\":\"0\"}},{\"name\":{\"cname\":\"字段名\",\"value\":\"kpitravelun\"},\"cname\":{\"cname\":\"中文名\",\"value\":\"KPI商旅用户数\"},\"align\":{\"cname\":\"对齐\",\"value\":\"1\"},\"initcomma\":{\"cname\":\"千分位\",\"value\":true},\"decimal\":{\"cname\":\"小数位\",\"value\":\"0\"}},{\"name\":{\"cname\":\"字段名\",\"value\":\"kpihotelun\"},\"cname\":{\"cname\":\"中文名\",\"value\":\"KPI酒店用户数\"},\"align\":{\"cname\":\"对齐\",\"value\":\"1\"},\"initcomma\":{\"cname\":\"千分位\",\"value\":true},\"decimal\":{\"cname\":\"小数位\",\"value\":\"0\"}},{\"name\":{\"cname\":\"字段名\",\"value\":\"kpiflyun\"},\"cname\":{\"cname\":\"中文名\",\"value\":\"KPI机票用户数\"},\"align\":{\"cname\":\"对齐\",\"value\":\"1\"},\"initcomma\":{\"cname\":\"千分位\",\"value\":true},\"decimal\":{\"cname\":\"小数位\",\"value\":\"0\"}},{\"name\":{\"cname\":\"字段名\",\"value\":\"begin_date\"},\"cname\":{\"cname\":\"中文名\",\"value\":\"起始时间\"},\"align\":{\"cname\":\"对齐\",\"value\":\"2\"},\"initcomma\":{\"cname\":\"千分位\",\"value\":false},\"decimal\":{\"cname\":\"小数位\",\"value\":\"0\"}},{\"name\":{\"cname\":\"字段名\",\"value\":\"end_date\"},\"cname\":{\"cname\":\"中文名\",\"value\":\"终止时间\"},\"align\":{\"cname\":\"对齐\",\"value\":\"2\"},\"initcomma\":{\"cname\":\"千分位\",\"value\":false},\"decimal\":{\"cname\":\"小数位\",\"value\":\"0\"}}],\"cname\":\"指标\"}}]'),(18,'KPI累计商旅用户数指标',12,'0','2','[{\"query\":{\"values\":[{\"name\":{\"cname\":\"字段名\",\"value\":\"provname\"},\"cname\":{\"cname\":\"中文名\",\"value\":\"省份名称\"},\"type\":{\"cname\":\"类型\",\"value\":\"1\"}},{\"name\":{\"cname\":\"字段名\",\"value\":\"cityname\"},\"cname\":{\"cname\":\"中文名\",\"value\":\"城市名称\"},\"type\":{\"cname\":\"类型\",\"value\":\"1\"}},{\"name\":{\"cname\":\"字段名\",\"value\":\"begin_date\"},\"cname\":{\"cname\":\"中文名\",\"value\":\"起始时间\"},\"type\":{\"cname\":\"类型\",\"value\":\"0\"}},{\"name\":{\"cname\":\"字段名\",\"value\":\"end_date\"},\"cname\":{\"cname\":\"中文名\",\"value\":\"终止时间\"},\"type\":{\"cname\":\"类型\",\"value\":\"0\"}}],\"cname\":\"条件\"}},{\"dimension\":{\"values\":[{\"name\":{\"cname\":\"字段名\",\"value\":\"provname\"},\"cname\":{\"cname\":\"中文名\",\"value\":\"省份名称\"}},{\"name\":{\"cname\":\"字段名\",\"value\":\"cityname\"},\"cname\":{\"cname\":\"中文名\",\"value\":\"城市名称\"}},{\"name\":{\"cname\":\"字段名\",\"value\":\"begin_date\"},\"cname\":{\"cname\":\"中文名\",\"value\":\"起始时间\"}},{\"name\":{\"cname\":\"字段名\",\"value\":\"end_date\"},\"cname\":{\"cname\":\"中文名\",\"value\":\"终止时间\"}}],\"cname\":\"维度\"}},{\"indicator\":{\"values\":[{\"name\":{\"cname\":\"字段名\",\"value\":\"provname\"},\"cname\":{\"cname\":\"中文名\",\"value\":\"省份名称\"},\"align\":{\"cname\":\"对齐\",\"value\":\"0\"},\"initcomma\":{\"cname\":\"千分位\",\"value\":false},\"decimal\":{\"cname\":\"小数位\",\"value\":\"0\"}},{\"name\":{\"cname\":\"字段名\",\"value\":\"cityname\"},\"cname\":{\"cname\":\"中文名\",\"value\":\"城市名称\"},\"align\":{\"cname\":\"对齐\",\"value\":\"0\"},\"initcomma\":{\"cname\":\"千分位\",\"value\":false},\"decimal\":{\"cname\":\"小数位\",\"value\":\"0\"}},{\"name\":{\"cname\":\"字段名\",\"value\":\"kpitravelun\"},\"cname\":{\"cname\":\"中文名\",\"value\":\"KPI商旅用户数\"},\"align\":{\"cname\":\"对齐\",\"value\":\"1\"},\"initcomma\":{\"cname\":\"千分位\",\"value\":true},\"decimal\":{\"cname\":\"小数位\",\"value\":\"0\"}},{\"name\":{\"cname\":\"字段名\",\"value\":\"kpihotelun\"},\"cname\":{\"cname\":\"中文名\",\"value\":\"KPI酒店用户数\"},\"align\":{\"cname\":\"对齐\",\"value\":\"1\"},\"initcomma\":{\"cname\":\"千分位\",\"value\":true},\"decimal\":{\"cname\":\"小数位\",\"value\":\"0\"}},{\"name\":{\"cname\":\"字段名\",\"value\":\"kpiflyun\"},\"cname\":{\"cname\":\"中文名\",\"value\":\"KPI机票用户数\"},\"align\":{\"cname\":\"对齐\",\"value\":\"1\"},\"initcomma\":{\"cname\":\"千分位\",\"value\":true},\"decimal\":{\"cname\":\"小数位\",\"value\":\"0\"}},{\"name\":{\"cname\":\"字段名\",\"value\":\"begin_date\"},\"cname\":{\"cname\":\"中文名\",\"value\":\"起始时间\"},\"align\":{\"cname\":\"对齐\",\"value\":\"2\"},\"initcomma\":{\"cname\":\"千分位\",\"value\":false},\"decimal\":{\"cname\":\"小数位\",\"value\":\"0\"}},{\"name\":{\"cname\":\"字段名\",\"value\":\"end_date\"},\"cname\":{\"cname\":\"中文名\",\"value\":\"终止时间\"},\"align\":{\"cname\":\"对齐\",\"value\":\"2\"},\"initcomma\":{\"cname\":\"千分位\",\"value\":false},\"decimal\":{\"cname\":\"小数位\",\"value\":\"0\"}}],\"cname\":\"指标\"}}]'),(19,'KPI累计商旅业务量',30,'0','1','[{\"query\":{\"values\":[{\"name\":{\"cname\":\"字段名\",\"value\":\"provname\"},\"cname\":{\"cname\":\"中文名\",\"value\":\"省份名称\"},\"type\":{\"cname\":\"类型\",\"value\":\"1\"}},{\"name\":{\"cname\":\"字段名\",\"value\":\"cityname\"},\"cname\":{\"cname\":\"中文名\",\"value\":\"地区名称\"},\"type\":{\"cname\":\"类型\",\"value\":\"1\"}},{\"name\":{\"cname\":\"字段名\",\"value\":\"begin_date\"},\"cname\":{\"cname\":\"中文名\",\"value\":\"起始时间\"},\"type\":{\"cname\":\"类型\",\"value\":\"0\"}},{\"name\":{\"cname\":\"字段名\",\"value\":\"end_date\"},\"cname\":{\"cname\":\"中文名\",\"value\":\"终止时间\"},\"type\":{\"cname\":\"类型\",\"value\":\"0\"}}],\"cname\":\"条件\"}},{\"dimension\":{\"values\":[{\"name\":{\"cname\":\"字段名\",\"value\":\"provname\"},\"cname\":{\"cname\":\"中文名\",\"value\":\"省份名称\"}},{\"name\":{\"cname\":\"字段名\",\"value\":\"cityname\"},\"cname\":{\"cname\":\"中文名\",\"value\":\"地区名称\"}},{\"name\":{\"cname\":\"字段名\",\"value\":\"begin_date\"},\"cname\":{\"cname\":\"中文名\",\"value\":\"起始时间\"}},{\"name\":{\"cname\":\"字段名\",\"value\":\"end_date\"},\"cname\":{\"cname\":\"中文名\",\"value\":\"终止时间\"}}],\"cname\":\"维度\"}},{\"indicator\":{\"values\":[{\"name\":{\"cname\":\"字段名\",\"value\":\"provname\"},\"cname\":{\"cname\":\"中文名\",\"value\":\"省份名称\"},\"align\":{\"cname\":\"对齐\",\"value\":\"0\"},\"initcomma\":{\"cname\":\"千分位\",\"value\":false},\"decimal\":{\"cname\":\"小数位\",\"value\":\"0\"}},{\"name\":{\"cname\":\"字段名\",\"value\":\"cityname\"},\"cname\":{\"cname\":\"中文名\",\"value\":\"地区名称\"},\"align\":{\"cname\":\"对齐\",\"value\":\"0\"},\"initcomma\":{\"cname\":\"千分位\",\"value\":false},\"decimal\":{\"cname\":\"小数位\",\"value\":\"0\"}},{\"name\":{\"cname\":\"字段名\",\"value\":\"hotelrn\"},\"cname\":{\"cname\":\"中文名\",\"value\":\"累计酒店结账间夜量\"},\"align\":{\"cname\":\"对齐\",\"value\":\"1\"},\"initcomma\":{\"cname\":\"千分位\",\"value\":true},\"decimal\":{\"cname\":\"小数位\",\"value\":\"0\"}},{\"name\":{\"cname\":\"字段名\",\"value\":\"tktnum\"},\"cname\":{\"cname\":\"中文名\",\"value\":\"累计机票结账票量\"},\"align\":{\"cname\":\"对齐\",\"value\":\"1\"},\"initcomma\":{\"cname\":\"千分位\",\"value\":true},\"decimal\":{\"cname\":\"小数位\",\"value\":\"0\"}},{\"name\":{\"cname\":\"字段名\",\"value\":\"hotelearn\"},\"cname\":{\"cname\":\"中文名\",\"value\":\"累计酒店收入预估(元)\"},\"align\":{\"cname\":\"对齐\",\"value\":\"1\"},\"initcomma\":{\"cname\":\"千分位\",\"value\":true},\"decimal\":{\"cname\":\"小数位\",\"value\":\"2\"}},{\"name\":{\"cname\":\"字段名\",\"value\":\"tktearn\"},\"cname\":{\"cname\":\"中文名\",\"value\":\"累计机票收入预估(元)\"},\"align\":{\"cname\":\"对齐\",\"value\":\"1\"},\"initcomma\":{\"cname\":\"千分位\",\"value\":true},\"decimal\":{\"cname\":\"小数位\",\"value\":\"2\"}},{\"name\":{\"cname\":\"字段名\",\"value\":\"begin_date\"},\"cname\":{\"cname\":\"中文名\",\"value\":\"起始时间\"},\"align\":{\"cname\":\"对齐\",\"value\":\"2\"},\"initcomma\":{\"cname\":\"千分位\",\"value\":false},\"decimal\":{\"cname\":\"小数位\",\"value\":\"0\"}},{\"name\":{\"cname\":\"字段名\",\"value\":\"end_date\"},\"cname\":{\"cname\":\"中文名\",\"value\":\"终止时间\"},\"align\":{\"cname\":\"对齐\",\"value\":\"2\"},\"initcomma\":{\"cname\":\"千分位\",\"value\":false},\"decimal\":{\"cname\":\"小数位\",\"value\":\"0\"}}],\"cname\":\"指标\"}}]'),(20,'KPI累计商旅业务量',31,'0','2','[{\"query\":{\"values\":[{\"name\":{\"cname\":\"字段名\",\"value\":\"provname\"},\"cname\":{\"cname\":\"中文名\",\"value\":\"省份名称\"},\"type\":{\"cname\":\"类型\",\"value\":\"1\"}},{\"name\":{\"cname\":\"字段名\",\"value\":\"cityname\"},\"cname\":{\"cname\":\"中文名\",\"value\":\"地区名称\"},\"type\":{\"cname\":\"类型\",\"value\":\"1\"}},{\"name\":{\"cname\":\"字段名\",\"value\":\"begin_date\"},\"cname\":{\"cname\":\"中文名\",\"value\":\"起始时间\"},\"type\":{\"cname\":\"类型\",\"value\":\"0\"}},{\"name\":{\"cname\":\"字段名\",\"value\":\"end_date\"},\"cname\":{\"cname\":\"中文名\",\"value\":\"终止时间\"},\"type\":{\"cname\":\"类型\",\"value\":\"0\"}}],\"cname\":\"条件\"}},{\"dimension\":{\"values\":[{\"name\":{\"cname\":\"字段名\",\"value\":\"provname\"},\"cname\":{\"cname\":\"中文名\",\"value\":\"省份名称\"}},{\"name\":{\"cname\":\"字段名\",\"value\":\"cityname\"},\"cname\":{\"cname\":\"中文名\",\"value\":\"地区名称\"}},{\"name\":{\"cname\":\"字段名\",\"value\":\"begin_date\"},\"cname\":{\"cname\":\"中文名\",\"value\":\"起始时间\"}},{\"name\":{\"cname\":\"字段名\",\"value\":\"end_date\"},\"cname\":{\"cname\":\"中文名\",\"value\":\"终止时间\"}}],\"cname\":\"维度\"}},{\"indicator\":{\"values\":[{\"name\":{\"cname\":\"字段名\",\"value\":\"provname\"},\"cname\":{\"cname\":\"中文名\",\"value\":\"省份名称\"},\"align\":{\"cname\":\"对齐\",\"value\":\"0\"},\"initcomma\":{\"cname\":\"千分位\",\"value\":false},\"decimal\":{\"cname\":\"小数位\",\"value\":\"0\"}},{\"name\":{\"cname\":\"字段名\",\"value\":\"cityname\"},\"cname\":{\"cname\":\"中文名\",\"value\":\"地区名称\"},\"align\":{\"cname\":\"对齐\",\"value\":\"0\"},\"initcomma\":{\"cname\":\"千分位\",\"value\":false},\"decimal\":{\"cname\":\"小数位\",\"value\":\"0\"}},{\"name\":{\"cname\":\"字段名\",\"value\":\"hotelrn\"},\"cname\":{\"cname\":\"中文名\",\"value\":\"累计酒店结账间夜量\"},\"align\":{\"cname\":\"对齐\",\"value\":\"1\"},\"initcomma\":{\"cname\":\"千分位\",\"value\":true},\"decimal\":{\"cname\":\"小数位\",\"value\":\"0\"}},{\"name\":{\"cname\":\"字段名\",\"value\":\"tktnum\"},\"cname\":{\"cname\":\"中文名\",\"value\":\"累计机票结账票量\"},\"align\":{\"cname\":\"对齐\",\"value\":\"1\"},\"initcomma\":{\"cname\":\"千分位\",\"value\":true},\"decimal\":{\"cname\":\"小数位\",\"value\":\"0\"}},{\"name\":{\"cname\":\"字段名\",\"value\":\"hotelearn\"},\"cname\":{\"cname\":\"中文名\",\"value\":\"累计酒店收入预估(元)\"},\"align\":{\"cname\":\"对齐\",\"value\":\"1\"},\"initcomma\":{\"cname\":\"千分位\",\"value\":true},\"decimal\":{\"cname\":\"小数位\",\"value\":\"2\"}},{\"name\":{\"cname\":\"字段名\",\"value\":\"tktearn\"},\"cname\":{\"cname\":\"中文名\",\"value\":\"累计机票收入预估(元)\"},\"align\":{\"cname\":\"对齐\",\"value\":\"1\"},\"initcomma\":{\"cname\":\"千分位\",\"value\":true},\"decimal\":{\"cname\":\"小数位\",\"value\":\"2\"}},{\"name\":{\"cname\":\"字段名\",\"value\":\"begin_date\"},\"cname\":{\"cname\":\"中文名\",\"value\":\"起始时间\"},\"align\":{\"cname\":\"对齐\",\"value\":\"2\"},\"initcomma\":{\"cname\":\"千分位\",\"value\":false},\"decimal\":{\"cname\":\"小数位\",\"value\":\"0\"}},{\"name\":{\"cname\":\"字段名\",\"value\":\"end_date\"},\"cname\":{\"cname\":\"中文名\",\"value\":\"终止时间\"},\"align\":{\"cname\":\"对齐\",\"value\":\"2\"},\"initcomma\":{\"cname\":\"千分位\",\"value\":false},\"decimal\":{\"cname\":\"小数位\",\"value\":\"0\"}}],\"cname\":\"指标\"}}]'),(21,'KPI累计信息查询用户数指标',17,'0','1','[{\"query\":{\"values\":[{\"name\":{\"cname\":\"字段名\",\"value\":\"provname\"},\"cname\":{\"cname\":\"中文名\",\"value\":\"省份名称\"},\"type\":{\"cname\":\"类型\",\"value\":\"1\"}},{\"name\":{\"cname\":\"字段名\",\"value\":\"cityname\"},\"cname\":{\"cname\":\"中文名\",\"value\":\"地区名称\"},\"type\":{\"cname\":\"类型\",\"value\":\"1\"}},{\"name\":{\"cname\":\"字段名\",\"value\":\"begin_date\"},\"cname\":{\"cname\":\"中文名\",\"value\":\"起始时间\"},\"type\":{\"cname\":\"类型\",\"value\":\"0\"}},{\"name\":{\"cname\":\"字段名\",\"value\":\"end_date\"},\"cname\":{\"cname\":\"中文名\",\"value\":\"终止时间\"},\"type\":{\"cname\":\"类型\",\"value\":\"0\"}}],\"cname\":\"条件\"}},{\"dimension\":{\"values\":[{\"name\":{\"cname\":\"字段名\",\"value\":\"provname\"},\"cname\":{\"cname\":\"中文名\",\"value\":\"省份名称\"}},{\"name\":{\"cname\":\"字段名\",\"value\":\"cityname\"},\"cname\":{\"cname\":\"中文名\",\"value\":\"地区名称\"}},{\"name\":{\"cname\":\"字段名\",\"value\":\"begin_date\"},\"cname\":{\"cname\":\"中文名\",\"value\":\"起始时间\"}},{\"name\":{\"cname\":\"字段名\",\"value\":\"end_date\"},\"cname\":{\"cname\":\"中文名\",\"value\":\"终止时间\"}}],\"cname\":\"维度\"}},{\"indicator\":{\"values\":[{\"name\":{\"cname\":\"字段名\",\"value\":\"provname\"},\"cname\":{\"cname\":\"中文名\",\"value\":\"省份名称\"},\"align\":{\"cname\":\"对齐\",\"value\":\"0\"},\"initcomma\":{\"cname\":\"千分位\",\"value\":false},\"decimal\":{\"cname\":\"小数位\",\"value\":\"0\"}},{\"name\":{\"cname\":\"字段名\",\"value\":\"cityname\"},\"cname\":{\"cname\":\"中文名\",\"value\":\"地区名称\"},\"align\":{\"cname\":\"对齐\",\"value\":\"0\"},\"initcomma\":{\"cname\":\"千分位\",\"value\":false},\"decimal\":{\"cname\":\"小数位\",\"value\":\"0\"}},{\"name\":{\"cname\":\"字段名\",\"value\":\"kpiinfoqn\"},\"cname\":{\"cname\":\"中文名\",\"value\":\"KPI信息查询用户数\"},\"align\":{\"cname\":\"对齐\",\"value\":\"1\"},\"initcomma\":{\"cname\":\"千分位\",\"value\":true},\"decimal\":{\"cname\":\"小数位\",\"value\":\"0\"}},{\"name\":{\"cname\":\"字段名\",\"value\":\"kpiselfqn\"},\"cname\":{\"cname\":\"中文名\",\"value\":\"KPI信息查询自网用户数\"},\"align\":{\"cname\":\"对齐\",\"value\":\"1\"},\"initcomma\":{\"cname\":\"千分位\",\"value\":true},\"decimal\":{\"cname\":\"小数位\",\"value\":\"0\"}},{\"name\":{\"cname\":\"字段名\",\"value\":\"kpibridgeqn\"},\"cname\":{\"cname\":\"中文名\",\"value\":\"KPI信息查询网间用户数\"},\"align\":{\"cname\":\"对齐\",\"value\":\"1\"},\"initcomma\":{\"cname\":\"千分位\",\"value\":true},\"decimal\":{\"cname\":\"小数位\",\"value\":\"0\"}},{\"name\":{\"cname\":\"字段名\",\"value\":\"kpiinfosum\"},\"cname\":{\"cname\":\"中文名\",\"value\":\"KPI信息查询总时长\"},\"align\":{\"cname\":\"对齐\",\"value\":\"1\"},\"initcomma\":{\"cname\":\"千分位\",\"value\":true},\"decimal\":{\"cname\":\"小数位\",\"value\":\"0\"}},{\"name\":{\"cname\":\"字段名\",\"value\":\"begin_date\"},\"cname\":{\"cname\":\"中文名\",\"value\":\"起始时间\"},\"align\":{\"cname\":\"对齐\",\"value\":\"2\"},\"initcomma\":{\"cname\":\"千分位\",\"value\":false},\"decimal\":{\"cname\":\"小数位\",\"value\":\"0\"}},{\"name\":{\"cname\":\"字段名\",\"value\":\"end_date\"},\"cname\":{\"cname\":\"中文名\",\"value\":\"终止时间\"},\"align\":{\"cname\":\"对齐\",\"value\":\"2\"},\"initcomma\":{\"cname\":\"千分位\",\"value\":false},\"decimal\":{\"cname\":\"小数位\",\"value\":\"0\"}}],\"cname\":\"指标\"}}]'),(22,'KPI累计信息查询用户数指标',18,'0','2','[{\"query\":{\"values\":[{\"name\":{\"cname\":\"字段名\",\"value\":\"provname\"},\"cname\":{\"cname\":\"中文名\",\"value\":\"省份名称\"},\"type\":{\"cname\":\"类型\",\"value\":\"1\"}},{\"name\":{\"cname\":\"字段名\",\"value\":\"cityname\"},\"cname\":{\"cname\":\"中文名\",\"value\":\"地区名称\"},\"type\":{\"cname\":\"类型\",\"value\":\"1\"}},{\"name\":{\"cname\":\"字段名\",\"value\":\"begin_date\"},\"cname\":{\"cname\":\"中文名\",\"value\":\"起始时间\"},\"type\":{\"cname\":\"类型\",\"value\":\"0\"}},{\"name\":{\"cname\":\"字段名\",\"value\":\"end_date\"},\"cname\":{\"cname\":\"中文名\",\"value\":\"终止时间\"},\"type\":{\"cname\":\"类型\",\"value\":\"0\"}}],\"cname\":\"条件\"}},{\"dimension\":{\"values\":[{\"name\":{\"cname\":\"字段名\",\"value\":\"provname\"},\"cname\":{\"cname\":\"中文名\",\"value\":\"省份名称\"}},{\"name\":{\"cname\":\"字段名\",\"value\":\"cityname\"},\"cname\":{\"cname\":\"中文名\",\"value\":\"地区名称\"}},{\"name\":{\"cname\":\"字段名\",\"value\":\"begin_date\"},\"cname\":{\"cname\":\"中文名\",\"value\":\"起始时间\"}},{\"name\":{\"cname\":\"字段名\",\"value\":\"end_date\"},\"cname\":{\"cname\":\"中文名\",\"value\":\"终止时间\"}}],\"cname\":\"维度\"}},{\"indicator\":{\"values\":[{\"name\":{\"cname\":\"字段名\",\"value\":\"provname\"},\"cname\":{\"cname\":\"中文名\",\"value\":\"省份名称\"},\"align\":{\"cname\":\"对齐\",\"value\":\"0\"},\"initcomma\":{\"cname\":\"千分位\",\"value\":false},\"decimal\":{\"cname\":\"小数位\",\"value\":\"0\"}},{\"name\":{\"cname\":\"字段名\",\"value\":\"cityname\"},\"cname\":{\"cname\":\"中文名\",\"value\":\"地区名称\"},\"align\":{\"cname\":\"对齐\",\"value\":\"0\"},\"initcomma\":{\"cname\":\"千分位\",\"value\":false},\"decimal\":{\"cname\":\"小数位\",\"value\":\"0\"}},{\"name\":{\"cname\":\"字段名\",\"value\":\"kpiinfoqn\"},\"cname\":{\"cname\":\"中文名\",\"value\":\"KPI信息查询用户数\"},\"align\":{\"cname\":\"对齐\",\"value\":\"1\"},\"initcomma\":{\"cname\":\"千分位\",\"value\":true},\"decimal\":{\"cname\":\"小数位\",\"value\":\"0\"}},{\"name\":{\"cname\":\"字段名\",\"value\":\"kpiselfqn\"},\"cname\":{\"cname\":\"中文名\",\"value\":\"KPI信息查询自网用户数\"},\"align\":{\"cname\":\"对齐\",\"value\":\"1\"},\"initcomma\":{\"cname\":\"千分位\",\"value\":true},\"decimal\":{\"cname\":\"小数位\",\"value\":\"0\"}},{\"name\":{\"cname\":\"字段名\",\"value\":\"kpibridgeqn\"},\"cname\":{\"cname\":\"中文名\",\"value\":\"KPI信息查询网间用户数\"},\"align\":{\"cname\":\"对齐\",\"value\":\"1\"},\"initcomma\":{\"cname\":\"千分位\",\"value\":true},\"decimal\":{\"cname\":\"小数位\",\"value\":\"0\"}},{\"name\":{\"cname\":\"字段名\",\"value\":\"kpiinfosum\"},\"cname\":{\"cname\":\"中文名\",\"value\":\"KPI信息查询总时长\"},\"align\":{\"cname\":\"对齐\",\"value\":\"1\"},\"initcomma\":{\"cname\":\"千分位\",\"value\":true},\"decimal\":{\"cname\":\"小数位\",\"value\":\"0\"}},{\"name\":{\"cname\":\"字段名\",\"value\":\"begin_date\"},\"cname\":{\"cname\":\"中文名\",\"value\":\"起始时间\"},\"align\":{\"cname\":\"对齐\",\"value\":\"2\"},\"initcomma\":{\"cname\":\"千分位\",\"value\":false},\"decimal\":{\"cname\":\"小数位\",\"value\":\"0\"}},{\"name\":{\"cname\":\"字段名\",\"value\":\"end_date\"},\"cname\":{\"cname\":\"中文名\",\"value\":\"终止时间\"},\"align\":{\"cname\":\"对齐\",\"value\":\"2\"},\"initcomma\":{\"cname\":\"千分位\",\"value\":false},\"decimal\":{\"cname\":\"小数位\",\"value\":\"0\"}}],\"cname\":\"指标\"}}]'),(23,'KPI累计用户数指标',15,'0','1','[{\"query\":{\"values\":[{\"name\":{\"cname\":\"字段名\",\"value\":\"provname\"},\"cname\":{\"cname\":\"中文名\",\"value\":\"省份名称\"},\"type\":{\"cname\":\"类型\",\"value\":\"1\"}},{\"name\":{\"cname\":\"字段名\",\"value\":\"cityname\"},\"cname\":{\"cname\":\"中文名\",\"value\":\"地区名称\"},\"type\":{\"cname\":\"类型\",\"value\":\"1\"}},{\"name\":{\"cname\":\"字段名\",\"value\":\"begin_date\"},\"cname\":{\"cname\":\"中文名\",\"value\":\"起始时间\"},\"type\":{\"cname\":\"类型\",\"value\":\"0\"}},{\"name\":{\"cname\":\"字段名\",\"value\":\"end_date\"},\"cname\":{\"cname\":\"中文名\",\"value\":\"终止时间\"},\"type\":{\"cname\":\"类型\",\"value\":\"0\"}}],\"cname\":\"条件\"}},{\"dimension\":{\"values\":[{\"name\":{\"cname\":\"字段名\",\"value\":\"provname\"},\"cname\":{\"cname\":\"中文名\",\"value\":\"省份名称\"}},{\"name\":{\"cname\":\"字段名\",\"value\":\"cityname\"},\"cname\":{\"cname\":\"中文名\",\"value\":\"地区名称\"}},{\"name\":{\"cname\":\"字段名\",\"value\":\"begin_date\"},\"cname\":{\"cname\":\"中文名\",\"value\":\"起始时间\"}},{\"name\":{\"cname\":\"字段名\",\"value\":\"end_date\"},\"cname\":{\"cname\":\"中文名\",\"value\":\"终止时间\"}}],\"cname\":\"维度\"}},{\"indicator\":{\"values\":[{\"name\":{\"cname\":\"字段名\",\"value\":\"provname\"},\"cname\":{\"cname\":\"中文名\",\"value\":\"省份名称\"},\"align\":{\"cname\":\"对齐\",\"value\":\"0\"},\"initcomma\":{\"cname\":\"千分位\",\"value\":false},\"decimal\":{\"cname\":\"小数位\",\"value\":\"0\"}},{\"name\":{\"cname\":\"字段名\",\"value\":\"cityname\"},\"cname\":{\"cname\":\"中文名\",\"value\":\"地区名称\"},\"align\":{\"cname\":\"对齐\",\"value\":\"0\"},\"initcomma\":{\"cname\":\"千分位\",\"value\":false},\"decimal\":{\"cname\":\"小数位\",\"value\":\"0\"}},{\"name\":{\"cname\":\"字段名\",\"value\":\"kpiusern\"},\"cname\":{\"cname\":\"中文名\",\"value\":\"KPI用户数\"},\"align\":{\"cname\":\"对齐\",\"value\":\"1\"},\"initcomma\":{\"cname\":\"千分位\",\"value\":false},\"decimal\":{\"cname\":\"小数位\",\"value\":\"0\"}},{\"name\":{\"cname\":\"字段名\",\"value\":\"kpiselfun\"},\"cname\":{\"cname\":\"中文名\",\"value\":\"KPI自网用户数\"},\"align\":{\"cname\":\"对齐\",\"value\":\"1\"},\"initcomma\":{\"cname\":\"千分位\",\"value\":true},\"decimal\":{\"cname\":\"小数位\",\"value\":\"0\"}},{\"name\":{\"cname\":\"字段名\",\"value\":\"kpibridgeun\"},\"cname\":{\"cname\":\"中文名\",\"value\":\"KPI网间用户数\"},\"align\":{\"cname\":\"对齐\",\"value\":\"1\"},\"initcomma\":{\"cname\":\"千分位\",\"value\":true},\"decimal\":{\"cname\":\"小数位\",\"value\":\"0\"}},{\"name\":{\"cname\":\"字段名\",\"value\":\"begin_date\"},\"cname\":{\"cname\":\"中文名\",\"value\":\"起始时间\"},\"align\":{\"cname\":\"对齐\",\"value\":\"2\"},\"initcomma\":{\"cname\":\"千分位\",\"value\":false},\"decimal\":{\"cname\":\"小数位\",\"value\":\"0\"}},{\"name\":{\"cname\":\"字段名\",\"value\":\"end_date\"},\"cname\":{\"cname\":\"中文名\",\"value\":\"终止时间\"},\"align\":{\"cname\":\"对齐\",\"value\":\"2\"},\"initcomma\":{\"cname\":\"千分位\",\"value\":false},\"decimal\":{\"cname\":\"小数位\",\"value\":\"0\"}}],\"cname\":\"指标\"}}]'),(24,'KPI累计用户数指标',16,'0','2','[{\"query\":{\"values\":[{\"name\":{\"cname\":\"字段名\",\"value\":\"provname\"},\"cname\":{\"cname\":\"中文名\",\"value\":\"省份名称\"},\"type\":{\"cname\":\"类型\",\"value\":\"1\"}},{\"name\":{\"cname\":\"字段名\",\"value\":\"cityname\"},\"cname\":{\"cname\":\"中文名\",\"value\":\"地区名称\"},\"type\":{\"cname\":\"类型\",\"value\":\"1\"}},{\"name\":{\"cname\":\"字段名\",\"value\":\"begin_date\"},\"cname\":{\"cname\":\"中文名\",\"value\":\"起始时间\"},\"type\":{\"cname\":\"类型\",\"value\":\"0\"}},{\"name\":{\"cname\":\"字段名\",\"value\":\"end_date\"},\"cname\":{\"cname\":\"中文名\",\"value\":\"终止时间\"},\"type\":{\"cname\":\"类型\",\"value\":\"0\"}}],\"cname\":\"条件\"}},{\"dimension\":{\"values\":[{\"name\":{\"cname\":\"字段名\",\"value\":\"provname\"},\"cname\":{\"cname\":\"中文名\",\"value\":\"省份名称\"}},{\"name\":{\"cname\":\"字段名\",\"value\":\"cityname\"},\"cname\":{\"cname\":\"中文名\",\"value\":\"地区名称\"}},{\"name\":{\"cname\":\"字段名\",\"value\":\"begin_date\"},\"cname\":{\"cname\":\"中文名\",\"value\":\"起始时间\"}},{\"name\":{\"cname\":\"字段名\",\"value\":\"end_date\"},\"cname\":{\"cname\":\"中文名\",\"value\":\"终止时间\"}}],\"cname\":\"维度\"}},{\"indicator\":{\"values\":[{\"name\":{\"cname\":\"字段名\",\"value\":\"provname\"},\"cname\":{\"cname\":\"中文名\",\"value\":\"省份名称\"},\"align\":{\"cname\":\"对齐\",\"value\":\"0\"},\"initcomma\":{\"cname\":\"千分位\",\"value\":false},\"decimal\":{\"cname\":\"小数位\",\"value\":\"0\"}},{\"name\":{\"cname\":\"字段名\",\"value\":\"cityname\"},\"cname\":{\"cname\":\"中文名\",\"value\":\"地区名称\"},\"align\":{\"cname\":\"对齐\",\"value\":\"0\"},\"initcomma\":{\"cname\":\"千分位\",\"value\":false},\"decimal\":{\"cname\":\"小数位\",\"value\":\"0\"}},{\"name\":{\"cname\":\"字段名\",\"value\":\"kpiusern\"},\"cname\":{\"cname\":\"中文名\",\"value\":\"KPI用户数\"},\"align\":{\"cname\":\"对齐\",\"value\":\"1\"},\"initcomma\":{\"cname\":\"千分位\",\"value\":true},\"decimal\":{\"cname\":\"小数位\",\"value\":\"0\"}},{\"name\":{\"cname\":\"字段名\",\"value\":\"kpiselfun\"},\"cname\":{\"cname\":\"中文名\",\"value\":\"KPI自网用户数\"},\"align\":{\"cname\":\"对齐\",\"value\":\"1\"},\"initcomma\":{\"cname\":\"千分位\",\"value\":true},\"decimal\":{\"cname\":\"小数位\",\"value\":\"0\"}},{\"name\":{\"cname\":\"字段名\",\"value\":\"kpibridgeun\"},\"cname\":{\"cname\":\"中文名\",\"value\":\"KPI网间用户数\"},\"align\":{\"cname\":\"对齐\",\"value\":\"1\"},\"initcomma\":{\"cname\":\"千分位\",\"value\":true},\"decimal\":{\"cname\":\"小数位\",\"value\":\"0\"}},{\"name\":{\"cname\":\"字段名\",\"value\":\"begin_date\"},\"cname\":{\"cname\":\"中文名\",\"value\":\"起始时间\"},\"align\":{\"cname\":\"对齐\",\"value\":\"2\"},\"initcomma\":{\"cname\":\"千分位\",\"value\":false},\"decimal\":{\"cname\":\"小数位\",\"value\":\"0\"}},{\"name\":{\"cname\":\"字段名\",\"value\":\"end_date\"},\"cname\":{\"cname\":\"中文名\",\"value\":\"终止时间\"},\"align\":{\"cname\":\"对齐\",\"value\":\"2\"},\"initcomma\":{\"cname\":\"千分位\",\"value\":false},\"decimal\":{\"cname\":\"小数位\",\"value\":\"0\"}}],\"cname\":\"指标\"}}]'),(25,'KPI信息查询用户数指标',7,'0','0','[{\"query\":{\"values\":[{\"name\":{\"cname\":\"字段名\",\"value\":\"provname\"},\"cname\":{\"cname\":\"中文名\",\"value\":\"省份名称\"},\"type\":{\"cname\":\"类型\",\"value\":\"1\"}},{\"name\":{\"cname\":\"字段名\",\"value\":\"cityname\"},\"cname\":{\"cname\":\"中文名\",\"value\":\"地区名称\"},\"type\":{\"cname\":\"类型\",\"value\":\"1\"}},{\"name\":{\"cname\":\"字段名\",\"value\":\"begin_date\"},\"cname\":{\"cname\":\"中文名\",\"value\":\"起始时间\"},\"type\":{\"cname\":\"类型\",\"value\":\"2\"}},{\"name\":{\"cname\":\"字段名\",\"value\":\"end_date\"},\"cname\":{\"cname\":\"中文名\",\"value\":\"终止时间\"},\"type\":{\"cname\":\"类型\",\"value\":\"2\"}}],\"cname\":\"条件\"}},{\"dimension\":{\"values\":[{\"name\":{\"cname\":\"字段名\",\"value\":\"provname\"},\"cname\":{\"cname\":\"中文名\",\"value\":\"省份名称\"}},{\"name\":{\"cname\":\"字段名\",\"value\":\"cityname\"},\"cname\":{\"cname\":\"中文名\",\"value\":\"地区名称\"}},{\"name\":{\"cname\":\"字段名\",\"value\":\"begin_date\"},\"cname\":{\"cname\":\"中文名\",\"value\":\"起始时间\"}},{\"name\":{\"cname\":\"字段名\",\"value\":\"end_date\"},\"cname\":{\"cname\":\"中文名\",\"value\":\"终止时间\"}}],\"cname\":\"维度\"}},{\"indicator\":{\"values\":[{\"name\":{\"cname\":\"字段名\",\"value\":\"provname\"},\"cname\":{\"cname\":\"中文名\",\"value\":\"省份名称\"},\"align\":{\"cname\":\"对齐\",\"value\":\"0\"},\"initcomma\":{\"cname\":\"千分位\",\"value\":false},\"decimal\":{\"cname\":\"小数位\",\"value\":\"0\"}},{\"name\":{\"cname\":\"字段名\",\"value\":\"cityname\"},\"cname\":{\"cname\":\"中文名\",\"value\":\"地区名称\"},\"align\":{\"cname\":\"对齐\",\"value\":\"0\"},\"initcomma\":{\"cname\":\"千分位\",\"value\":false},\"decimal\":{\"cname\":\"小数位\",\"value\":\"0\"}},{\"name\":{\"cname\":\"字段名\",\"value\":\"kpiinfoqn\"},\"cname\":{\"cname\":\"中文名\",\"value\":\"KPI信息查询用户数\"},\"align\":{\"cname\":\"对齐\",\"value\":\"1\"},\"initcomma\":{\"cname\":\"千分位\",\"value\":true},\"decimal\":{\"cname\":\"小数位\",\"value\":\"0\"}},{\"name\":{\"cname\":\"字段名\",\"value\":\"kpiqselfuser\"},\"cname\":{\"cname\":\"中文名\",\"value\":\"KPI信息查询自网用户数\"},\"align\":{\"cname\":\"对齐\",\"value\":\"1\"},\"initcomma\":{\"cname\":\"千分位\",\"value\":true},\"decimal\":{\"cname\":\"小数位\",\"value\":\"0\"}},{\"name\":{\"cname\":\"字段名\",\"value\":\"kpiqbridgeuser\"},\"cname\":{\"cname\":\"中文名\",\"value\":\"KPI信息查询网间用户数\"},\"align\":{\"cname\":\"对齐\",\"value\":\"1\"},\"initcomma\":{\"cname\":\"千分位\",\"value\":true},\"decimal\":{\"cname\":\"小数位\",\"value\":\"0\"}},{\"name\":{\"cname\":\"字段名\",\"value\":\"kpiinfototal\"},\"cname\":{\"cname\":\"中文名\",\"value\":\"KPI信息查询总时长\"},\"align\":{\"cname\":\"对齐\",\"value\":\"1\"},\"initcomma\":{\"cname\":\"千分位\",\"value\":true},\"decimal\":{\"cname\":\"小数位\",\"value\":\"0\"}},{\"name\":{\"cname\":\"字段名\",\"value\":\"begin_date\"},\"cname\":{\"cname\":\"中文名\",\"value\":\"起始时间\"},\"align\":{\"cname\":\"对齐\",\"value\":\"2\"},\"initcomma\":{\"cname\":\"千分位\",\"value\":false},\"decimal\":{\"cname\":\"小数位\",\"value\":\"0\"}},{\"name\":{\"cname\":\"字段名\",\"value\":\"end_date\"},\"cname\":{\"cname\":\"中文名\",\"value\":\"终止时间\"},\"align\":{\"cname\":\"对齐\",\"value\":\"2\"},\"initcomma\":{\"cname\":\"千分位\",\"value\":false},\"decimal\":{\"cname\":\"小数位\",\"value\":\"0\"}}],\"cname\":\"指标\"}}]'),(26,'KPI信息查询用户数指标',8,'0','1','[{\"query\":{\"values\":[{\"name\":{\"cname\":\"字段名\",\"value\":\"provname\"},\"cname\":{\"cname\":\"中文名\",\"value\":\"省份名称\"},\"type\":{\"cname\":\"类型\",\"value\":\"1\"}},{\"name\":{\"cname\":\"字段名\",\"value\":\"cityname\"},\"cname\":{\"cname\":\"中文名\",\"value\":\"地区名称\"},\"type\":{\"cname\":\"类型\",\"value\":\"1\"}},{\"name\":{\"cname\":\"字段名\",\"value\":\"begin_date\"},\"cname\":{\"cname\":\"中文名\",\"value\":\"起始时间\"},\"type\":{\"cname\":\"类型\",\"value\":\"0\"}},{\"name\":{\"cname\":\"字段名\",\"value\":\"end_date\"},\"cname\":{\"cname\":\"中文名\",\"value\":\"终止时间\"},\"type\":{\"cname\":\"类型\",\"value\":\"0\"}}],\"cname\":\"条件\"}},{\"dimension\":{\"values\":[{\"name\":{\"cname\":\"字段名\",\"value\":\"provname\"},\"cname\":{\"cname\":\"中文名\",\"value\":\"省份名称\"}},{\"name\":{\"cname\":\"字段名\",\"value\":\"cityname\"},\"cname\":{\"cname\":\"中文名\",\"value\":\"地区名称\"}},{\"name\":{\"cname\":\"字段名\",\"value\":\"begin_date\"},\"cname\":{\"cname\":\"中文名\",\"value\":\"起始时间\"}},{\"name\":{\"cname\":\"字段名\",\"value\":\"end_date\"},\"cname\":{\"cname\":\"中文名\",\"value\":\"终止时间\"}}],\"cname\":\"维度\"}},{\"indicator\":{\"values\":[{\"name\":{\"cname\":\"字段名\",\"value\":\"provname\"},\"cname\":{\"cname\":\"中文名\",\"value\":\"省份名称\"},\"align\":{\"cname\":\"对齐\",\"value\":\"0\"},\"initcomma\":{\"cname\":\"千分位\",\"value\":false},\"decimal\":{\"cname\":\"小数位\",\"value\":\"0\"}},{\"name\":{\"cname\":\"字段名\",\"value\":\"cityname\"},\"cname\":{\"cname\":\"中文名\",\"value\":\"地区名称\"},\"align\":{\"cname\":\"对齐\",\"value\":\"0\"},\"initcomma\":{\"cname\":\"千分位\",\"value\":false},\"decimal\":{\"cname\":\"小数位\",\"value\":\"0\"}},{\"name\":{\"cname\":\"字段名\",\"value\":\"kpiinfoqn\"},\"cname\":{\"cname\":\"中文名\",\"value\":\"KPI信息查询用户数\"},\"align\":{\"cname\":\"对齐\",\"value\":\"1\"},\"initcomma\":{\"cname\":\"千分位\",\"value\":true},\"decimal\":{\"cname\":\"小数位\",\"value\":\"0\"}},{\"name\":{\"cname\":\"字段名\",\"value\":\"kpiqselfuser\"},\"cname\":{\"cname\":\"中文名\",\"value\":\"KPI信息查询自网用户数\"},\"align\":{\"cname\":\"对齐\",\"value\":\"1\"},\"initcomma\":{\"cname\":\"千分位\",\"value\":true},\"decimal\":{\"cname\":\"小数位\",\"value\":\"0\"}},{\"name\":{\"cname\":\"字段名\",\"value\":\"kpiqbridgeuser\"},\"cname\":{\"cname\":\"中文名\",\"value\":\"KPI信息查询网间用户数\"},\"align\":{\"cname\":\"对齐\",\"value\":\"1\"},\"initcomma\":{\"cname\":\"千分位\",\"value\":true},\"decimal\":{\"cname\":\"小数位\",\"value\":\"0\"}},{\"name\":{\"cname\":\"字段名\",\"value\":\"kpiinfototal\"},\"cname\":{\"cname\":\"中文名\",\"value\":\"KPI信息查询总时长\"},\"align\":{\"cname\":\"对齐\",\"value\":\"1\"},\"initcomma\":{\"cname\":\"千分位\",\"value\":true},\"decimal\":{\"cname\":\"小数位\",\"value\":\"0\"}},{\"name\":{\"cname\":\"字段名\",\"value\":\"begin_date\"},\"cname\":{\"cname\":\"中文名\",\"value\":\"起始时间\"},\"align\":{\"cname\":\"对齐\",\"value\":\"2\"},\"initcomma\":{\"cname\":\"千分位\",\"value\":false},\"decimal\":{\"cname\":\"小数位\",\"value\":\"0\"}},{\"name\":{\"cname\":\"字段名\",\"value\":\"end_date\"},\"cname\":{\"cname\":\"中文名\",\"value\":\"终止时间\"},\"align\":{\"cname\":\"对齐\",\"value\":\"2\"},\"initcomma\":{\"cname\":\"千分位\",\"value\":false},\"decimal\":{\"cname\":\"小数位\",\"value\":\"0\"}}],\"cname\":\"指标\"}}]'),(27,'KPI信息查询用户数指标',9,'0','2','[{\"query\":{\"values\":[{\"name\":{\"cname\":\"字段名\",\"value\":\"provname\"},\"cname\":{\"cname\":\"中文名\",\"value\":\"省份名称\"},\"type\":{\"cname\":\"类型\",\"value\":\"1\"}},{\"name\":{\"cname\":\"字段名\",\"value\":\"cityname\"},\"cname\":{\"cname\":\"中文名\",\"value\":\"地区名称\"},\"type\":{\"cname\":\"类型\",\"value\":\"1\"}},{\"name\":{\"cname\":\"字段名\",\"value\":\"begin_date\"},\"cname\":{\"cname\":\"中文名\",\"value\":\"起始时间\"},\"type\":{\"cname\":\"类型\",\"value\":\"0\"}},{\"name\":{\"cname\":\"字段名\",\"value\":\"end_date\"},\"cname\":{\"cname\":\"中文名\",\"value\":\"终止时间\"},\"type\":{\"cname\":\"类型\",\"value\":\"0\"}}],\"cname\":\"条件\"}},{\"dimension\":{\"values\":[{\"name\":{\"cname\":\"字段名\",\"value\":\"provname\"},\"cname\":{\"cname\":\"中文名\",\"value\":\"省份名称\"}},{\"name\":{\"cname\":\"字段名\",\"value\":\"cityname\"},\"cname\":{\"cname\":\"中文名\",\"value\":\"地区名称\"}},{\"name\":{\"cname\":\"字段名\",\"value\":\"begin_date\"},\"cname\":{\"cname\":\"中文名\",\"value\":\"起始时间\"}},{\"name\":{\"cname\":\"字段名\",\"value\":\"end_date\"},\"cname\":{\"cname\":\"中文名\",\"value\":\"终止时间\"}}],\"cname\":\"维度\"}},{\"indicator\":{\"values\":[{\"name\":{\"cname\":\"字段名\",\"value\":\"provname\"},\"cname\":{\"cname\":\"中文名\",\"value\":\"省份名称\"},\"align\":{\"cname\":\"对齐\",\"value\":\"0\"},\"initcomma\":{\"cname\":\"千分位\",\"value\":false},\"decimal\":{\"cname\":\"小数位\",\"value\":\"0\"}},{\"name\":{\"cname\":\"字段名\",\"value\":\"cityname\"},\"cname\":{\"cname\":\"中文名\",\"value\":\"地区名称\"},\"align\":{\"cname\":\"对齐\",\"value\":\"0\"},\"initcomma\":{\"cname\":\"千分位\",\"value\":false},\"decimal\":{\"cname\":\"小数位\",\"value\":\"0\"}},{\"name\":{\"cname\":\"字段名\",\"value\":\"kpiinfoqn\"},\"cname\":{\"cname\":\"中文名\",\"value\":\"KPI信息查询用户数\"},\"align\":{\"cname\":\"对齐\",\"value\":\"1\"},\"initcomma\":{\"cname\":\"千分位\",\"value\":true},\"decimal\":{\"cname\":\"小数位\",\"value\":\"0\"}},{\"name\":{\"cname\":\"字段名\",\"value\":\"kpiqselfuser\"},\"cname\":{\"cname\":\"中文名\",\"value\":\"KPI信息查询自网用户数\"},\"align\":{\"cname\":\"对齐\",\"value\":\"1\"},\"initcomma\":{\"cname\":\"千分位\",\"value\":true},\"decimal\":{\"cname\":\"小数位\",\"value\":\"0\"}},{\"name\":{\"cname\":\"字段名\",\"value\":\"kpiqbridgeuser\"},\"cname\":{\"cname\":\"中文名\",\"value\":\"KPI信息查询网间用户数\"},\"align\":{\"cname\":\"对齐\",\"value\":\"1\"},\"initcomma\":{\"cname\":\"千分位\",\"value\":true},\"decimal\":{\"cname\":\"小数位\",\"value\":\"0\"}},{\"name\":{\"cname\":\"字段名\",\"value\":\"kpiinfototal\"},\"cname\":{\"cname\":\"中文名\",\"value\":\"KPI信息查询总时长\"},\"align\":{\"cname\":\"对齐\",\"value\":\"1\"},\"initcomma\":{\"cname\":\"千分位\",\"value\":true},\"decimal\":{\"cname\":\"小数位\",\"value\":\"0\"}},{\"name\":{\"cname\":\"字段名\",\"value\":\"begin_date\"},\"cname\":{\"cname\":\"中文名\",\"value\":\"起始时间\"},\"align\":{\"cname\":\"对齐\",\"value\":\"2\"},\"initcomma\":{\"cname\":\"千分位\",\"value\":false},\"decimal\":{\"cname\":\"小数位\",\"value\":\"0\"}},{\"name\":{\"cname\":\"字段名\",\"value\":\"end_date\"},\"cname\":{\"cname\":\"中文名\",\"value\":\"终止时间\"},\"align\":{\"cname\":\"对齐\",\"value\":\"2\"},\"initcomma\":{\"cname\":\"千分位\",\"value\":false},\"decimal\":{\"cname\":\"小数位\",\"value\":\"0\"}}],\"cname\":\"指标\"}}]'),(28,'KPI商旅用户数指标',10,'0','0','[{\"query\":{\"values\":[{\"name\":{\"cname\":\"字段名\",\"value\":\"provname\"},\"cname\":{\"cname\":\"中文名\",\"value\":\"省份名称\"},\"type\":{\"cname\":\"类型\",\"value\":\"1\"}},{\"name\":{\"cname\":\"字段名\",\"value\":\"cityname\"},\"cname\":{\"cname\":\"中文名\",\"value\":\"城市名称\"},\"type\":{\"cname\":\"类型\",\"value\":\"1\"}},{\"name\":{\"cname\":\"字段名\",\"value\":\"begin_date\"},\"cname\":{\"cname\":\"中文名\",\"value\":\"起始时间\"},\"type\":{\"cname\":\"类型\",\"value\":\"2\"}},{\"name\":{\"cname\":\"字段名\",\"value\":\"end_date\"},\"cname\":{\"cname\":\"中文名\",\"value\":\"终止时间\"},\"type\":{\"cname\":\"类型\",\"value\":\"2\"}}],\"cname\":\"条件\"}},{\"dimension\":{\"values\":[{\"name\":{\"cname\":\"字段名\",\"value\":\"provname\"},\"cname\":{\"cname\":\"中文名\",\"value\":\"省份名称\"}},{\"name\":{\"cname\":\"字段名\",\"value\":\"cityname\"},\"cname\":{\"cname\":\"中文名\",\"value\":\"城市名称\"}},{\"name\":{\"cname\":\"字段名\",\"value\":\"begin_date\"},\"cname\":{\"cname\":\"中文名\",\"value\":\"起始时间\"}},{\"name\":{\"cname\":\"字段名\",\"value\":\"end_date\"},\"cname\":{\"cname\":\"中文名\",\"value\":\"终止时间\"}}],\"cname\":\"维度\"}},{\"indicator\":{\"values\":[{\"name\":{\"cname\":\"字段名\",\"value\":\"provname\"},\"cname\":{\"cname\":\"中文名\",\"value\":\"省份名称\"},\"align\":{\"cname\":\"对齐\",\"value\":\"0\"},\"initcomma\":{\"cname\":\"千分位\",\"value\":false},\"decimal\":{\"cname\":\"小数位\",\"value\":\"0\"}},{\"name\":{\"cname\":\"字段名\",\"value\":\"cityname\"},\"cname\":{\"cname\":\"中文名\",\"value\":\"城市名称\"},\"align\":{\"cname\":\"对齐\",\"value\":\"0\"},\"initcomma\":{\"cname\":\"千分位\",\"value\":false},\"decimal\":{\"cname\":\"小数位\",\"value\":\"0\"}},{\"name\":{\"cname\":\"字段名\",\"value\":\"kpitravelun\"},\"cname\":{\"cname\":\"中文名\",\"value\":\"KPI商旅用户数\"},\"align\":{\"cname\":\"对齐\",\"value\":\"1\"},\"initcomma\":{\"cname\":\"千分位\",\"value\":true},\"decimal\":{\"cname\":\"小数位\",\"value\":\"0\"}},{\"name\":{\"cname\":\"字段名\",\"value\":\"kpihotelun\"},\"cname\":{\"cname\":\"中文名\",\"value\":\"KPI酒店用户数\"},\"align\":{\"cname\":\"对齐\",\"value\":\"1\"},\"initcomma\":{\"cname\":\"千分位\",\"value\":true},\"decimal\":{\"cname\":\"小数位\",\"value\":\"0\"}},{\"name\":{\"cname\":\"字段名\",\"value\":\"kpiflyun\"},\"cname\":{\"cname\":\"中文名\",\"value\":\"KPI机票用户数\"},\"align\":{\"cname\":\"对齐\",\"value\":\"1\"},\"initcomma\":{\"cname\":\"千分位\",\"value\":true},\"decimal\":{\"cname\":\"小数位\",\"value\":\"0\"}},{\"name\":{\"cname\":\"字段名\",\"value\":\"begin_date\"},\"cname\":{\"cname\":\"中文名\",\"value\":\"起始时间\"},\"align\":{\"cname\":\"对齐\",\"value\":\"2\"},\"initcomma\":{\"cname\":\"千分位\",\"value\":false},\"decimal\":{\"cname\":\"小数位\",\"value\":\"0\"}},{\"name\":{\"cname\":\"字段名\",\"value\":\"end_date\"},\"cname\":{\"cname\":\"中文名\",\"value\":\"终止时间\"},\"align\":{\"cname\":\"对齐\",\"value\":\"2\"},\"initcomma\":{\"cname\":\"千分位\",\"value\":false},\"decimal\":{\"cname\":\"小数位\",\"value\":\"0\"}}],\"cname\":\"指标\"}}]'),(29,'KPI商旅用户数指标',11,'0','1','[{\"query\":{\"values\":[{\"name\":{\"cname\":\"字段名\",\"value\":\"provname\"},\"cname\":{\"cname\":\"中文名\",\"value\":\"省份名称\"},\"type\":{\"cname\":\"类型\",\"value\":\"1\"}},{\"name\":{\"cname\":\"字段名\",\"value\":\"cityname\"},\"cname\":{\"cname\":\"中文名\",\"value\":\"城市名称\"},\"type\":{\"cname\":\"类型\",\"value\":\"1\"}},{\"name\":{\"cname\":\"字段名\",\"value\":\"begin_date\"},\"cname\":{\"cname\":\"中文名\",\"value\":\"起始时间\"},\"type\":{\"cname\":\"类型\",\"value\":\"0\"}},{\"name\":{\"cname\":\"字段名\",\"value\":\"end_date\"},\"cname\":{\"cname\":\"中文名\",\"value\":\"终止时间\"},\"type\":{\"cname\":\"类型\",\"value\":\"0\"}}],\"cname\":\"条件\"}},{\"dimension\":{\"values\":[{\"name\":{\"cname\":\"字段名\",\"value\":\"provname\"},\"cname\":{\"cname\":\"中文名\",\"value\":\"省份名称\"}},{\"name\":{\"cname\":\"字段名\",\"value\":\"cityname\"},\"cname\":{\"cname\":\"中文名\",\"value\":\"城市名称\"}},{\"name\":{\"cname\":\"字段名\",\"value\":\"begin_date\"},\"cname\":{\"cname\":\"中文名\",\"value\":\"起始时间\"}},{\"name\":{\"cname\":\"字段名\",\"value\":\"end_date\"},\"cname\":{\"cname\":\"中文名\",\"value\":\"终止时间\"}}],\"cname\":\"维度\"}},{\"indicator\":{\"values\":[{\"name\":{\"cname\":\"字段名\",\"value\":\"provname\"},\"cname\":{\"cname\":\"中文名\",\"value\":\"省份名称\"},\"align\":{\"cname\":\"对齐\",\"value\":\"0\"},\"initcomma\":{\"cname\":\"千分位\",\"value\":false},\"decimal\":{\"cname\":\"小数位\",\"value\":\"0\"}},{\"name\":{\"cname\":\"字段名\",\"value\":\"cityname\"},\"cname\":{\"cname\":\"中文名\",\"value\":\"城市名称\"},\"align\":{\"cname\":\"对齐\",\"value\":\"0\"},\"initcomma\":{\"cname\":\"千分位\",\"value\":false},\"decimal\":{\"cname\":\"小数位\",\"value\":\"0\"}},{\"name\":{\"cname\":\"字段名\",\"value\":\"kpitravelun\"},\"cname\":{\"cname\":\"中文名\",\"value\":\"KPI商旅用户数\"},\"align\":{\"cname\":\"对齐\",\"value\":\"1\"},\"initcomma\":{\"cname\":\"千分位\",\"value\":true},\"decimal\":{\"cname\":\"小数位\",\"value\":\"0\"}},{\"name\":{\"cname\":\"字段名\",\"value\":\"kpihotelun\"},\"cname\":{\"cname\":\"中文名\",\"value\":\"KPI酒店用户数\"},\"align\":{\"cname\":\"对齐\",\"value\":\"1\"},\"initcomma\":{\"cname\":\"千分位\",\"value\":true},\"decimal\":{\"cname\":\"小数位\",\"value\":\"0\"}},{\"name\":{\"cname\":\"字段名\",\"value\":\"kpiflyun\"},\"cname\":{\"cname\":\"中文名\",\"value\":\"KPI机票用户数\"},\"align\":{\"cname\":\"对齐\",\"value\":\"1\"},\"initcomma\":{\"cname\":\"千分位\",\"value\":true},\"decimal\":{\"cname\":\"小数位\",\"value\":\"0\"}},{\"name\":{\"cname\":\"字段名\",\"value\":\"begin_date\"},\"cname\":{\"cname\":\"中文名\",\"value\":\"起始时间\"},\"align\":{\"cname\":\"对齐\",\"value\":\"2\"},\"initcomma\":{\"cname\":\"千分位\",\"value\":false},\"decimal\":{\"cname\":\"小数位\",\"value\":\"0\"}},{\"name\":{\"cname\":\"字段名\",\"value\":\"end_date\"},\"cname\":{\"cname\":\"中文名\",\"value\":\"终止时间\"},\"align\":{\"cname\":\"对齐\",\"value\":\"2\"},\"initcomma\":{\"cname\":\"千分位\",\"value\":false},\"decimal\":{\"cname\":\"小数位\",\"value\":\"0\"}}],\"cname\":\"指标\"}}]'),(30,'KPI商旅用户数指标',12,'0','2','[{\"query\":{\"values\":[{\"name\":{\"cname\":\"字段名\",\"value\":\"provname\"},\"cname\":{\"cname\":\"中文名\",\"value\":\"省份名称\"},\"type\":{\"cname\":\"类型\",\"value\":\"1\"}},{\"name\":{\"cname\":\"字段名\",\"value\":\"cityname\"},\"cname\":{\"cname\":\"中文名\",\"value\":\"城市名称\"},\"type\":{\"cname\":\"类型\",\"value\":\"1\"}},{\"name\":{\"cname\":\"字段名\",\"value\":\"begin_date\"},\"cname\":{\"cname\":\"中文名\",\"value\":\"起始时间\"},\"type\":{\"cname\":\"类型\",\"value\":\"0\"}},{\"name\":{\"cname\":\"字段名\",\"value\":\"end_date\"},\"cname\":{\"cname\":\"中文名\",\"value\":\"终止时间\"},\"type\":{\"cname\":\"类型\",\"value\":\"0\"}}],\"cname\":\"条件\"}},{\"dimension\":{\"values\":[{\"name\":{\"cname\":\"字段名\",\"value\":\"provname\"},\"cname\":{\"cname\":\"中文名\",\"value\":\"省份名称\"}},{\"name\":{\"cname\":\"字段名\",\"value\":\"cityname\"},\"cname\":{\"cname\":\"中文名\",\"value\":\"城市名称\"}},{\"name\":{\"cname\":\"字段名\",\"value\":\"begin_date\"},\"cname\":{\"cname\":\"中文名\",\"value\":\"起始时间\"}},{\"name\":{\"cname\":\"字段名\",\"value\":\"end_date\"},\"cname\":{\"cname\":\"中文名\",\"value\":\"终止时间\"}}],\"cname\":\"维度\"}},{\"indicator\":{\"values\":[{\"name\":{\"cname\":\"字段名\",\"value\":\"provname\"},\"cname\":{\"cname\":\"中文名\",\"value\":\"省份名称\"},\"align\":{\"cname\":\"对齐\",\"value\":\"0\"},\"initcomma\":{\"cname\":\"千分位\",\"value\":false},\"decimal\":{\"cname\":\"小数位\",\"value\":\"0\"}},{\"name\":{\"cname\":\"字段名\",\"value\":\"cityname\"},\"cname\":{\"cname\":\"中文名\",\"value\":\"城市名称\"},\"align\":{\"cname\":\"对齐\",\"value\":\"0\"},\"initcomma\":{\"cname\":\"千分位\",\"value\":false},\"decimal\":{\"cname\":\"小数位\",\"value\":\"0\"}},{\"name\":{\"cname\":\"字段名\",\"value\":\"kpitravelun\"},\"cname\":{\"cname\":\"中文名\",\"value\":\"KPI商旅用户数\"},\"align\":{\"cname\":\"对齐\",\"value\":\"1\"},\"initcomma\":{\"cname\":\"千分位\",\"value\":true},\"decimal\":{\"cname\":\"小数位\",\"value\":\"0\"}},{\"name\":{\"cname\":\"字段名\",\"value\":\"kpihotelun\"},\"cname\":{\"cname\":\"中文名\",\"value\":\"KPI酒店用户数\"},\"align\":{\"cname\":\"对齐\",\"value\":\"1\"},\"initcomma\":{\"cname\":\"千分位\",\"value\":true},\"decimal\":{\"cname\":\"小数位\",\"value\":\"0\"}},{\"name\":{\"cname\":\"字段名\",\"value\":\"kpiflyun\"},\"cname\":{\"cname\":\"中文名\",\"value\":\"KPI机票用户数\"},\"align\":{\"cname\":\"对齐\",\"value\":\"1\"},\"initcomma\":{\"cname\":\"千分位\",\"value\":true},\"decimal\":{\"cname\":\"小数位\",\"value\":\"0\"}},{\"name\":{\"cname\":\"字段名\",\"value\":\"begin_date\"},\"cname\":{\"cname\":\"中文名\",\"value\":\"起始时间\"},\"align\":{\"cname\":\"对齐\",\"value\":\"2\"},\"initcomma\":{\"cname\":\"千分位\",\"value\":false},\"decimal\":{\"cname\":\"小数位\",\"value\":\"0\"}},{\"name\":{\"cname\":\"字段名\",\"value\":\"end_date\"},\"cname\":{\"cname\":\"中文名\",\"value\":\"终止时间\"},\"align\":{\"cname\":\"对齐\",\"value\":\"2\"},\"initcomma\":{\"cname\":\"千分位\",\"value\":false},\"decimal\":{\"cname\":\"小数位\",\"value\":\"0\"}}],\"cname\":\"指标\"}}]'),(31,'KPI语音后向销售指标',21,'0','0','[{\"query\":{\"values\":[{\"name\":{\"cname\":\"字段名\",\"value\":\"provname\"},\"cname\":{\"cname\":\"中文名\",\"value\":\"省名称\"},\"type\":{\"cname\":\"类型\",\"value\":\"1\"}},{\"name\":{\"cname\":\"字段名\",\"value\":\"cityname\"},\"cname\":{\"cname\":\"中文名\",\"value\":\"市名称\"},\"type\":{\"cname\":\"类型\",\"value\":\"1\"}},{\"name\":{\"cname\":\"字段名\",\"value\":\"begin_date\"},\"cname\":{\"cname\":\"中文名\",\"value\":\"起始时间\"},\"type\":{\"cname\":\"类型\",\"value\":\"2\"}},{\"name\":{\"cname\":\"字段名\",\"value\":\"end_date\"},\"cname\":{\"cname\":\"中文名\",\"value\":\"终止时间\"},\"type\":{\"cname\":\"类型\",\"value\":\"2\"}}],\"cname\":\"条件\"}},{\"dimension\":{\"values\":[{\"name\":{\"cname\":\"字段名\",\"value\":\"provname\"},\"cname\":{\"cname\":\"中文名\",\"value\":\"省名称\"}},{\"name\":{\"cname\":\"字段名\",\"value\":\"cityname\"},\"cname\":{\"cname\":\"中文名\",\"value\":\"市名称\"}},{\"name\":{\"cname\":\"字段名\",\"value\":\"begin_date\"},\"cname\":{\"cname\":\"中文名\",\"value\":\"起始时间\"}},{\"name\":{\"cname\":\"字段名\",\"value\":\"end_date\"},\"cname\":{\"cname\":\"中文名\",\"value\":\"终止时间\"}}],\"cname\":\"维度\"}},{\"indicator\":{\"values\":[{\"name\":{\"cname\":\"字段名\",\"value\":\"provname\"},\"cname\":{\"cname\":\"中文名\",\"value\":\"省名称\"},\"align\":{\"cname\":\"对齐\",\"value\":\"0\"},\"initcomma\":{\"cname\":\"千分位\",\"value\":false},\"decimal\":{\"cname\":\"小数位\",\"value\":\"0\"}},{\"name\":{\"cname\":\"字段名\",\"value\":\"cityname\"},\"cname\":{\"cname\":\"中文名\",\"value\":\"市名称\"},\"align\":{\"cname\":\"对齐\",\"value\":\"0\"},\"initcomma\":{\"cname\":\"千分位\",\"value\":false},\"decimal\":{\"cname\":\"小数位\",\"value\":\"0\"}},{\"name\":{\"cname\":\"字段名\",\"value\":\"okbussnum\"},\"cname\":{\"cname\":\"中文名\",\"value\":\"签约商户到达数\"},\"align\":{\"cname\":\"对齐\",\"value\":\"1\"},\"initcomma\":{\"cname\":\"千分位\",\"value\":true},\"decimal\":{\"cname\":\"小数位\",\"value\":\"0\"}},{\"name\":{\"cname\":\"字段名\",\"value\":\"okbusssort\"},\"cname\":{\"cname\":\"中文名\",\"value\":\"签约商户到达数排名\"},\"align\":{\"cname\":\"对齐\",\"value\":\"1\"},\"initcomma\":{\"cname\":\"千分位\",\"value\":true},\"decimal\":{\"cname\":\"小数位\",\"value\":\"0\"}},{\"name\":{\"cname\":\"字段名\",\"value\":\"signbussnum\"},\"cname\":{\"cname\":\"中文名\",\"value\":\"本期签约商户数\"},\"align\":{\"cname\":\"对齐\",\"value\":\"1\"},\"initcomma\":{\"cname\":\"千分位\",\"value\":true},\"decimal\":{\"cname\":\"小数位\",\"value\":\"0\"}},{\"name\":{\"cname\":\"字段名\",\"value\":\"adsearn\"},\"cname\":{\"cname\":\"中文名\",\"value\":\"本期签约广告收入(预估)\"},\"align\":{\"cname\":\"对齐\",\"value\":\"1\"},\"initcomma\":{\"cname\":\"千分位\",\"value\":true},\"decimal\":{\"cname\":\"小数位\",\"value\":\"2\"}},{\"name\":{\"cname\":\"字段名\",\"value\":\"begin_date\"},\"cname\":{\"cname\":\"中文名\",\"value\":\"起始时间\"},\"align\":{\"cname\":\"对齐\",\"value\":\"2\"},\"initcomma\":{\"cname\":\"千分位\",\"value\":false},\"decimal\":{\"cname\":\"小数位\",\"value\":\"0\"}},{\"name\":{\"cname\":\"字段名\",\"value\":\"end_date\"},\"cname\":{\"cname\":\"中文名\",\"value\":\"终止时间\"},\"align\":{\"cname\":\"对齐\",\"value\":\"2\"},\"initcomma\":{\"cname\":\"千分位\",\"value\":false},\"decimal\":{\"cname\":\"小数位\",\"value\":\"0\"}}],\"cname\":\"指标\"}}]'),(32,'KPI语音后向销售指标',22,'0','1','[{\"query\":{\"values\":[{\"name\":{\"cname\":\"字段名\",\"value\":\"provname\"},\"cname\":{\"cname\":\"中文名\",\"value\":\"省名称\"},\"type\":{\"cname\":\"类型\",\"value\":\"1\"}},{\"name\":{\"cname\":\"字段名\",\"value\":\"cityname\"},\"cname\":{\"cname\":\"中文名\",\"value\":\"市名称\"},\"type\":{\"cname\":\"类型\",\"value\":\"1\"}},{\"name\":{\"cname\":\"字段名\",\"value\":\"begin_date\"},\"cname\":{\"cname\":\"中文名\",\"value\":\"起始时间\"},\"type\":{\"cname\":\"类型\",\"value\":\"0\"}},{\"name\":{\"cname\":\"字段名\",\"value\":\"end_date\"},\"cname\":{\"cname\":\"中文名\",\"value\":\"终止时间\"},\"type\":{\"cname\":\"类型\",\"value\":\"0\"}}],\"cname\":\"条件\"}},{\"dimension\":{\"values\":[{\"name\":{\"cname\":\"字段名\",\"value\":\"provname\"},\"cname\":{\"cname\":\"中文名\",\"value\":\"省名称\"}},{\"name\":{\"cname\":\"字段名\",\"value\":\"cityname\"},\"cname\":{\"cname\":\"中文名\",\"value\":\"市名称\"}},{\"name\":{\"cname\":\"字段名\",\"value\":\"begin_date\"},\"cname\":{\"cname\":\"中文名\",\"value\":\"起始时间\"}},{\"name\":{\"cname\":\"字段名\",\"value\":\"end_date\"},\"cname\":{\"cname\":\"中文名\",\"value\":\"终止时间\"}}],\"cname\":\"维度\"}},{\"indicator\":{\"values\":[{\"name\":{\"cname\":\"字段名\",\"value\":\"provname\"},\"cname\":{\"cname\":\"中文名\",\"value\":\"省名称\"},\"align\":{\"cname\":\"对齐\",\"value\":\"0\"},\"initcomma\":{\"cname\":\"千分位\",\"value\":false},\"decimal\":{\"cname\":\"小数位\",\"value\":\"0\"}},{\"name\":{\"cname\":\"字段名\",\"value\":\"cityname\"},\"cname\":{\"cname\":\"中文名\",\"value\":\"市名称\"},\"align\":{\"cname\":\"对齐\",\"value\":\"0\"},\"initcomma\":{\"cname\":\"千分位\",\"value\":false},\"decimal\":{\"cname\":\"小数位\",\"value\":\"0\"}},{\"name\":{\"cname\":\"字段名\",\"value\":\"okbussnum\"},\"cname\":{\"cname\":\"中文名\",\"value\":\"签约商户到达数\"},\"align\":{\"cname\":\"对齐\",\"value\":\"1\"},\"initcomma\":{\"cname\":\"千分位\",\"value\":true},\"decimal\":{\"cname\":\"小数位\",\"value\":\"0\"}},{\"name\":{\"cname\":\"字段名\",\"value\":\"okbusssort\"},\"cname\":{\"cname\":\"中文名\",\"value\":\"签约商户到达数排名\"},\"align\":{\"cname\":\"对齐\",\"value\":\"1\"},\"initcomma\":{\"cname\":\"千分位\",\"value\":false},\"decimal\":{\"cname\":\"小数位\",\"value\":\"0\"}},{\"name\":{\"cname\":\"字段名\",\"value\":\"signbussnum\"},\"cname\":{\"cname\":\"中文名\",\"value\":\"本期签约商户数\"},\"align\":{\"cname\":\"对齐\",\"value\":\"1\"},\"initcomma\":{\"cname\":\"千分位\",\"value\":true},\"decimal\":{\"cname\":\"小数位\",\"value\":\"0\"}},{\"name\":{\"cname\":\"字段名\",\"value\":\"adsearn\"},\"cname\":{\"cname\":\"中文名\",\"value\":\"本期签约广告收入(预估)\"},\"align\":{\"cname\":\"对齐\",\"value\":\"1\"},\"initcomma\":{\"cname\":\"千分位\",\"value\":true},\"decimal\":{\"cname\":\"小数位\",\"value\":\"2\"}},{\"name\":{\"cname\":\"字段名\",\"value\":\"begin_date\"},\"cname\":{\"cname\":\"中文名\",\"value\":\"起始时间\"},\"align\":{\"cname\":\"对齐\",\"value\":\"2\"},\"initcomma\":{\"cname\":\"千分位\",\"value\":false},\"decimal\":{\"cname\":\"小数位\",\"value\":\"0\"}},{\"name\":{\"cname\":\"字段名\",\"value\":\"end_date\"},\"cname\":{\"cname\":\"中文名\",\"value\":\"终止时间\"},\"align\":{\"cname\":\"对齐\",\"value\":\"2\"},\"initcomma\":{\"cname\":\"千分位\",\"value\":false},\"decimal\":{\"cname\":\"小数位\",\"value\":\"0\"}}],\"cname\":\"指标\"}}]'),(33,'KPI语音后向销售指标',23,'0','2','[{\"query\":{\"values\":[{\"cname\":{\"cname\":\"中文名\",\"value\":\"省名称\"},\"type\":{\"cname\":\"类型\",\"value\":\"1\"},\"name\":{\"cname\":\"字段名\",\"value\":\"provname\"}},{\"cname\":{\"cname\":\"中文名\",\"value\":\"市名称\"},\"type\":{\"cname\":\"类型\",\"value\":\"1\"},\"name\":{\"cname\":\"字段名\",\"value\":\"cityname\"}},{\"cname\":{\"cname\":\"中文名\",\"value\":\"起始时间\"},\"type\":{\"cname\":\"类型\",\"value\":\"0\"},\"name\":{\"cname\":\"字段名\",\"value\":\"begin_date\"}},{\"cname\":{\"cname\":\"中文名\",\"value\":\"终止时间\"},\"type\":{\"cname\":\"类型\",\"value\":\"0\"},\"name\":{\"cname\":\"字段名\",\"value\":\"end_date\"}}],\"cname\":\"条件\"}},{\"dimension\":{\"values\":[{\"cname\":{\"cname\":\"中文名\",\"value\":\"省名称\"},\"name\":{\"cname\":\"字段名\",\"value\":\"provname\"}},{\"cname\":{\"cname\":\"中文名\",\"value\":\"市名称\"},\"name\":{\"cname\":\"字段名\",\"value\":\"cityname\"}},{\"cname\":{\"cname\":\"中文名\",\"value\":\"起始时间\"},\"name\":{\"cname\":\"字段名\",\"value\":\"begin_date\"}},{\"cname\":{\"cname\":\"中文名\",\"value\":\"终止时间\"},\"name\":{\"cname\":\"字段名\",\"value\":\"end_date\"}}],\"cname\":\"维度\"}},{\"indicator\":{\"values\":[{\"initcomma\":{\"cname\":\"千分位\",\"value\":false},\"cname\":{\"cname\":\"中文名\",\"value\":\"省名称\"},\"align\":{\"cname\":\"对齐\",\"value\":\"0\"},\"decimal\":{\"cname\":\"小数位\",\"value\":\"0\"},\"name\":{\"cname\":\"字段名\",\"value\":\"provname\"}},{\"initcomma\":{\"cname\":\"千分位\",\"value\":false},\"cname\":{\"cname\":\"中文名\",\"value\":\"市名称\"},\"align\":{\"cname\":\"对齐\",\"value\":\"0\"},\"decimal\":{\"cname\":\"小数位\",\"value\":\"0\"},\"name\":{\"cname\":\"字段名\",\"value\":\"cityname\"}},{\"initcomma\":{\"cname\":\"千分位\",\"value\":false},\"cname\":{\"cname\":\"中文名\",\"value\":\"签约商户到达数\"},\"align\":{\"cname\":\"对齐\",\"value\":\"0\"},\"decimal\":{\"cname\":\"小数位\",\"value\":\"0\"},\"name\":{\"cname\":\"字段名\",\"value\":\"okbussnum\"}},{\"initcomma\":{\"cname\":\"千分位\",\"value\":false},\"cname\":{\"cname\":\"中文名\",\"value\":\"签约商户到达数排名\"},\"align\":{\"cname\":\"对齐\",\"value\":\"0\"},\"decimal\":{\"cname\":\"小数位\",\"value\":\"0\"},\"name\":{\"cname\":\"字段名\",\"value\":\"okbusssort\"}},{\"initcomma\":{\"cname\":\"千分位\",\"value\":false},\"cname\":{\"cname\":\"中文名\",\"value\":\"本期签约商户数\"},\"align\":{\"cname\":\"对齐\",\"value\":\"0\"},\"decimal\":{\"cname\":\"小数位\",\"value\":\"0\"},\"name\":{\"cname\":\"字段名\",\"value\":\"signbussnum\"}},{\"initcomma\":{\"cname\":\"千分位\",\"value\":false},\"cname\":{\"cname\":\"中文名\",\"value\":\"本期签约广告收入(预估)\"},\"align\":{\"cname\":\"对齐\",\"value\":\"0\"},\"decimal\":{\"cname\":\"小数位\",\"value\":\"0\"},\"name\":{\"cname\":\"字段名\",\"value\":\"adsearn\"}},{\"initcomma\":{\"cname\":\"千分位\",\"value\":false},\"cname\":{\"cname\":\"中文名\",\"value\":\"起始时间\"},\"align\":{\"cname\":\"对齐\",\"value\":\"0\"},\"decimal\":{\"cname\":\"小数位\",\"value\":\"0\"},\"name\":{\"cname\":\"字段名\",\"value\":\"begin_date\"}},{\"initcomma\":{\"cname\":\"千分位\",\"value\":false},\"cname\":{\"cname\":\"中文名\",\"value\":\"终止时间\"},\"align\":{\"cname\":\"对齐\",\"value\":\"0\"},\"decimal\":{\"cname\":\"小数位\",\"value\":\"0\"},\"name\":{\"cname\":\"字段名\",\"value\":\"end_date\"}}],\"cname\":\"指标\"}}]'),(34,'KPI商旅业务量指标',24,'0','0','[{\"query\":{\"values\":[{\"name\":{\"cname\":\"字段名\",\"value\":\"provname\"},\"cname\":{\"cname\":\"中文名\",\"value\":\"省份名称\"},\"type\":{\"cname\":\"类型\",\"value\":\"1\"}},{\"name\":{\"cname\":\"字段名\",\"value\":\"cityname\"},\"cname\":{\"cname\":\"中文名\",\"value\":\"地区名称\"},\"type\":{\"cname\":\"类型\",\"value\":\"1\"}},{\"name\":{\"cname\":\"字段名\",\"value\":\"begin_date\"},\"cname\":{\"cname\":\"中文名\",\"value\":\"起始时间\"},\"type\":{\"cname\":\"类型\",\"value\":\"2\"}},{\"name\":{\"cname\":\"字段名\",\"value\":\"end_date\"},\"cname\":{\"cname\":\"中文名\",\"value\":\"终止时间\"},\"type\":{\"cname\":\"类型\",\"value\":\"2\"}}],\"cname\":\"条件\"}},{\"dimension\":{\"values\":[{\"name\":{\"cname\":\"字段名\",\"value\":\"provname\"},\"cname\":{\"cname\":\"中文名\",\"value\":\"省份名称\"}},{\"name\":{\"cname\":\"字段名\",\"value\":\"cityname\"},\"cname\":{\"cname\":\"中文名\",\"value\":\"地区名称\"}},{\"name\":{\"cname\":\"字段名\",\"value\":\"begin_date\"},\"cname\":{\"cname\":\"中文名\",\"value\":\"起始时间\"}},{\"name\":{\"cname\":\"字段名\",\"value\":\"end_date\"},\"cname\":{\"cname\":\"中文名\",\"value\":\"终止时间\"}}],\"cname\":\"维度\"}},{\"indicator\":{\"values\":[{\"name\":{\"cname\":\"字段名\",\"value\":\"provname\"},\"cname\":{\"cname\":\"中文名\",\"value\":\"省份名称\"},\"align\":{\"cname\":\"对齐\",\"value\":\"0\"},\"initcomma\":{\"cname\":\"千分位\",\"value\":false},\"decimal\":{\"cname\":\"小数位\",\"value\":\"0\"}},{\"name\":{\"cname\":\"字段名\",\"value\":\"cityname\"},\"cname\":{\"cname\":\"中文名\",\"value\":\"地区名称\"},\"align\":{\"cname\":\"对齐\",\"value\":\"0\"},\"initcomma\":{\"cname\":\"千分位\",\"value\":false},\"decimal\":{\"cname\":\"小数位\",\"value\":\"0\"}},{\"name\":{\"cname\":\"字段名\",\"value\":\"hotelaccountrn\"},\"cname\":{\"cname\":\"中文名\",\"value\":\"酒店结账间夜量\"},\"align\":{\"cname\":\"对齐\",\"value\":\"1\"},\"initcomma\":{\"cname\":\"千分位\",\"value\":true},\"decimal\":{\"cname\":\"小数位\",\"value\":\"0\"}},{\"name\":{\"cname\":\"字段名\",\"value\":\"tktaccountnum\"},\"cname\":{\"cname\":\"中文名\",\"value\":\"机票结账票量\"},\"align\":{\"cname\":\"对齐\",\"value\":\"1\"},\"initcomma\":{\"cname\":\"千分位\",\"value\":true},\"decimal\":{\"cname\":\"小数位\",\"value\":\"0\"}},{\"name\":{\"cname\":\"字段名\",\"value\":\"hotelearn\"},\"cname\":{\"cname\":\"中文名\",\"value\":\"酒店收入预估(元)\"},\"align\":{\"cname\":\"对齐\",\"value\":\"1\"},\"initcomma\":{\"cname\":\"千分位\",\"value\":false},\"decimal\":{\"cname\":\"小数位\",\"value\":\"0\"}},{\"name\":{\"cname\":\"字段名\",\"value\":\"tktearn\"},\"cname\":{\"cname\":\"中文名\",\"value\":\"机票收入预估(元)\"},\"align\":{\"cname\":\"对齐\",\"value\":\"1\"},\"initcomma\":{\"cname\":\"千分位\",\"value\":true},\"decimal\":{\"cname\":\"小数位\",\"value\":\"0\"}},{\"name\":{\"cname\":\"字段名\",\"value\":\"begin_date\"},\"cname\":{\"cname\":\"中文名\",\"value\":\"起始时间\"},\"align\":{\"cname\":\"对齐\",\"value\":\"2\"},\"initcomma\":{\"cname\":\"千分位\",\"value\":false},\"decimal\":{\"cname\":\"小数位\",\"value\":\"0\"}},{\"name\":{\"cname\":\"字段名\",\"value\":\"end_date\"},\"cname\":{\"cname\":\"中文名\",\"value\":\"终止时间\"},\"align\":{\"cname\":\"对齐\",\"value\":\"2\"},\"initcomma\":{\"cname\":\"千分位\",\"value\":false},\"decimal\":{\"cname\":\"小数位\",\"value\":\"0\"}}],\"cname\":\"指标\"}}]'),(35,'KPI商旅业务量指标',25,'0','1','[{\"query\":{\"values\":[{\"name\":{\"cname\":\"字段名\",\"value\":\"provname\"},\"cname\":{\"cname\":\"中文名\",\"value\":\"省份名称\"},\"type\":{\"cname\":\"类型\",\"value\":\"1\"}},{\"name\":{\"cname\":\"字段名\",\"value\":\"cityname\"},\"cname\":{\"cname\":\"中文名\",\"value\":\"地区名称\"},\"type\":{\"cname\":\"类型\",\"value\":\"1\"}},{\"name\":{\"cname\":\"字段名\",\"value\":\"begin_date\"},\"cname\":{\"cname\":\"中文名\",\"value\":\"起始时间\"},\"type\":{\"cname\":\"类型\",\"value\":\"0\"}},{\"name\":{\"cname\":\"字段名\",\"value\":\"end_date\"},\"cname\":{\"cname\":\"中文名\",\"value\":\"终止时间\"},\"type\":{\"cname\":\"类型\",\"value\":\"0\"}}],\"cname\":\"条件\"}},{\"dimension\":{\"values\":[{\"name\":{\"cname\":\"字段名\",\"value\":\"provname\"},\"cname\":{\"cname\":\"中文名\",\"value\":\"省份名称\"}},{\"name\":{\"cname\":\"字段名\",\"value\":\"cityname\"},\"cname\":{\"cname\":\"中文名\",\"value\":\"地区名称\"}},{\"name\":{\"cname\":\"字段名\",\"value\":\"begin_date\"},\"cname\":{\"cname\":\"中文名\",\"value\":\"起始时间\"}},{\"name\":{\"cname\":\"字段名\",\"value\":\"end_date\"},\"cname\":{\"cname\":\"中文名\",\"value\":\"终止时间\"}}],\"cname\":\"维度\"}},{\"indicator\":{\"values\":[{\"name\":{\"cname\":\"字段名\",\"value\":\"provname\"},\"cname\":{\"cname\":\"中文名\",\"value\":\"省份名称\"},\"align\":{\"cname\":\"对齐\",\"value\":\"0\"},\"initcomma\":{\"cname\":\"千分位\",\"value\":false},\"decimal\":{\"cname\":\"小数位\",\"value\":\"0\"}},{\"name\":{\"cname\":\"字段名\",\"value\":\"cityname\"},\"cname\":{\"cname\":\"中文名\",\"value\":\"地区名称\"},\"align\":{\"cname\":\"对齐\",\"value\":\"0\"},\"initcomma\":{\"cname\":\"千分位\",\"value\":false},\"decimal\":{\"cname\":\"小数位\",\"value\":\"0\"}},{\"name\":{\"cname\":\"字段名\",\"value\":\"hotelaccountrn\"},\"cname\":{\"cname\":\"中文名\",\"value\":\"酒店结账间夜量\"},\"align\":{\"cname\":\"对齐\",\"value\":\"1\"},\"initcomma\":{\"cname\":\"千分位\",\"value\":true},\"decimal\":{\"cname\":\"小数位\",\"value\":\"0\"}},{\"name\":{\"cname\":\"字段名\",\"value\":\"tktaccountnum\"},\"cname\":{\"cname\":\"中文名\",\"value\":\"机票结账票量\"},\"align\":{\"cname\":\"对齐\",\"value\":\"1\"},\"initcomma\":{\"cname\":\"千分位\",\"value\":true},\"decimal\":{\"cname\":\"小数位\",\"value\":\"0\"}},{\"name\":{\"cname\":\"字段名\",\"value\":\"hotelearn\"},\"cname\":{\"cname\":\"中文名\",\"value\":\"酒店收入预估(元)\"},\"align\":{\"cname\":\"对齐\",\"value\":\"1\"},\"initcomma\":{\"cname\":\"千分位\",\"value\":true},\"decimal\":{\"cname\":\"小数位\",\"value\":\"0\"}},{\"name\":{\"cname\":\"字段名\",\"value\":\"tktearn\"},\"cname\":{\"cname\":\"中文名\",\"value\":\"机票收入预估(元)\"},\"align\":{\"cname\":\"对齐\",\"value\":\"1\"},\"initcomma\":{\"cname\":\"千分位\",\"value\":true},\"decimal\":{\"cname\":\"小数位\",\"value\":\"0\"}},{\"name\":{\"cname\":\"字段名\",\"value\":\"begin_date\"},\"cname\":{\"cname\":\"中文名\",\"value\":\"起始时间\"},\"align\":{\"cname\":\"对齐\",\"value\":\"2\"},\"initcomma\":{\"cname\":\"千分位\",\"value\":false},\"decimal\":{\"cname\":\"小数位\",\"value\":\"0\"}},{\"name\":{\"cname\":\"字段名\",\"value\":\"end_date\"},\"cname\":{\"cname\":\"中文名\",\"value\":\"终止时间\"},\"align\":{\"cname\":\"对齐\",\"value\":\"2\"},\"initcomma\":{\"cname\":\"千分位\",\"value\":false},\"decimal\":{\"cname\":\"小数位\",\"value\":\"0\"}}],\"cname\":\"指标\"}}]'),(36,'KPI商旅业务量指标',26,'0','2','[{\"query\":{\"values\":[{\"name\":{\"cname\":\"字段名\",\"value\":\"provname\"},\"cname\":{\"cname\":\"中文名\",\"value\":\"省份名称\"},\"type\":{\"cname\":\"类型\",\"value\":\"1\"}},{\"name\":{\"cname\":\"字段名\",\"value\":\"cityname\"},\"cname\":{\"cname\":\"中文名\",\"value\":\"地区名称\"},\"type\":{\"cname\":\"类型\",\"value\":\"1\"}},{\"name\":{\"cname\":\"字段名\",\"value\":\"begin_date\"},\"cname\":{\"cname\":\"中文名\",\"value\":\"起始时间\"},\"type\":{\"cname\":\"类型\",\"value\":\"0\"}},{\"name\":{\"cname\":\"字段名\",\"value\":\"end_date\"},\"cname\":{\"cname\":\"中文名\",\"value\":\"终止时间\"},\"type\":{\"cname\":\"类型\",\"value\":\"0\"}}],\"cname\":\"条件\"}},{\"dimension\":{\"values\":[{\"name\":{\"cname\":\"字段名\",\"value\":\"provname\"},\"cname\":{\"cname\":\"中文名\",\"value\":\"省份名称\"}},{\"name\":{\"cname\":\"字段名\",\"value\":\"cityname\"},\"cname\":{\"cname\":\"中文名\",\"value\":\"地区名称\"}},{\"name\":{\"cname\":\"字段名\",\"value\":\"begin_date\"},\"cname\":{\"cname\":\"中文名\",\"value\":\"起始时间\"}},{\"name\":{\"cname\":\"字段名\",\"value\":\"end_date\"},\"cname\":{\"cname\":\"中文名\",\"value\":\"终止时间\"}}],\"cname\":\"维度\"}},{\"indicator\":{\"values\":[{\"name\":{\"cname\":\"字段名\",\"value\":\"provname\"},\"cname\":{\"cname\":\"中文名\",\"value\":\"省份名称\"},\"align\":{\"cname\":\"对齐\",\"value\":\"0\"},\"initcomma\":{\"cname\":\"千分位\",\"value\":false},\"decimal\":{\"cname\":\"小数位\",\"value\":\"0\"}},{\"name\":{\"cname\":\"字段名\",\"value\":\"cityname\"},\"cname\":{\"cname\":\"中文名\",\"value\":\"地区名称\"},\"align\":{\"cname\":\"对齐\",\"value\":\"0\"},\"initcomma\":{\"cname\":\"千分位\",\"value\":false},\"decimal\":{\"cname\":\"小数位\",\"value\":\"0\"}},{\"name\":{\"cname\":\"字段名\",\"value\":\"hotelaccountrn\"},\"cname\":{\"cname\":\"中文名\",\"value\":\"酒店结账间夜量\"},\"align\":{\"cname\":\"对齐\",\"value\":\"1\"},\"initcomma\":{\"cname\":\"千分位\",\"value\":true},\"decimal\":{\"cname\":\"小数位\",\"value\":\"0\"}},{\"name\":{\"cname\":\"字段名\",\"value\":\"tktaccountnum\"},\"cname\":{\"cname\":\"中文名\",\"value\":\"机票结账票量\"},\"align\":{\"cname\":\"对齐\",\"value\":\"1\"},\"initcomma\":{\"cname\":\"千分位\",\"value\":true},\"decimal\":{\"cname\":\"小数位\",\"value\":\"0\"}},{\"name\":{\"cname\":\"字段名\",\"value\":\"hotelearn\"},\"cname\":{\"cname\":\"中文名\",\"value\":\"酒店收入预估(元)\"},\"align\":{\"cname\":\"对齐\",\"value\":\"1\"},\"initcomma\":{\"cname\":\"千分位\",\"value\":true},\"decimal\":{\"cname\":\"小数位\",\"value\":\"0\"}},{\"name\":{\"cname\":\"字段名\",\"value\":\"tktearn\"},\"cname\":{\"cname\":\"中文名\",\"value\":\"机票收入预估(元)\"},\"align\":{\"cname\":\"对齐\",\"value\":\"1\"},\"initcomma\":{\"cname\":\"千分位\",\"value\":true},\"decimal\":{\"cname\":\"小数位\",\"value\":\"0\"}},{\"name\":{\"cname\":\"字段名\",\"value\":\"begin_date\"},\"cname\":{\"cname\":\"中文名\",\"value\":\"起始时间\"},\"align\":{\"cname\":\"对齐\",\"value\":\"2\"},\"initcomma\":{\"cname\":\"千分位\",\"value\":false},\"decimal\":{\"cname\":\"小数位\",\"value\":\"0\"}},{\"name\":{\"cname\":\"字段名\",\"value\":\"end_date\"},\"cname\":{\"cname\":\"中文名\",\"value\":\"终止时间\"},\"align\":{\"cname\":\"对齐\",\"value\":\"2\"},\"initcomma\":{\"cname\":\"千分位\",\"value\":false},\"decimal\":{\"cname\":\"小数位\",\"value\":\"0\"}}],\"cname\":\"指标\"}}]'),(37,'KPI生活播报指标',27,'0','0','[{\"query\":{\"values\":[{\"name\":{\"cname\":\"字段名\",\"value\":\"provname\"},\"cname\":{\"cname\":\"中文名\",\"value\":\"省份名称\"},\"type\":{\"cname\":\"类型\",\"value\":\"1\"}},{\"name\":{\"cname\":\"字段名\",\"value\":\"cityname\"},\"cname\":{\"cname\":\"中文名\",\"value\":\"地区名称\"},\"type\":{\"cname\":\"类型\",\"value\":\"1\"}},{\"name\":{\"cname\":\"字段名\",\"value\":\"begin_date\"},\"cname\":{\"cname\":\"中文名\",\"value\":\"起始时间\"},\"type\":{\"cname\":\"类型\",\"value\":\"2\"}},{\"name\":{\"cname\":\"字段名\",\"value\":\"end_date\"},\"cname\":{\"cname\":\"中文名\",\"value\":\"终止时间\"},\"type\":{\"cname\":\"类型\",\"value\":\"2\"}}],\"cname\":\"条件\"}},{\"dimension\":{\"values\":[{\"name\":{\"cname\":\"字段名\",\"value\":\"provname\"},\"cname\":{\"cname\":\"中文名\",\"value\":\"省份名称\"}},{\"name\":{\"cname\":\"字段名\",\"value\":\"cityname\"},\"cname\":{\"cname\":\"中文名\",\"value\":\"地区名称\"}},{\"name\":{\"cname\":\"字段名\",\"value\":\"begin_date\"},\"cname\":{\"cname\":\"中文名\",\"value\":\"起始时间\"}},{\"name\":{\"cname\":\"字段名\",\"value\":\"end_date\"},\"cname\":{\"cname\":\"中文名\",\"value\":\"终止时间\"}}],\"cname\":\"维度\"}},{\"indicator\":{\"values\":[{\"name\":{\"cname\":\"字段名\",\"value\":\"provname\"},\"cname\":{\"cname\":\"中文名\",\"value\":\"省份名称\"},\"align\":{\"cname\":\"对齐\",\"value\":\"0\"},\"initcomma\":{\"cname\":\"千分位\",\"value\":false},\"decimal\":{\"cname\":\"小数位\",\"value\":\"0\"}},{\"name\":{\"cname\":\"字段名\",\"value\":\"cityname\"},\"cname\":{\"cname\":\"中文名\",\"value\":\"地区名称\"},\"align\":{\"cname\":\"对齐\",\"value\":\"0\"},\"initcomma\":{\"cname\":\"千分位\",\"value\":false},\"decimal\":{\"cname\":\"小数位\",\"value\":\"0\"}},{\"name\":{\"cname\":\"字段名\",\"value\":\"remainusernum\"},\"cname\":{\"cname\":\"中文名\",\"value\":\"总用户数\"},\"align\":{\"cname\":\"对齐\",\"value\":\"1\"},\"initcomma\":{\"cname\":\"千分位\",\"value\":true},\"decimal\":{\"cname\":\"小数位\",\"value\":\"0\"}},{\"name\":{\"cname\":\"字段名\",\"value\":\"feeusernum\"},\"cname\":{\"cname\":\"中文名\",\"value\":\"计费用户数\"},\"align\":{\"cname\":\"对齐\",\"value\":\"1\"},\"initcomma\":{\"cname\":\"千分位\",\"value\":true},\"decimal\":{\"cname\":\"小数位\",\"value\":\"0\"}},{\"name\":{\"cname\":\"字段名\",\"value\":\"totalfee\"},\"cname\":{\"cname\":\"中文名\",\"value\":\"信息费预估(元)\"},\"align\":{\"cname\":\"对齐\",\"value\":\"1\"},\"initcomma\":{\"cname\":\"千分位\",\"value\":true},\"decimal\":{\"cname\":\"小数位\",\"value\":\"0\"}},{\"name\":{\"cname\":\"字段名\",\"value\":\"begin_date\"},\"cname\":{\"cname\":\"中文名\",\"value\":\"起始时间\"},\"align\":{\"cname\":\"对齐\",\"value\":\"2\"},\"initcomma\":{\"cname\":\"千分位\",\"value\":false},\"decimal\":{\"cname\":\"小数位\",\"value\":\"0\"}},{\"name\":{\"cname\":\"字段名\",\"value\":\"end_date\"},\"cname\":{\"cname\":\"中文名\",\"value\":\"终止时间\"},\"align\":{\"cname\":\"对齐\",\"value\":\"2\"},\"initcomma\":{\"cname\":\"千分位\",\"value\":false},\"decimal\":{\"cname\":\"小数位\",\"value\":\"0\"}}],\"cname\":\"指标\"}}]'),(39,'KPI生活播报指标',29,'0','2','[{\"query\":{\"values\":[{\"name\":{\"cname\":\"字段名\",\"value\":\"provname\"},\"cname\":{\"cname\":\"中文名\",\"value\":\"省份名称\"},\"type\":{\"cname\":\"类型\",\"value\":\"1\"}},{\"name\":{\"cname\":\"字段名\",\"value\":\"cityname\"},\"cname\":{\"cname\":\"中文名\",\"value\":\"地区名称\"},\"type\":{\"cname\":\"类型\",\"value\":\"1\"}},{\"name\":{\"cname\":\"字段名\",\"value\":\"begin_date\"},\"cname\":{\"cname\":\"中文名\",\"value\":\"起始时间\"},\"type\":{\"cname\":\"类型\",\"value\":\"0\"}},{\"name\":{\"cname\":\"字段名\",\"value\":\"end_date\"},\"cname\":{\"cname\":\"中文名\",\"value\":\"终止时间\"},\"type\":{\"cname\":\"类型\",\"value\":\"0\"}}],\"cname\":\"条件\"}},{\"dimension\":{\"values\":[{\"name\":{\"cname\":\"字段名\",\"value\":\"provname\"},\"cname\":{\"cname\":\"中文名\",\"value\":\"省份名称\"}},{\"name\":{\"cname\":\"字段名\",\"value\":\"cityname\"},\"cname\":{\"cname\":\"中文名\",\"value\":\"地区名称\"}},{\"name\":{\"cname\":\"字段名\",\"value\":\"begin_date\"},\"cname\":{\"cname\":\"中文名\",\"value\":\"起始时间\"}},{\"name\":{\"cname\":\"字段名\",\"value\":\"end_date\"},\"cname\":{\"cname\":\"中文名\",\"value\":\"终止时间\"}}],\"cname\":\"维度\"}},{\"indicator\":{\"values\":[{\"name\":{\"cname\":\"字段名\",\"value\":\"provname\"},\"cname\":{\"cname\":\"中文名\",\"value\":\"省份名称\"},\"align\":{\"cname\":\"对齐\",\"value\":\"0\"},\"initcomma\":{\"cname\":\"千分位\",\"value\":false},\"decimal\":{\"cname\":\"小数位\",\"value\":\"0\"}},{\"name\":{\"cname\":\"字段名\",\"value\":\"cityname\"},\"cname\":{\"cname\":\"中文名\",\"value\":\"地区名称\"},\"align\":{\"cname\":\"对齐\",\"value\":\"0\"},\"initcomma\":{\"cname\":\"千分位\",\"value\":false},\"decimal\":{\"cname\":\"小数位\",\"value\":\"0\"}},{\"name\":{\"cname\":\"字段名\",\"value\":\"remainusernum\"},\"cname\":{\"cname\":\"中文名\",\"value\":\"总用户数\"},\"align\":{\"cname\":\"对齐\",\"value\":\"1\"},\"initcomma\":{\"cname\":\"千分位\",\"value\":true},\"decimal\":{\"cname\":\"小数位\",\"value\":\"0\"}},{\"name\":{\"cname\":\"字段名\",\"value\":\"feeusernum\"},\"cname\":{\"cname\":\"中文名\",\"value\":\"计费用户数\"},\"align\":{\"cname\":\"对齐\",\"value\":\"1\"},\"initcomma\":{\"cname\":\"千分位\",\"value\":true},\"decimal\":{\"cname\":\"小数位\",\"value\":\"0\"}},{\"name\":{\"cname\":\"字段名\",\"value\":\"totalfee\"},\"cname\":{\"cname\":\"中文名\",\"value\":\"信息费预估(元)\"},\"align\":{\"cname\":\"对齐\",\"value\":\"1\"},\"initcomma\":{\"cname\":\"千分位\",\"value\":true},\"decimal\":{\"cname\":\"小数位\",\"value\":\"0\"}},{\"name\":{\"cname\":\"字段名\",\"value\":\"begin_date\"},\"cname\":{\"cname\":\"中文名\",\"value\":\"起始时间\"},\"align\":{\"cname\":\"对齐\",\"value\":\"2\"},\"initcomma\":{\"cname\":\"千分位\",\"value\":false},\"decimal\":{\"cname\":\"小数位\",\"value\":\"0\"}},{\"name\":{\"cname\":\"字段名\",\"value\":\"end_date\"},\"cname\":{\"cname\":\"中文名\",\"value\":\"终止时间\"},\"align\":{\"cname\":\"对齐\",\"value\":\"2\"},\"initcomma\":{\"cname\":\"千分位\",\"value\":false},\"decimal\":{\"cname\":\"小数位\",\"value\":\"0\"}}],\"cname\":\"指标\"}}]');
/*!40000 ALTER TABLE `web2_view` ENABLE KEYS */;
UNLOCK TABLES;
/*!40103 SET TIME_ZONE=@OLD_TIME_ZONE */;

/*!40101 SET SQL_MODE=@OLD_SQL_MODE */;
/*!40014 SET FOREIGN_KEY_CHECKS=@OLD_FOREIGN_KEY_CHECKS */;
/*!40014 SET UNIQUE_CHECKS=@OLD_UNIQUE_CHECKS */;
/*!40101 SET CHARACTER_SET_CLIENT=@OLD_CHARACTER_SET_CLIENT */;
/*!40101 SET CHARACTER_SET_RESULTS=@OLD_CHARACTER_SET_RESULTS */;
/*!40101 SET COLLATION_CONNECTION=@OLD_COLLATION_CONNECTION */;
/*!40111 SET SQL_NOTES=@OLD_SQL_NOTES */;

-- Dump completed on 2009-08-03  3:29:01
