/*
SQLyog 企业版 - MySQL GUI v7.14 
MySQL - 5.0.67-log : Database - loganalysis
*********************************************************************
*/

/*!40101 SET NAMES utf8 */;

/*!40101 SET SQL_MODE=''*/;

/*!40101 SET @OLD_SQL_MODE=@@SQL_MODE, SQL_MODE='NO_AUTO_VALUE_ON_ZERO' */;

/*Data for the table `web2_area` */

use danacfg;

insert  into `web2_area`(`id`,`pname`,`cname`,`pid`,`cid`,`parentid`) values (10000000,'北京市','北京',100,100,0);
insert  into `web2_area`(`id`,`pname`,`cname`,`pid`,`cid`,`parentid`) values (28170000,'广东省','东莞',200,769,0);
insert  into `web2_area`(`id`,`pname`,`cname`,`pid`,`cid`,`parentid`) values (18000000,'上海市','上海',210,210,0);
insert  into `web2_area`(`id`,`pname`,`cname`,`pid`,`cid`,`parentid`) values (11000000,'天津市','天津',220,220,0);
insert  into `web2_area`(`id`,`pname`,`cname`,`pid`,`cid`,`parentid`) values (31000000,'重庆市','重庆',230,230,0);
insert  into `web2_area`(`id`,`pname`,`cname`,`pid`,`cid`,`parentid`) values (15060000,'辽宁省','丹东',240,415,0);
insert  into `web2_area`(`id`,`pname`,`cname`,`pid`,`cid`,`parentid`) values (19010000,'江苏省','南京',250,250,0);
insert  into `web2_area`(`id`,`pname`,`cname`,`pid`,`cid`,`parentid`) values (26030000,'湖北省','十堰',270,719,0);
insert  into `web2_area`(`id`,`pname`,`cname`,`pid`,`cid`,`parentid`) values (32100000,'四川省','乐山',280,833,0);
insert  into `web2_area`(`id`,`pname`,`cname`,`pid`,`cid`,`parentid`) values (36040000,'陕西省','咸阳',290,910,0);
insert  into `web2_area`(`id`,`pname`,`cname`,`pid`,`cid`,`parentid`) values (12060000,'河北省','保定',311,312,0);
insert  into `web2_area`(`id`,`pname`,`cname`,`pid`,`cid`,`parentid`) values (13100000,'山西省','临汾',351,357,0);
insert  into `web2_area`(`id`,`pname`,`cname`,`pid`,`cid`,`parentid`) values (25120000,'河南省','三门峡',371,398,0);
insert  into `web2_area`(`id`,`pname`,`cname`,`pid`,`cid`,`parentid`) values (16020000,'吉林省','吉林',431,432,0);
insert  into `web2_area`(`id`,`pname`,`cname`,`pid`,`cid`,`parentid`) values (17090000,'黑龙江省','七台河',451,464,0);
insert  into `web2_area`(`id`,`pname`,`cname`,`pid`,`cid`,`parentid`) values (14100000,'内蒙古自治区','乌兰察布',471,474,0);
insert  into `web2_area`(`id`,`pname`,`cname`,`pid`,`cid`,`parentid`) values (24050000,'山东省','东营',531,546,0);
insert  into `web2_area`(`id`,`pname`,`cname`,`pid`,`cid`,`parentid`) values (21150000,'安徽省','亳州',551,567,0);
insert  into `web2_area`(`id`,`pname`,`cname`,`pid`,`cid`,`parentid`) values (20110000,'浙江省','丽水',571,578,0);
insert  into `web2_area`(`id`,`pname`,`cname`,`pid`,`cid`,`parentid`) values (22040000,'福建省','三明',591,598,0);
insert  into `web2_area`(`id`,`pname`,`cname`,`pid`,`cid`,`parentid`) values (27130000,'湖南省','娄底',731,738,0);
insert  into `web2_area`(`id`,`pname`,`cname`,`pid`,`cid`,`parentid`) values (29050000,'广西壮族自治区','北海',771,779,0);
insert  into `web2_area`(`id`,`pname`,`cname`,`pid`,`cid`,`parentid`) values (23110000,'江西省','上饶',791,793,0);
insert  into `web2_area`(`id`,`pname`,`cname`,`pid`,`cid`,`parentid`) values (33020000,'贵州省','六盘水',851,858,0);
insert  into `web2_area`(`id`,`pname`,`cname`,`pid`,`cid`,`parentid`) values (34160000,'云南省','临沧',871,883,0);
insert  into `web2_area`(`id`,`pname`,`cname`,`pid`,`cid`,`parentid`) values (35030000,'西藏自治区','山南',891,893,0);
insert  into `web2_area`(`id`,`pname`,`cname`,`pid`,`cid`,`parentid`) values (30010000,'海南省','海口',898,898,0);
insert  into `web2_area`(`id`,`pname`,`cname`,`pid`,`cid`,`parentid`) values (37130000,'甘肃省','临夏',931,930,0);
insert  into `web2_area`(`id`,`pname`,`cname`,`pid`,`cid`,`parentid`) values (39050000,'宁夏回族自治区','中卫',951,955,0);
insert  into `web2_area`(`id`,`pname`,`cname`,`pid`,`cid`,`parentid`) values (38060000,'青海省','果洛',971,975,0);
insert  into `web2_area`(`id`,`pname`,`cname`,`pid`,`cid`,`parentid`) values (40010000,'新疆维吾尔自治区','乌鲁木齐',991,991,0);
insert  into `web2_area`(`id`,`pname`,`cname`,`pid`,`cid`,`parentid`) values (99999999,'未知','未知',000,000,0);
/*Data for the table `web2_city` */

insert  into `web2_city`(`id`,`pname`,`cname`,`pid`,`cid`,`parent_id`) values (10000000,'北京市','北京',100,100,0);
insert  into `web2_city`(`id`,`pname`,`cname`,`pid`,`cid`,`parent_id`) values (10999999,'北京市','未知',100,000,0);
insert  into `web2_city`(`id`,`pname`,`cname`,`pid`,`cid`,`parent_id`) values (28170000,'广东省','东莞',200,769,0);
insert  into `web2_city`(`id`,`pname`,`cname`,`pid`,`cid`,`parent_id`) values (18000000,'上海市','上海',210,210,0);
insert  into `web2_city`(`id`,`pname`,`cname`,`pid`,`cid`,`parent_id`) values (18999999,'上海市','未知',210,000,0);
insert  into `web2_city`(`id`,`pname`,`cname`,`pid`,`cid`,`parent_id`) values (11000000,'天津市','天津',220,220,0);
insert  into `web2_city`(`id`,`pname`,`cname`,`pid`,`cid`,`parent_id`) values (11999999,'天津市','未知',220,000,0);
insert  into `web2_city`(`id`,`pname`,`cname`,`pid`,`cid`,`parent_id`) values (31000000,'重庆市','重庆',230,230,0);
insert  into `web2_city`(`id`,`pname`,`cname`,`pid`,`cid`,`parent_id`) values (31999999,'重庆市','未知',230,000,0);
insert  into `web2_city`(`id`,`pname`,`cname`,`pid`,`cid`,`parent_id`) values (15060000,'辽宁省','丹东',240,415,0);
insert  into `web2_city`(`id`,`pname`,`cname`,`pid`,`cid`,`parent_id`) values (19010000,'江苏省','南京',250,250,0);
insert  into `web2_city`(`id`,`pname`,`cname`,`pid`,`cid`,`parent_id`) values (26030000,'湖北省','十堰',270,719,0);
insert  into `web2_city`(`id`,`pname`,`cname`,`pid`,`cid`,`parent_id`) values (32100000,'四川省','乐山',280,833,0);
insert  into `web2_city`(`id`,`pname`,`cname`,`pid`,`cid`,`parent_id`) values (36040000,'陕西省','咸阳',290,910,0);
insert  into `web2_city`(`id`,`pname`,`cname`,`pid`,`cid`,`parent_id`) values (12060000,'河北省','保定',311,312,0);
insert  into `web2_city`(`id`,`pname`,`cname`,`pid`,`cid`,`parent_id`) values (13100000,'山西省','临汾',351,357,0);
insert  into `web2_city`(`id`,`pname`,`cname`,`pid`,`cid`,`parent_id`) values (25120000,'河南省','三门峡',371,398,0);
insert  into `web2_city`(`id`,`pname`,`cname`,`pid`,`cid`,`parent_id`) values (16020000,'吉林省','吉林',431,432,0);
insert  into `web2_city`(`id`,`pname`,`cname`,`pid`,`cid`,`parent_id`) values (17090000,'黑龙江省','七台河',451,464,0);
insert  into `web2_city`(`id`,`pname`,`cname`,`pid`,`cid`,`parent_id`) values (14100000,'内蒙古自治区','乌兰察布',471,474,0);
insert  into `web2_city`(`id`,`pname`,`cname`,`pid`,`cid`,`parent_id`) values (24050000,'山东省','东营',531,546,0);
insert  into `web2_city`(`id`,`pname`,`cname`,`pid`,`cid`,`parent_id`) values (21150000,'安徽省','亳州',551,567,0);
insert  into `web2_city`(`id`,`pname`,`cname`,`pid`,`cid`,`parent_id`) values (20110000,'浙江省','丽水',571,578,0);
insert  into `web2_city`(`id`,`pname`,`cname`,`pid`,`cid`,`parent_id`) values (22040000,'福建省','三明',591,598,0);
insert  into `web2_city`(`id`,`pname`,`cname`,`pid`,`cid`,`parent_id`) values (27130000,'湖南省','娄底',731,738,0);
insert  into `web2_city`(`id`,`pname`,`cname`,`pid`,`cid`,`parent_id`) values (29050000,'广西壮族自治区','北海',771,779,0);
insert  into `web2_city`(`id`,`pname`,`cname`,`pid`,`cid`,`parent_id`) values (23110000,'江西省','上饶',791,793,0);
insert  into `web2_city`(`id`,`pname`,`cname`,`pid`,`cid`,`parent_id`) values (33020000,'贵州省','六盘水',851,858,0);
insert  into `web2_city`(`id`,`pname`,`cname`,`pid`,`cid`,`parent_id`) values (34160000,'云南省','临沧',871,883,0);
insert  into `web2_city`(`id`,`pname`,`cname`,`pid`,`cid`,`parent_id`) values (35030000,'西藏自治区','山南',891,893,0);
insert  into `web2_city`(`id`,`pname`,`cname`,`pid`,`cid`,`parent_id`) values (30010000,'海南省','海口',898,898,0);
insert  into `web2_city`(`id`,`pname`,`cname`,`pid`,`cid`,`parent_id`) values (37130000,'甘肃省','临夏',931,930,0);
insert  into `web2_city`(`id`,`pname`,`cname`,`pid`,`cid`,`parent_id`) values (39050000,'宁夏回族自治区','中卫',951,955,0);
insert  into `web2_city`(`id`,`pname`,`cname`,`pid`,`cid`,`parent_id`) values (38060000,'青海省','果洛',971,975,0);
insert  into `web2_city`(`id`,`pname`,`cname`,`pid`,`cid`,`parent_id`) values (40010000,'新疆维吾尔自治区','乌鲁木齐',991,991,0);
insert  into `web2_city`(`id`,`pname`,`cname`,`pid`,`cid`,`parent_id`) values (34060000,'云南省','丽江',871,888,34160000);
insert  into `web2_city`(`id`,`pname`,`cname`,`pid`,`cid`,`parent_id`) values (34040000,'云南省','保山',871,875,34160000);
insert  into `web2_city`(`id`,`pname`,`cname`,`pid`,`cid`,`parent_id`) values (34120000,'云南省','大理',871,872,34160000);
insert  into `web2_city`(`id`,`pname`,`cname`,`pid`,`cid`,`parent_id`) values (34130000,'云南省','德宏',871,692,34160000);
insert  into `web2_city`(`id`,`pname`,`cname`,`pid`,`cid`,`parent_id`) values (34140000,'云南省','怒江',871,886,34160000);
insert  into `web2_city`(`id`,`pname`,`cname`,`pid`,`cid`,`parent_id`) values (34090000,'云南省','文山',871,876,34160000);
insert  into `web2_city`(`id`,`pname`,`cname`,`pid`,`cid`,`parent_id`) values (34010000,'云南省','昆明',871,871,34160000);
insert  into `web2_city`(`id`,`pname`,`cname`,`pid`,`cid`,`parent_id`) values (34050000,'云南省','昭通',871,870,34160000);
insert  into `web2_city`(`id`,`pname`,`cname`,`pid`,`cid`,`parent_id`) values (34100000,'云南省','普洱',871,879,34160000);
insert  into `web2_city`(`id`,`pname`,`cname`,`pid`,`cid`,`parent_id`) values (34020000,'云南省','曲靖',871,874,34160000);
insert  into `web2_city`(`id`,`pname`,`cname`,`pid`,`cid`,`parent_id`) values (34070000,'云南省','楚雄',871,878,34160000);
insert  into `web2_city`(`id`,`pname`,`cname`,`pid`,`cid`,`parent_id`) values (34030000,'云南省','玉溪',871,877,34160000);
insert  into `web2_city`(`id`,`pname`,`cname`,`pid`,`cid`,`parent_id`) values (34080000,'云南省','红河',871,873,34160000);
insert  into `web2_city`(`id`,`pname`,`cname`,`pid`,`cid`,`parent_id`) values (34110000,'云南省','西双版纳',871,691,34160000);
insert  into `web2_city`(`id`,`pname`,`cname`,`pid`,`cid`,`parent_id`) values (34150000,'云南省','迪庆',871,887,34160000);
insert  into `web2_city`(`id`,`pname`,`cname`,`pid`,`cid`,`parent_id`) values (34999999,'云南省','未知',871,000,34160000);
insert  into `web2_city`(`id`,`pname`,`cname`,`pid`,`cid`,`parent_id`) values (14030000,'内蒙古自治区','乌海',471,473,14100000);
insert  into `web2_city`(`id`,`pname`,`cname`,`pid`,`cid`,`parent_id`) values (14080000,'内蒙古自治区','兴安盟',471,482,14100000);
insert  into `web2_city`(`id`,`pname`,`cname`,`pid`,`cid`,`parent_id`) values (14020000,'内蒙古自治区','包头',471,472,14100000);
insert  into `web2_city`(`id`,`pname`,`cname`,`pid`,`cid`,`parent_id`) values (14070000,'内蒙古自治区','呼伦贝尔',471,470,14100000);
insert  into `web2_city`(`id`,`pname`,`cname`,`pid`,`cid`,`parent_id`) values (14010000,'内蒙古自治区','呼和浩特',471,471,14100000);
insert  into `web2_city`(`id`,`pname`,`cname`,`pid`,`cid`,`parent_id`) values (14110000,'内蒙古自治区','巴彦淖尔',471,478,14100000);
insert  into `web2_city`(`id`,`pname`,`cname`,`pid`,`cid`,`parent_id`) values (14040000,'内蒙古自治区','赤峰',471,476,14100000);
insert  into `web2_city`(`id`,`pname`,`cname`,`pid`,`cid`,`parent_id`) values (14050000,'内蒙古自治区','通辽',471,475,14100000);
insert  into `web2_city`(`id`,`pname`,`cname`,`pid`,`cid`,`parent_id`) values (14060000,'内蒙古自治区','鄂尔多斯',471,477,14100000);
insert  into `web2_city`(`id`,`pname`,`cname`,`pid`,`cid`,`parent_id`) values (14090000,'内蒙古自治区','锡林郭勒',471,479,14100000);
insert  into `web2_city`(`id`,`pname`,`cname`,`pid`,`cid`,`parent_id`) values (14120000,'内蒙古自治区','阿拉善',471,483,14100000);
insert  into `web2_city`(`id`,`pname`,`cname`,`pid`,`cid`,`parent_id`) values (14999999,'内蒙古自治区','未知',471,000,14100000);
insert  into `web2_city`(`id`,`pname`,`cname`,`pid`,`cid`,`parent_id`) values (16030000,'吉林省','四平',431,434,16020000);
insert  into `web2_city`(`id`,`pname`,`cname`,`pid`,`cid`,`parent_id`) values (16090000,'吉林省','延边',431,433,16020000);
insert  into `web2_city`(`id`,`pname`,`cname`,`pid`,`cid`,`parent_id`) values (16070000,'吉林省','松原',431,438,16020000);
insert  into `web2_city`(`id`,`pname`,`cname`,`pid`,`cid`,`parent_id`) values (16080000,'吉林省','白城',431,436,16020000);
insert  into `web2_city`(`id`,`pname`,`cname`,`pid`,`cid`,`parent_id`) values (16060000,'吉林省','白山',431,439,16020000);
insert  into `web2_city`(`id`,`pname`,`cname`,`pid`,`cid`,`parent_id`) values (16040000,'吉林省','辽源',431,437,16020000);
insert  into `web2_city`(`id`,`pname`,`cname`,`pid`,`cid`,`parent_id`) values (16050000,'吉林省','通化',431,435,16020000);
insert  into `web2_city`(`id`,`pname`,`cname`,`pid`,`cid`,`parent_id`) values (16010000,'吉林省','长春',431,431,16020000);
insert  into `web2_city`(`id`,`pname`,`cname`,`pid`,`cid`,`parent_id`) values (16999999,'吉林省','未知',431,000,16020000);
insert  into `web2_city`(`id`,`pname`,`cname`,`pid`,`cid`,`parent_id`) values (32090000,'四川省','内江',280,832,32100000);
insert  into `web2_city`(`id`,`pname`,`cname`,`pid`,`cid`,`parent_id`) values (32210000,'四川省','凉山',280,834,32100000);
insert  into `web2_city`(`id`,`pname`,`cname`,`pid`,`cid`,`parent_id`) values (32110000,'四川省','南充',280,817,32100000);
insert  into `web2_city`(`id`,`pname`,`cname`,`pid`,`cid`,`parent_id`) values (32130000,'四川省','宜宾',280,831,32100000);
insert  into `web2_city`(`id`,`pname`,`cname`,`pid`,`cid`,`parent_id`) values (32170000,'四川省','巴中',280,827,32100000);
insert  into `web2_city`(`id`,`pname`,`cname`,`pid`,`cid`,`parent_id`) values (32070000,'四川省','广元',280,839,32100000);
insert  into `web2_city`(`id`,`pname`,`cname`,`pid`,`cid`,`parent_id`) values (32140000,'四川省','广安',280,826,32100000);
insert  into `web2_city`(`id`,`pname`,`cname`,`pid`,`cid`,`parent_id`) values (32050000,'四川省','德阳',280,838,32100000);
insert  into `web2_city`(`id`,`pname`,`cname`,`pid`,`cid`,`parent_id`) values (32010000,'四川省','成都',280,280,32100000);
insert  into `web2_city`(`id`,`pname`,`cname`,`pid`,`cid`,`parent_id`) values (32030000,'四川省','攀枝花',280,812,32100000);
insert  into `web2_city`(`id`,`pname`,`cname`,`pid`,`cid`,`parent_id`) values (32040000,'四川省','泸州',280,830,32100000);
insert  into `web2_city`(`id`,`pname`,`cname`,`pid`,`cid`,`parent_id`) values (32200000,'四川省','甘孜',280,836,32100000);
insert  into `web2_city`(`id`,`pname`,`cname`,`pid`,`cid`,`parent_id`) values (32120000,'四川省','眉山',280,811,32100000);
insert  into `web2_city`(`id`,`pname`,`cname`,`pid`,`cid`,`parent_id`) values (32060000,'四川省','绵阳',280,816,32100000);
insert  into `web2_city`(`id`,`pname`,`cname`,`pid`,`cid`,`parent_id`) values (32020000,'四川省','自贡',280,813,32100000);
insert  into `web2_city`(`id`,`pname`,`cname`,`pid`,`cid`,`parent_id`) values (32180000,'四川省','资阳',280,819,32100000);
insert  into `web2_city`(`id`,`pname`,`cname`,`pid`,`cid`,`parent_id`) values (32150000,'四川省','达州',280,818,32100000);
insert  into `web2_city`(`id`,`pname`,`cname`,`pid`,`cid`,`parent_id`) values (32080000,'四川省','遂宁',280,825,32100000);
insert  into `web2_city`(`id`,`pname`,`cname`,`pid`,`cid`,`parent_id`) values (32190000,'四川省','阿坝',280,837,32100000);
insert  into `web2_city`(`id`,`pname`,`cname`,`pid`,`cid`,`parent_id`) values (32160000,'四川省','雅安',280,835,32100000);
insert  into `web2_city`(`id`,`pname`,`cname`,`pid`,`cid`,`parent_id`) values (32999999,'四川省','未知',280,000,32100000);
insert  into `web2_city`(`id`,`pname`,`cname`,`pid`,`cid`,`parent_id`) values (39030000,'宁夏回族自治区','吴忠',951,953,39050000);
insert  into `web2_city`(`id`,`pname`,`cname`,`pid`,`cid`,`parent_id`) values (39040000,'宁夏回族自治区','固原',951,954,39050000);
insert  into `web2_city`(`id`,`pname`,`cname`,`pid`,`cid`,`parent_id`) values (39020000,'宁夏回族自治区','石嘴山',951,952,39050000);
insert  into `web2_city`(`id`,`pname`,`cname`,`pid`,`cid`,`parent_id`) values (39010000,'宁夏回族自治区','银川',951,951,39050000);
insert  into `web2_city`(`id`,`pname`,`cname`,`pid`,`cid`,`parent_id`) values (39999999,'宁夏回族自治区','未知',951,000,39050000);
insert  into `web2_city`(`id`,`pname`,`cname`,`pid`,`cid`,`parent_id`) values (21140000,'安徽省','六安',551,564,21150000);
insert  into `web2_city`(`id`,`pname`,`cname`,`pid`,`cid`,`parent_id`) values (21010000,'安徽省','合肥',551,551,21150000);
insert  into `web2_city`(`id`,`pname`,`cname`,`pid`,`cid`,`parent_id`) values (21080000,'安徽省','安庆',551,556,21150000);
insert  into `web2_city`(`id`,`pname`,`cname`,`pid`,`cid`,`parent_id`) values (21170000,'安徽省','宣城',551,563,21150000);
insert  into `web2_city`(`id`,`pname`,`cname`,`pid`,`cid`,`parent_id`) values (21120000,'安徽省','宿州',551,557,21150000);
insert  into `web2_city`(`id`,`pname`,`cname`,`pid`,`cid`,`parent_id`) values (21130000,'安徽省','巢湖',551,565,21150000);
insert  into `web2_city`(`id`,`pname`,`cname`,`pid`,`cid`,`parent_id`) values (21160000,'安徽省','池州',551,566,21150000);
insert  into `web2_city`(`id`,`pname`,`cname`,`pid`,`cid`,`parent_id`) values (21060000,'安徽省','淮北',551,561,21150000);
insert  into `web2_city`(`id`,`pname`,`cname`,`pid`,`cid`,`parent_id`) values (21040000,'安徽省','淮南',551,554,21150000);
insert  into `web2_city`(`id`,`pname`,`cname`,`pid`,`cid`,`parent_id`) values (21100000,'安徽省','滁州',551,550,21150000);
insert  into `web2_city`(`id`,`pname`,`cname`,`pid`,`cid`,`parent_id`) values (21020000,'安徽省','芜湖',551,553,21150000);
insert  into `web2_city`(`id`,`pname`,`cname`,`pid`,`cid`,`parent_id`) values (21030000,'安徽省','蚌埠',551,552,21150000);
insert  into `web2_city`(`id`,`pname`,`cname`,`pid`,`cid`,`parent_id`) values (21070000,'安徽省','铜陵',551,562,21150000);
insert  into `web2_city`(`id`,`pname`,`cname`,`pid`,`cid`,`parent_id`) values (21110000,'安徽省','阜阳',551,558,21150000);
insert  into `web2_city`(`id`,`pname`,`cname`,`pid`,`cid`,`parent_id`) values (21050000,'安徽省','马鞍山',551,555,21150000);
insert  into `web2_city`(`id`,`pname`,`cname`,`pid`,`cid`,`parent_id`) values (21090000,'安徽省','黄山',551,559,21150000);
insert  into `web2_city`(`id`,`pname`,`cname`,`pid`,`cid`,`parent_id`) values (21999999,'安徽省','未知',551,000,21150000);
insert  into `web2_city`(`id`,`pname`,`cname`,`pid`,`cid`,`parent_id`) values (24130000,'山东省','临沂',531,539,24050000);
insert  into `web2_city`(`id`,`pname`,`cname`,`pid`,`cid`,`parent_id`) values (24100000,'山东省','威海',531,631,24050000);
insert  into `web2_city`(`id`,`pname`,`cname`,`pid`,`cid`,`parent_id`) values (24140000,'山东省','德州',531,534,24050000);
insert  into `web2_city`(`id`,`pname`,`cname`,`pid`,`cid`,`parent_id`) values (24110000,'山东省','日照',531,633,24050000);
insert  into `web2_city`(`id`,`pname`,`cname`,`pid`,`cid`,`parent_id`) values (24040000,'山东省','枣庄',531,632,24050000);
insert  into `web2_city`(`id`,`pname`,`cname`,`pid`,`cid`,`parent_id`) values (24090000,'山东省','泰安',531,538,24050000);
insert  into `web2_city`(`id`,`pname`,`cname`,`pid`,`cid`,`parent_id`) values (24010000,'山东省','济南',531,531,24050000);
insert  into `web2_city`(`id`,`pname`,`cname`,`pid`,`cid`,`parent_id`) values (24080000,'山东省','济宁',531,537,24050000);
insert  into `web2_city`(`id`,`pname`,`cname`,`pid`,`cid`,`parent_id`) values (24030000,'山东省','淄博',531,533,24050000);
insert  into `web2_city`(`id`,`pname`,`cname`,`pid`,`cid`,`parent_id`) values (24160000,'山东省','滨州',531,543,24050000);
insert  into `web2_city`(`id`,`pname`,`cname`,`pid`,`cid`,`parent_id`) values (24070000,'山东省','潍坊',531,536,24050000);
insert  into `web2_city`(`id`,`pname`,`cname`,`pid`,`cid`,`parent_id`) values (24060000,'山东省','烟台',531,535,24050000);
insert  into `web2_city`(`id`,`pname`,`cname`,`pid`,`cid`,`parent_id`) values (24150000,'山东省','聊城',531,635,24050000);
insert  into `web2_city`(`id`,`pname`,`cname`,`pid`,`cid`,`parent_id`) values (24120000,'山东省','莱芜',531,634,24050000);
insert  into `web2_city`(`id`,`pname`,`cname`,`pid`,`cid`,`parent_id`) values (24170000,'山东省','菏泽',531,530,24050000);
insert  into `web2_city`(`id`,`pname`,`cname`,`pid`,`cid`,`parent_id`) values (24020000,'山东省','青岛',531,532,24050000);
insert  into `web2_city`(`id`,`pname`,`cname`,`pid`,`cid`,`parent_id`) values (24999999,'山东省','未知',531,000,24050000);
insert  into `web2_city`(`id`,`pname`,`cname`,`pid`,`cid`,`parent_id`) values (13110000,'山西省','吕梁',351,358,13100000);
insert  into `web2_city`(`id`,`pname`,`cname`,`pid`,`cid`,`parent_id`) values (13020000,'山西省','大同',351,352,13100000);
insert  into `web2_city`(`id`,`pname`,`cname`,`pid`,`cid`,`parent_id`) values (13010000,'山西省','太原',351,351,13100000);
insert  into `web2_city`(`id`,`pname`,`cname`,`pid`,`cid`,`parent_id`) values (13090000,'山西省','忻州',351,350,13100000);
insert  into `web2_city`(`id`,`pname`,`cname`,`pid`,`cid`,`parent_id`) values (13070000,'山西省','晋中',351,354,13100000);
insert  into `web2_city`(`id`,`pname`,`cname`,`pid`,`cid`,`parent_id`) values (13050000,'山西省','晋城',351,356,13100000);
insert  into `web2_city`(`id`,`pname`,`cname`,`pid`,`cid`,`parent_id`) values (13060000,'山西省','朔州',351,349,13100000);
insert  into `web2_city`(`id`,`pname`,`cname`,`pid`,`cid`,`parent_id`) values (13080000,'山西省','运城',351,359,13100000);
insert  into `web2_city`(`id`,`pname`,`cname`,`pid`,`cid`,`parent_id`) values (13040000,'山西省','长治',351,355,13100000);
insert  into `web2_city`(`id`,`pname`,`cname`,`pid`,`cid`,`parent_id`) values (13030000,'山西省','阳泉',351,353,13100000);
insert  into `web2_city`(`id`,`pname`,`cname`,`pid`,`cid`,`parent_id`) values (13999999,'山西省','未知',351,000,13100000);
insert  into `web2_city`(`id`,`pname`,`cname`,`pid`,`cid`,`parent_id`) values (28180000,'广东省','中山',200,760,28170000);
insert  into `web2_city`(`id`,`pname`,`cname`,`pid`,`cid`,`parent_id`) values (28210000,'广东省','云浮',200,766,28170000);
insert  into `web2_city`(`id`,`pname`,`cname`,`pid`,`cid`,`parent_id`) values (28060000,'广东省','佛山',200,757,28170000);
insert  into `web2_city`(`id`,`pname`,`cname`,`pid`,`cid`,`parent_id`) values (28010000,'广东省','广州',200,200,28170000);
insert  into `web2_city`(`id`,`pname`,`cname`,`pid`,`cid`,`parent_id`) values (28110000,'广东省','惠州',200,752,28170000);
insert  into `web2_city`(`id`,`pname`,`cname`,`pid`,`cid`,`parent_id`) values (28200000,'广东省','揭阳',200,663,28170000);
insert  into `web2_city`(`id`,`pname`,`cname`,`pid`,`cid`,`parent_id`) values (28120000,'广东省','梅州',200,753,28170000);
insert  into `web2_city`(`id`,`pname`,`cname`,`pid`,`cid`,`parent_id`) values (28050000,'广东省','汕头',200,754,28170000);
insert  into `web2_city`(`id`,`pname`,`cname`,`pid`,`cid`,`parent_id`) values (28130000,'广东省','汕尾',200,660,28170000);
insert  into `web2_city`(`id`,`pname`,`cname`,`pid`,`cid`,`parent_id`) values (28070000,'广东省','江门',200,750,28170000);
insert  into `web2_city`(`id`,`pname`,`cname`,`pid`,`cid`,`parent_id`) values (28140000,'广东省','河源',200,762,28170000);
insert  into `web2_city`(`id`,`pname`,`cname`,`pid`,`cid`,`parent_id`) values (28030000,'广东省','深圳',200,755,28170000);
insert  into `web2_city`(`id`,`pname`,`cname`,`pid`,`cid`,`parent_id`) values (28160000,'广东省','清远',200,763,28170000);
insert  into `web2_city`(`id`,`pname`,`cname`,`pid`,`cid`,`parent_id`) values (28080000,'广东省','湛江',200,759,28170000);
insert  into `web2_city`(`id`,`pname`,`cname`,`pid`,`cid`,`parent_id`) values (28190000,'广东省','潮州',200,768,28170000);
insert  into `web2_city`(`id`,`pname`,`cname`,`pid`,`cid`,`parent_id`) values (28040000,'广东省','珠海',200,756,28170000);
insert  into `web2_city`(`id`,`pname`,`cname`,`pid`,`cid`,`parent_id`) values (28100000,'广东省','肇庆',200,758,28170000);
insert  into `web2_city`(`id`,`pname`,`cname`,`pid`,`cid`,`parent_id`) values (28090000,'广东省','茂名',200,668,28170000);
insert  into `web2_city`(`id`,`pname`,`cname`,`pid`,`cid`,`parent_id`) values (28150000,'广东省','阳江',200,662,28170000);
insert  into `web2_city`(`id`,`pname`,`cname`,`pid`,`cid`,`parent_id`) values (28020000,'广东省','韶关',200,751,28170000);
insert  into `web2_city`(`id`,`pname`,`cname`,`pid`,`cid`,`parent_id`) values (28999999,'广东省','未知',200,000,28170000);
insert  into `web2_city`(`id`,`pname`,`cname`,`pid`,`cid`,`parent_id`) values (29010000,'广西壮族自治区','南宁',771,771,29050000);
insert  into `web2_city`(`id`,`pname`,`cname`,`pid`,`cid`,`parent_id`) values (29020000,'广西壮族自治区','柳州',771,772,29050000);
insert  into `web2_city`(`id`,`pname`,`cname`,`pid`,`cid`,`parent_id`) values (29030000,'广西壮族自治区','桂林',771,773,29050000);
insert  into `web2_city`(`id`,`pname`,`cname`,`pid`,`cid`,`parent_id`) values (29040000,'广西壮族自治区','梧州',771,774,29050000);
insert  into `web2_city`(`id`,`pname`,`cname`,`pid`,`cid`,`parent_id`) values (29120000,'广西壮族自治区','河池',771,778,29050000);
insert  into `web2_city`(`id`,`pname`,`cname`,`pid`,`cid`,`parent_id`) values (29090000,'广西壮族自治区','玉林',771,775,29050000);
insert  into `web2_city`(`id`,`pname`,`cname`,`pid`,`cid`,`parent_id`) values (29100000,'广西壮族自治区','百色',771,776,29050000);
insert  into `web2_city`(`id`,`pname`,`cname`,`pid`,`cid`,`parent_id`) values (29070000,'广西壮族自治区','钦州',771,777,29050000);
insert  into `web2_city`(`id`,`pname`,`cname`,`pid`,`cid`,`parent_id`) values (29060000,'广西壮族自治区','防城港',771,770,29050000);
insert  into `web2_city`(`id`,`pname`,`cname`,`pid`,`cid`,`parent_id`) values (29999999,'广西壮族自治区','未知',771,000,29050000);
insert  into `web2_city`(`id`,`pname`,`cname`,`pid`,`cid`,`parent_id`) values (40120000,'新疆维吾尔自治区','伊犁',991,999,40010000);
insert  into `web2_city`(`id`,`pname`,`cname`,`pid`,`cid`,`parent_id`) values (40090000,'新疆维吾尔自治区','克孜勒苏',991,908,40010000);
insert  into `web2_city`(`id`,`pname`,`cname`,`pid`,`cid`,`parent_id`) values (40020000,'新疆维吾尔自治区','克拉玛依',991,990,40010000);
insert  into `web2_city`(`id`,`pname`,`cname`,`pid`,`cid`,`parent_id`) values (40060000,'新疆维吾尔自治区','博尔塔拉',991,909,40010000);
insert  into `web2_city`(`id`,`pname`,`cname`,`pid`,`cid`,`parent_id`) values (40030000,'新疆维吾尔自治区','吐鲁番',991,995,40010000);
insert  into `web2_city`(`id`,`pname`,`cname`,`pid`,`cid`,`parent_id`) values (40110000,'新疆维吾尔自治区','和田',991,903,40010000);
insert  into `web2_city`(`id`,`pname`,`cname`,`pid`,`cid`,`parent_id`) values (40040000,'新疆维吾尔自治区','哈密',991,902,40010000);
insert  into `web2_city`(`id`,`pname`,`cname`,`pid`,`cid`,`parent_id`) values (40100000,'新疆维吾尔自治区','喀什',991,998,40010000);
insert  into `web2_city`(`id`,`pname`,`cname`,`pid`,`cid`,`parent_id`) values (40130000,'新疆维吾尔自治区','塔城',991,901,40010000);
insert  into `web2_city`(`id`,`pname`,`cname`,`pid`,`cid`,`parent_id`) values (40190000,'新疆维吾尔自治区','奎屯',991,992,40010000);
insert  into `web2_city`(`id`,`pname`,`cname`,`pid`,`cid`,`parent_id`) values (40070000,'新疆维吾尔自治区','巴音郭楞',991,996,40010000);
insert  into `web2_city`(`id`,`pname`,`cname`,`pid`,`cid`,`parent_id`) values (40050000,'新疆维吾尔自治区','昌吉',991,994,40010000);
insert  into `web2_city`(`id`,`pname`,`cname`,`pid`,`cid`,`parent_id`) values (40150000,'新疆维吾尔自治区','石河子',991,993,40010000);
insert  into `web2_city`(`id`,`pname`,`cname`,`pid`,`cid`,`parent_id`) values (40080000,'新疆维吾尔自治区','阿克苏',991,997,40010000);
insert  into `web2_city`(`id`,`pname`,`cname`,`pid`,`cid`,`parent_id`) values (40140000,'新疆维吾尔自治区','阿勒泰',991,906,40010000);
insert  into `web2_city`(`id`,`pname`,`cname`,`pid`,`cid`,`parent_id`) values (40999999,'新疆维吾尔自治区','未知',991,000,40010000);
insert  into `web2_city`(`id`,`pname`,`cname`,`pid`,`cid`,`parent_id`) values (19060000,'江苏省','南通',250,513,19010000);
insert  into `web2_city`(`id`,`pname`,`cname`,`pid`,`cid`,`parent_id`) values (19130000,'江苏省','宿迁',250,527,19010000);
insert  into `web2_city`(`id`,`pname`,`cname`,`pid`,`cid`,`parent_id`) values (19040000,'江苏省','常州',250,519,19010000);
insert  into `web2_city`(`id`,`pname`,`cname`,`pid`,`cid`,`parent_id`) values (19030000,'江苏省','徐州',250,516,19010000);
insert  into `web2_city`(`id`,`pname`,`cname`,`pid`,`cid`,`parent_id`) values (19100000,'江苏省','扬州',250,514,19010000);
insert  into `web2_city`(`id`,`pname`,`cname`,`pid`,`cid`,`parent_id`) values (19020000,'江苏省','无锡',250,510,19010000);
insert  into `web2_city`(`id`,`pname`,`cname`,`pid`,`cid`,`parent_id`) values (19120000,'江苏省','泰州',250,523,19010000);
insert  into `web2_city`(`id`,`pname`,`cname`,`pid`,`cid`,`parent_id`) values (19080000,'江苏省','淮安',250,517,19010000);
insert  into `web2_city`(`id`,`pname`,`cname`,`pid`,`cid`,`parent_id`) values (19090000,'江苏省','盐城',250,515,19010000);
insert  into `web2_city`(`id`,`pname`,`cname`,`pid`,`cid`,`parent_id`) values (19050000,'江苏省','苏州',250,512,19010000);
insert  into `web2_city`(`id`,`pname`,`cname`,`pid`,`cid`,`parent_id`) values (19070000,'江苏省','连云港',250,518,19010000);
insert  into `web2_city`(`id`,`pname`,`cname`,`pid`,`cid`,`parent_id`) values (19110000,'江苏省','镇江',250,511,19010000);
insert  into `web2_city`(`id`,`pname`,`cname`,`pid`,`cid`,`parent_id`) values (19999999,'江苏省','未知',250,000,19010000);
insert  into `web2_city`(`id`,`pname`,`cname`,`pid`,`cid`,`parent_id`) values (23040000,'江西省','九江',791,792,23110000);
insert  into `web2_city`(`id`,`pname`,`cname`,`pid`,`cid`,`parent_id`) values (23010000,'江西省','南昌',791,791,23110000);
insert  into `web2_city`(`id`,`pname`,`cname`,`pid`,`cid`,`parent_id`) values (23080000,'江西省','吉安',791,796,23110000);
insert  into `web2_city`(`id`,`pname`,`cname`,`pid`,`cid`,`parent_id`) values (23090000,'江西省','宜春',791,795,23110000);
insert  into `web2_city`(`id`,`pname`,`cname`,`pid`,`cid`,`parent_id`) values (23100000,'江西省','抚州',791,794,23110000);
insert  into `web2_city`(`id`,`pname`,`cname`,`pid`,`cid`,`parent_id`) values (23050000,'江西省','新余',791,790,23110000);
insert  into `web2_city`(`id`,`pname`,`cname`,`pid`,`cid`,`parent_id`) values (23020000,'江西省','景德镇',791,798,23110000);
insert  into `web2_city`(`id`,`pname`,`cname`,`pid`,`cid`,`parent_id`) values (23030000,'江西省','萍乡',791,799,23110000);
insert  into `web2_city`(`id`,`pname`,`cname`,`pid`,`cid`,`parent_id`) values (23070000,'江西省','赣州',791,797,23110000);
insert  into `web2_city`(`id`,`pname`,`cname`,`pid`,`cid`,`parent_id`) values (23060000,'江西省','鹰潭',791,701,23110000);
insert  into `web2_city`(`id`,`pname`,`cname`,`pid`,`cid`,`parent_id`) values (23999999,'江西省','未知',791,000,23110000);
insert  into `web2_city`(`id`,`pname`,`cname`,`pid`,`cid`,`parent_id`) values (12020000,'河北省','唐山',311,315,12060000);
insert  into `web2_city`(`id`,`pname`,`cname`,`pid`,`cid`,`parent_id`) values (12100000,'河北省','廊坊',311,316,12060000);
insert  into `web2_city`(`id`,`pname`,`cname`,`pid`,`cid`,`parent_id`) values (12070000,'河北省','张家口',311,313,12060000);
insert  into `web2_city`(`id`,`pname`,`cname`,`pid`,`cid`,`parent_id`) values (12080000,'河北省','承德',311,314,12060000);
insert  into `web2_city`(`id`,`pname`,`cname`,`pid`,`cid`,`parent_id`) values (12090000,'河北省','沧州',311,317,12060000);
insert  into `web2_city`(`id`,`pname`,`cname`,`pid`,`cid`,`parent_id`) values (12010000,'河北省','石家庄',311,311,12060000);
insert  into `web2_city`(`id`,`pname`,`cname`,`pid`,`cid`,`parent_id`) values (12030000,'河北省','秦皇岛',311,335,12060000);
insert  into `web2_city`(`id`,`pname`,`cname`,`pid`,`cid`,`parent_id`) values (12110000,'河北省','衡水',311,318,12060000);
insert  into `web2_city`(`id`,`pname`,`cname`,`pid`,`cid`,`parent_id`) values (12050000,'河北省','邢台',311,319,12060000);
insert  into `web2_city`(`id`,`pname`,`cname`,`pid`,`cid`,`parent_id`) values (12040000,'河北省','邯郸',311,310,12060000);
insert  into `web2_city`(`id`,`pname`,`cname`,`pid`,`cid`,`parent_id`) values (12999999,'河北省','未知',311,000,12060000);
insert  into `web2_city`(`id`,`pname`,`cname`,`pid`,`cid`,`parent_id`) values (25150000,'河南省','信阳',371,376,25120000);
insert  into `web2_city`(`id`,`pname`,`cname`,`pid`,`cid`,`parent_id`) values (25130000,'河南省','南阳',371,377,25120000);
insert  into `web2_city`(`id`,`pname`,`cname`,`pid`,`cid`,`parent_id`) values (25160000,'河南省','周口',371,394,25120000);
insert  into `web2_city`(`id`,`pname`,`cname`,`pid`,`cid`,`parent_id`) values (25140000,'河南省','商丘',371,370,25120000);
insert  into `web2_city`(`id`,`pname`,`cname`,`pid`,`cid`,`parent_id`) values (25050000,'河南省','安阳',371,372,25120000);
insert  into `web2_city`(`id`,`pname`,`cname`,`pid`,`cid`,`parent_id`) values (25040000,'河南省','平顶山',371,375,25120000);
insert  into `web2_city`(`id`,`pname`,`cname`,`pid`,`cid`,`parent_id`) values (25020000,'河南省','开封',371,378,25120000);
insert  into `web2_city`(`id`,`pname`,`cname`,`pid`,`cid`,`parent_id`) values (25070000,'河南省','新乡',371,373,25120000);
insert  into `web2_city`(`id`,`pname`,`cname`,`pid`,`cid`,`parent_id`) values (25030000,'河南省','洛阳',371,379,25120000);
insert  into `web2_city`(`id`,`pname`,`cname`,`pid`,`cid`,`parent_id`) values (25110000,'河南省','漯河',371,395,25120000);
insert  into `web2_city`(`id`,`pname`,`cname`,`pid`,`cid`,`parent_id`) values (25090000,'河南省','濮阳',371,393,25120000);
insert  into `web2_city`(`id`,`pname`,`cname`,`pid`,`cid`,`parent_id`) values (25080000,'河南省','焦作',371,391,25120000);
insert  into `web2_city`(`id`,`pname`,`cname`,`pid`,`cid`,`parent_id`) values (25100000,'河南省','许昌',371,374,25120000);
insert  into `web2_city`(`id`,`pname`,`cname`,`pid`,`cid`,`parent_id`) values (25010000,'河南省','郑州',371,371,25120000);
insert  into `web2_city`(`id`,`pname`,`cname`,`pid`,`cid`,`parent_id`) values (25170000,'河南省','驻马店',371,396,25120000);
insert  into `web2_city`(`id`,`pname`,`cname`,`pid`,`cid`,`parent_id`) values (25060000,'河南省','鹤壁',371,392,25120000);
insert  into `web2_city`(`id`,`pname`,`cname`,`pid`,`cid`,`parent_id`) values (25999999,'河南省','未知',371,000,25120000);
insert  into `web2_city`(`id`,`pname`,`cname`,`pid`,`cid`,`parent_id`) values (20100000,'浙江省','台州',571,576,20110000);
insert  into `web2_city`(`id`,`pname`,`cname`,`pid`,`cid`,`parent_id`) values (20040000,'浙江省','嘉兴',571,573,20110000);
insert  into `web2_city`(`id`,`pname`,`cname`,`pid`,`cid`,`parent_id`) values (20020000,'浙江省','宁波',571,574,20110000);
insert  into `web2_city`(`id`,`pname`,`cname`,`pid`,`cid`,`parent_id`) values (20010000,'浙江省','杭州',571,571,20110000);
insert  into `web2_city`(`id`,`pname`,`cname`,`pid`,`cid`,`parent_id`) values (20030000,'浙江省','温州',571,577,20110000);
insert  into `web2_city`(`id`,`pname`,`cname`,`pid`,`cid`,`parent_id`) values (20050000,'浙江省','湖州',571,572,20110000);
insert  into `web2_city`(`id`,`pname`,`cname`,`pid`,`cid`,`parent_id`) values (20060000,'浙江省','绍兴',571,575,20110000);
insert  into `web2_city`(`id`,`pname`,`cname`,`pid`,`cid`,`parent_id`) values (20090000,'浙江省','舟山',571,580,20110000);
insert  into `web2_city`(`id`,`pname`,`cname`,`pid`,`cid`,`parent_id`) values (20080000,'浙江省','衢州',571,570,20110000);
insert  into `web2_city`(`id`,`pname`,`cname`,`pid`,`cid`,`parent_id`) values (20070000,'浙江省','金华',571,579,20110000);
insert  into `web2_city`(`id`,`pname`,`cname`,`pid`,`cid`,`parent_id`) values (20999999,'浙江省','未知',571,000,20110000);
insert  into `web2_city`(`id`,`pname`,`cname`,`pid`,`cid`,`parent_id`) values (26110000,'湖北省','咸宁',270,715,26030000);
insert  into `web2_city`(`id`,`pname`,`cname`,`pid`,`cid`,`parent_id`) values (26080000,'湖北省','孝感',270,712,26030000);
insert  into `web2_city`(`id`,`pname`,`cname`,`pid`,`cid`,`parent_id`) values (26040000,'湖北省','宜昌',270,717,26030000);
insert  into `web2_city`(`id`,`pname`,`cname`,`pid`,`cid`,`parent_id`) values (26130000,'湖北省','恩施',270,718,26030000);
insert  into `web2_city`(`id`,`pname`,`cname`,`pid`,`cid`,`parent_id`) values (26010000,'湖北省','武汉',270,270,26030000);
insert  into `web2_city`(`id`,`pname`,`cname`,`pid`,`cid`,`parent_id`) values (26140000,'湖北省','江汉',270,728,26030000);
insert  into `web2_city`(`id`,`pname`,`cname`,`pid`,`cid`,`parent_id`) values (26090000,'湖北省','荆州',270,716,26030000);
insert  into `web2_city`(`id`,`pname`,`cname`,`pid`,`cid`,`parent_id`) values (26070000,'湖北省','荆门',270,724,26030000);
insert  into `web2_city`(`id`,`pname`,`cname`,`pid`,`cid`,`parent_id`) values (26050000,'湖北省','襄樊',270,710,26030000);
insert  into `web2_city`(`id`,`pname`,`cname`,`pid`,`cid`,`parent_id`) values (26060000,'湖北省','鄂州',270,711,26030000);
insert  into `web2_city`(`id`,`pname`,`cname`,`pid`,`cid`,`parent_id`) values (26120000,'湖北省','随州',270,722,26030000);
insert  into `web2_city`(`id`,`pname`,`cname`,`pid`,`cid`,`parent_id`) values (26100000,'湖北省','黄冈',270,713,26030000);
insert  into `web2_city`(`id`,`pname`,`cname`,`pid`,`cid`,`parent_id`) values (26020000,'湖北省','黄石',270,714,26030000);
insert  into `web2_city`(`id`,`pname`,`cname`,`pid`,`cid`,`parent_id`) values (26999999,'湖北省','未知',270,000,26030000);
insert  into `web2_city`(`id`,`pname`,`cname`,`pid`,`cid`,`parent_id`) values (27060000,'湖南省','岳阳',731,730,27130000);
insert  into `web2_city`(`id`,`pname`,`cname`,`pid`,`cid`,`parent_id`) values (27070000,'湖南省','常德',731,736,27130000);
insert  into `web2_city`(`id`,`pname`,`cname`,`pid`,`cid`,`parent_id`) values (27080000,'湖南省','张家界',731,744,27130000);
insert  into `web2_city`(`id`,`pname`,`cname`,`pid`,`cid`,`parent_id`) values (27120000,'湖南省','怀化',731,745,27130000);
insert  into `web2_city`(`id`,`pname`,`cname`,`pid`,`cid`,`parent_id`) values (27020000,'湖南省','株洲',731,733,27130000);
insert  into `web2_city`(`id`,`pname`,`cname`,`pid`,`cid`,`parent_id`) values (27110000,'湖南省','永州',731,746,27130000);
insert  into `web2_city`(`id`,`pname`,`cname`,`pid`,`cid`,`parent_id`) values (27030000,'湖南省','湘潭',731,732,27130000);
insert  into `web2_city`(`id`,`pname`,`cname`,`pid`,`cid`,`parent_id`) values (27140000,'湖南省','湘西',731,743,27130000);
insert  into `web2_city`(`id`,`pname`,`cname`,`pid`,`cid`,`parent_id`) values (27090000,'湖南省','益阳',731,737,27130000);
insert  into `web2_city`(`id`,`pname`,`cname`,`pid`,`cid`,`parent_id`) values (27040000,'湖南省','衡阳',731,734,27130000);
insert  into `web2_city`(`id`,`pname`,`cname`,`pid`,`cid`,`parent_id`) values (27050000,'湖南省','邵阳',731,739,27130000);
insert  into `web2_city`(`id`,`pname`,`cname`,`pid`,`cid`,`parent_id`) values (27100000,'湖南省','郴州',731,735,27130000);
insert  into `web2_city`(`id`,`pname`,`cname`,`pid`,`cid`,`parent_id`) values (27010000,'湖南省','长沙',731,731,27130000);
insert  into `web2_city`(`id`,`pname`,`cname`,`pid`,`cid`,`parent_id`) values (27999999,'湖南省','未知',731,000,27130000);
insert  into `web2_city`(`id`,`pname`,`cname`,`pid`,`cid`,`parent_id`) values (37010000,'甘肃省','兰州',931,931,37130000);
insert  into `web2_city`(`id`,`pname`,`cname`,`pid`,`cid`,`parent_id`) values (37020000,'甘肃省','嘉峪关',931,947,37130000);
insert  into `web2_city`(`id`,`pname`,`cname`,`pid`,`cid`,`parent_id`) values (37050000,'甘肃省','天水',931,938,37130000);
insert  into `web2_city`(`id`,`pname`,`cname`,`pid`,`cid`,`parent_id`) values (37110000,'甘肃省','定西',931,932,37130000);
insert  into `web2_city`(`id`,`pname`,`cname`,`pid`,`cid`,`parent_id`) values (37080000,'甘肃省','平凉',931,933,37130000);
insert  into `web2_city`(`id`,`pname`,`cname`,`pid`,`cid`,`parent_id`) values (37100000,'甘肃省','庆阳',931,934,37130000);
insert  into `web2_city`(`id`,`pname`,`cname`,`pid`,`cid`,`parent_id`) values (37070000,'甘肃省','张掖',931,936,37130000);
insert  into `web2_city`(`id`,`pname`,`cname`,`pid`,`cid`,`parent_id`) values (37060000,'甘肃省','武威',931,935,37130000);
insert  into `web2_city`(`id`,`pname`,`cname`,`pid`,`cid`,`parent_id`) values (37140000,'甘肃省','甘南',931,941,37130000);
insert  into `web2_city`(`id`,`pname`,`cname`,`pid`,`cid`,`parent_id`) values (37040000,'甘肃省','白银',931,943,37130000);
insert  into `web2_city`(`id`,`pname`,`cname`,`pid`,`cid`,`parent_id`) values (37090000,'甘肃省','酒泉',931,937,37130000);
insert  into `web2_city`(`id`,`pname`,`cname`,`pid`,`cid`,`parent_id`) values (37030000,'甘肃省','金昌',931,945,37130000);
insert  into `web2_city`(`id`,`pname`,`cname`,`pid`,`cid`,`parent_id`) values (37120000,'甘肃省','陇南',931,939,37130000);
insert  into `web2_city`(`id`,`pname`,`cname`,`pid`,`cid`,`parent_id`) values (37999999,'甘肃省','未知',931,000,37130000);
insert  into `web2_city`(`id`,`pname`,`cname`,`pid`,`cid`,`parent_id`) values (22070000,'福建省','南平',591,599,22040000);
insert  into `web2_city`(`id`,`pname`,`cname`,`pid`,`cid`,`parent_id`) values (22020000,'福建省','厦门',591,592,22040000);
insert  into `web2_city`(`id`,`pname`,`cname`,`pid`,`cid`,`parent_id`) values (22090000,'福建省','宁德',591,593,22040000);
insert  into `web2_city`(`id`,`pname`,`cname`,`pid`,`cid`,`parent_id`) values (22050000,'福建省','泉州',591,595,22040000);
insert  into `web2_city`(`id`,`pname`,`cname`,`pid`,`cid`,`parent_id`) values (22060000,'福建省','漳州',591,596,22040000);
insert  into `web2_city`(`id`,`pname`,`cname`,`pid`,`cid`,`parent_id`) values (22010000,'福建省','福州',591,591,22040000);
insert  into `web2_city`(`id`,`pname`,`cname`,`pid`,`cid`,`parent_id`) values (22030000,'福建省','莆田',591,594,22040000);
insert  into `web2_city`(`id`,`pname`,`cname`,`pid`,`cid`,`parent_id`) values (22080000,'福建省','龙岩',591,597,22040000);
insert  into `web2_city`(`id`,`pname`,`cname`,`pid`,`cid`,`parent_id`) values (22999999,'福建省','未知',591,000,22040000);
insert  into `web2_city`(`id`,`pname`,`cname`,`pid`,`cid`,`parent_id`) values (35010000,'西藏自治区','拉萨',891,891,35030000);
insert  into `web2_city`(`id`,`pname`,`cname`,`pid`,`cid`,`parent_id`) values (35040000,'西藏自治区','日喀则',891,892,35030000);
insert  into `web2_city`(`id`,`pname`,`cname`,`pid`,`cid`,`parent_id`) values (35020000,'西藏自治区','昌都',891,895,35030000);
insert  into `web2_city`(`id`,`pname`,`cname`,`pid`,`cid`,`parent_id`) values (35070000,'西藏自治区','林芝',891,894,35030000);
insert  into `web2_city`(`id`,`pname`,`cname`,`pid`,`cid`,`parent_id`) values (35050000,'西藏自治区','那曲',891,896,35030000);
insert  into `web2_city`(`id`,`pname`,`cname`,`pid`,`cid`,`parent_id`) values (35060000,'西藏自治区','阿里',891,897,35030000);
insert  into `web2_city`(`id`,`pname`,`cname`,`pid`,`cid`,`parent_id`) values (35999999,'西藏自治区','未知',891,000,35030000);
insert  into `web2_city`(`id`,`pname`,`cname`,`pid`,`cid`,`parent_id`) values (33040000,'贵州省','安顺',851,853,33020000);
insert  into `web2_city`(`id`,`pname`,`cname`,`pid`,`cid`,`parent_id`) values (33070000,'贵州省','毕节',851,857,33020000);
insert  into `web2_city`(`id`,`pname`,`cname`,`pid`,`cid`,`parent_id`) values (33010000,'贵州省','贵阳',851,851,33020000);
insert  into `web2_city`(`id`,`pname`,`cname`,`pid`,`cid`,`parent_id`) values (33030000,'贵州省','遵义',851,852,33020000);
insert  into `web2_city`(`id`,`pname`,`cname`,`pid`,`cid`,`parent_id`) values (33100000,'贵州省','铜仁',851,856,33020000);
insert  into `web2_city`(`id`,`pname`,`cname`,`pid`,`cid`,`parent_id`) values (33080000,'贵州省','黔东南',851,855,33020000);
insert  into `web2_city`(`id`,`pname`,`cname`,`pid`,`cid`,`parent_id`) values (33090000,'贵州省','黔南',851,854,33020000);
insert  into `web2_city`(`id`,`pname`,`cname`,`pid`,`cid`,`parent_id`) values (33060000,'贵州省','黔西南',851,859,33020000);
insert  into `web2_city`(`id`,`pname`,`cname`,`pid`,`cid`,`parent_id`) values (33999999,'贵州省','未知',851,000,33020000);
insert  into `web2_city`(`id`,`pname`,`cname`,`pid`,`cid`,`parent_id`) values (15020000,'辽宁省','大连',240,411,15060000);
insert  into `web2_city`(`id`,`pname`,`cname`,`pid`,`cid`,`parent_id`) values (15040000,'辽宁省','抚顺',240,413,15060000);
insert  into `web2_city`(`id`,`pname`,`cname`,`pid`,`cid`,`parent_id`) values (15130000,'辽宁省','朝阳',240,421,15060000);
insert  into `web2_city`(`id`,`pname`,`cname`,`pid`,`cid`,`parent_id`) values (15050000,'辽宁省','本溪',240,414,15060000);
insert  into `web2_city`(`id`,`pname`,`cname`,`pid`,`cid`,`parent_id`) values (15010000,'辽宁省','沈阳',240,240,15060000);
insert  into `web2_city`(`id`,`pname`,`cname`,`pid`,`cid`,`parent_id`) values (15110000,'辽宁省','盘锦',240,427,15060000);
insert  into `web2_city`(`id`,`pname`,`cname`,`pid`,`cid`,`parent_id`) values (15080000,'辽宁省','营口',240,417,15060000);
insert  into `web2_city`(`id`,`pname`,`cname`,`pid`,`cid`,`parent_id`) values (15140000,'辽宁省','葫芦岛',240,429,15060000);
insert  into `web2_city`(`id`,`pname`,`cname`,`pid`,`cid`,`parent_id`) values (15100000,'辽宁省','辽阳',240,419,15060000);
insert  into `web2_city`(`id`,`pname`,`cname`,`pid`,`cid`,`parent_id`) values (15120000,'辽宁省','铁岭',240,410,15060000);
insert  into `web2_city`(`id`,`pname`,`cname`,`pid`,`cid`,`parent_id`) values (15070000,'辽宁省','锦州',240,416,15060000);
insert  into `web2_city`(`id`,`pname`,`cname`,`pid`,`cid`,`parent_id`) values (15090000,'辽宁省','阜新',240,418,15060000);
insert  into `web2_city`(`id`,`pname`,`cname`,`pid`,`cid`,`parent_id`) values (15030000,'辽宁省','鞍山',240,412,15060000);
insert  into `web2_city`(`id`,`pname`,`cname`,`pid`,`cid`,`parent_id`) values (15999999,'辽宁省','未知',240,000,15060000);
insert  into `web2_city`(`id`,`pname`,`cname`,`pid`,`cid`,`parent_id`) values (36100000,'陕西省','商洛',290,914,36040000);
insert  into `web2_city`(`id`,`pname`,`cname`,`pid`,`cid`,`parent_id`) values (36090000,'陕西省','安康',290,915,36040000);
insert  into `web2_city`(`id`,`pname`,`cname`,`pid`,`cid`,`parent_id`) values (36030000,'陕西省','宝鸡',290,917,36040000);
insert  into `web2_city`(`id`,`pname`,`cname`,`pid`,`cid`,`parent_id`) values (36060000,'陕西省','延安',290,911,36040000);
insert  into `web2_city`(`id`,`pname`,`cname`,`pid`,`cid`,`parent_id`) values (36080000,'陕西省','榆林',290,912,36040000);
insert  into `web2_city`(`id`,`pname`,`cname`,`pid`,`cid`,`parent_id`) values (36070000,'陕西省','汉中',290,916,36040000);
insert  into `web2_city`(`id`,`pname`,`cname`,`pid`,`cid`,`parent_id`) values (36050000,'陕西省','渭南',290,913,36040000);
insert  into `web2_city`(`id`,`pname`,`cname`,`pid`,`cid`,`parent_id`) values (36010000,'陕西省','西安',290,290,36040000);
insert  into `web2_city`(`id`,`pname`,`cname`,`pid`,`cid`,`parent_id`) values (36020000,'陕西省','铜川',290,919,36040000);
insert  into `web2_city`(`id`,`pname`,`cname`,`pid`,`cid`,`parent_id`) values (36999999,'陕西省','未知',290,000,36040000);
insert  into `web2_city`(`id`,`pname`,`cname`,`pid`,`cid`,`parent_id`) values (38090000,'青海省','格尔木',971,979,38060000);
insert  into `web2_city`(`id`,`pname`,`cname`,`pid`,`cid`,`parent_id`) values (38020000,'青海省','海东',971,972,38060000);
insert  into `web2_city`(`id`,`pname`,`cname`,`pid`,`cid`,`parent_id`) values (38030000,'青海省','海北',971,970,38060000);
insert  into `web2_city`(`id`,`pname`,`cname`,`pid`,`cid`,`parent_id`) values (38050000,'青海省','海南州',971,974,38060000);
insert  into `web2_city`(`id`,`pname`,`cname`,`pid`,`cid`,`parent_id`) values (38080000,'青海省','海西',971,977,38060000);
insert  into `web2_city`(`id`,`pname`,`cname`,`pid`,`cid`,`parent_id`) values (38070000,'青海省','玉树',971,976,38060000);
insert  into `web2_city`(`id`,`pname`,`cname`,`pid`,`cid`,`parent_id`) values (38010000,'青海省','西宁',971,971,38060000);
insert  into `web2_city`(`id`,`pname`,`cname`,`pid`,`cid`,`parent_id`) values (38040000,'青海省','黄南',971,973,38060000);
insert  into `web2_city`(`id`,`pname`,`cname`,`pid`,`cid`,`parent_id`) values (38999999,'青海省','未知',971,000,38060000);
insert  into `web2_city`(`id`,`pname`,`cname`,`pid`,`cid`,`parent_id`) values (17070000,'黑龙江省','伊春',451,458,17090000);
insert  into `web2_city`(`id`,`pname`,`cname`,`pid`,`cid`,`parent_id`) values (17080000,'黑龙江省','佳木斯',451,454,17090000);
insert  into `web2_city`(`id`,`pname`,`cname`,`pid`,`cid`,`parent_id`) values (17050000,'黑龙江省','双鸭山',451,469,17090000);
insert  into `web2_city`(`id`,`pname`,`cname`,`pid`,`cid`,`parent_id`) values (17010000,'黑龙江省','哈尔滨',451,451,17090000);
insert  into `web2_city`(`id`,`pname`,`cname`,`pid`,`cid`,`parent_id`) values (17130000,'黑龙江省','大兴安岭',451,457,17090000);
insert  into `web2_city`(`id`,`pname`,`cname`,`pid`,`cid`,`parent_id`) values (17060000,'黑龙江省','大庆',451,459,17090000);
insert  into `web2_city`(`id`,`pname`,`cname`,`pid`,`cid`,`parent_id`) values (17100000,'黑龙江省','牡丹江',451,453,17090000);
insert  into `web2_city`(`id`,`pname`,`cname`,`pid`,`cid`,`parent_id`) values (17120000,'黑龙江省','绥化',451,455,17090000);
insert  into `web2_city`(`id`,`pname`,`cname`,`pid`,`cid`,`parent_id`) values (17030000,'黑龙江省','鸡西',451,467,17090000);
insert  into `web2_city`(`id`,`pname`,`cname`,`pid`,`cid`,`parent_id`) values (17040000,'黑龙江省','鹤岗',451,468,17090000);
insert  into `web2_city`(`id`,`pname`,`cname`,`pid`,`cid`,`parent_id`) values (17110000,'黑龙江省','黑河',451,456,17090000);
insert  into `web2_city`(`id`,`pname`,`cname`,`pid`,`cid`,`parent_id`) values (17020000,'黑龙江省','齐齐哈尔',451,452,17090000);
insert  into `web2_city`(`id`,`pname`,`cname`,`pid`,`cid`,`parent_id`) values (17999999,'黑龙江省','未知',451,000,17090000);
insert  into `web2_city`(`id`,`pname`,`cname`,`pid`,`cid`,`parent_id`) values (99999999,'未知','未知',000,000,99999999);

/*Data for the table `web2_dataset` */

insert  into `web2_dataset`(`id`,`name`,`cname`) values (1,'call_city_day','KPI查询次数指标日数据');
insert  into `web2_dataset`(`id`,`name`,`cname`) values (2,'call_city_week','KPI查询次数指标周数据');
insert  into `web2_dataset`(`id`,`name`,`cname`) values (3,'call_city_month','KPI查询次数指标月数据');
insert  into `web2_dataset`(`id`,`name`,`cname`) values (4,'user_city_day','KPI用户数指标日数据');
insert  into `web2_dataset`(`id`,`name`,`cname`) values (5,'user_city_week','KPI用户数指标周数据');
insert  into `web2_dataset`(`id`,`name`,`cname`) values (6,'user_city_month','KPI用户数指标月数据');
insert  into `web2_dataset`(`id`,`name`,`cname`) values (7,'user_search_city_day','KPI信息查询用户数指标日数据');
insert  into `web2_dataset`(`id`,`name`,`cname`) values (8,'user_search_city_week','KPI信息查询用户数指标周数据');
insert  into `web2_dataset`(`id`,`name`,`cname`) values (9,'user_search_city_month','KPI信息查询用户数指标月数据');
insert  into `web2_dataset`(`id`,`name`,`cname`) values (10,'user_travel_city_day','KPI商旅用户数指标日数据');
insert  into `web2_dataset`(`id`,`name`,`cname`) values (11,'user_travel_city_week','KPI商旅用户数指标周数据');
insert  into `web2_dataset`(`id`,`name`,`cname`) values (12,'user_travel_city_month','KPI商旅用户数指标月数据');
insert  into `web2_dataset`(`id`,`name`,`cname`) values (13,'his_call_city_week','KPI累计查询次数指标周数据');
insert  into `web2_dataset`(`id`,`name`,`cname`) values (14,'his_call_city_month','KPI累计查询次数指标月数据');
insert  into `web2_dataset`(`id`,`name`,`cname`) values (15,'his_user_city_week','KPI累计用户数指标周数据');
insert  into `web2_dataset`(`id`,`name`,`cname`) values (16,'his_user_city_month','KPI累计用户数指标月数据');
insert  into `web2_dataset`(`id`,`name`,`cname`) values (17,'his_user_search_city_week','KPI累计信息查询用户数指标周数据');
insert  into `web2_dataset`(`id`,`name`,`cname`) values (18,'his_user_search_city_month','KPI累计信息查询用户数指标月数据');
insert  into `web2_dataset`(`id`,`name`,`cname`) values (19,'his_user_travel_city_week','KPI累计商旅用户数指标周数据');
insert  into `web2_dataset`(`id`,`name`,`cname`) values (20,'his_user_travel_city_month','KPI累计商旅用户数指标月数据');
insert  into `web2_dataset`(`id`,`name`,`cname`) values (21,'sales_city_day','KPI语音后向销售指标日数据');
insert  into `web2_dataset`(`id`,`name`,`cname`) values (22,'sales_city_week','KPI语音后向销售指标周数据');
insert  into `web2_dataset`(`id`,`name`,`cname`) values (23,'sales_city_month','KPI语音后向销售指标月数据');
insert  into `web2_dataset`(`id`,`name`,`cname`) values (24,'travel_account_city_day','KPI商旅业务量指标日数据');
insert  into `web2_dataset`(`id`,`name`,`cname`) values (25,'travel_account_city_week','KPI商旅业务量指标周数据');
insert  into `web2_dataset`(`id`,`name`,`cname`) values (26,'travel_account_city_month','KPI商旅业务量指标月数据');
insert  into `web2_dataset`(`id`,`name`,`cname`) values (27,'shbb_payusernum_city_day','KPI生活播报指标日数据');
insert  into `web2_dataset`(`id`,`name`,`cname`) values (28,'shbb_payusernum_city_week','KPI生活播报指标周数据');
insert  into `web2_dataset`(`id`,`name`,`cname`) values (29,'shbb_payusernum_city_month','KPI生活播报指标月数据');
insert  into `web2_dataset`(`id`,`name`,`cname`) values (30,'his_travel_account_city_week','KPI累计商旅业务量周数据');
insert  into `web2_dataset`(`id`,`name`,`cname`) values (31,'his_travel_account_city_month','KPI累计商旅业务量月数据');
insert  into `web2_dataset`(`id`,`name`,`cname`) values (40,'shbb_total_payusers_province_day','KPI生活播报指标(累计)日数据');
insert  into `web2_dataset`(`id`,`name`,`cname`) values (33,'wireless_city_week','KPI前向业务指标周数据');
insert  into `web2_dataset`(`id`,`name`,`cname`) values (34,'wireless_city_month','KPI前向业务指标月数据');
insert  into `web2_dataset`(`id`,`name`,`cname`) values (38,'buss_wireless_city_week','KPI前向业务指标(分业务)周数据');
insert  into `web2_dataset`(`id`,`name`,`cname`) values (39,'buss_wireless_city_month','KPI前向业务指标(分业务)月数据');

/*Data for the table `web2_datasetcolumn` */

/*Data for the table `web2_view` */

insert  into `web2_view`(`id`,`cname`,`dataset_id`,`view_type`,`time_type`,`body`) values (12,'KPI用户数指标',4,'0','0','{\"indicator\":{\"values\":[{\"name\":{\"value\":\"kpiuser\"},\"cname\":{\"value\":\"KPI用户数\"}},{\"name\":{\"value\":\"kpiselfuser\"},\"cname\":{\"value\":\"KPI自网用户数\"}},{\"name\":{\"value\":\"kpibridgeuser\"},\"cname\":{\"value\":\"KPI网间用户数\"}}],\"cname\":\"指标\"},\"dimension\":{\"values\":[{\"name\":{\"value\":\"provname\"},\"cname\":{\"value\":\"省\"}},{\"name\":{\"value\":\"cityname\"},\"cname\":{\"value\":\"市\"}},{\"name\":{\"value\":\"begin_date\"},\"cname\":{\"value\":\"起始时间\"}},{\"name\":{\"value\":\"end_date\"},\"cname\":{\"value\":\"终止时间\"}}],\"cname\":\"维度\"},\"query\":{\"values\":[{\"name\":{\"value\":\"provname\"},\"cname\":{\"value\":\"省\"}},{\"name\":{\"value\":\"cityname\"},\"cname\":{\"value\":\"市\"}},{\"name\":{\"value\":\"begin_date\"},\"cname\":{\"value\":\"起始时间\"}},{\"name\":{\"value\":\"end_date\"},\"cname\":{\"value\":\"终止时间\"}}],\"cname\":\"条件\"}}');
insert  into `web2_view`(`id`,`cname`,`dataset_id`,`view_type`,`time_type`,`body`) values (10,'KPI查询次数指标',2,'0','1','{\"indicator\":{\"values\":[{\"name\":{\"value\":\"kpiqn\"},\"cname\":{\"value\":\"KPI查询次数\"}},{\"name\":{\"value\":\"kpiinfoqn\"},\"cname\":{\"value\":\"KPI信息查询次数\"}},{\"name\":{\"value\":\"kpiflyqn\"},\"cname\":{\"value\":\"KPI机票查询次数\"}},{\"name\":{\"value\":\"kpihotelqn\"},\"cname\":{\"value\":\"KPI酒店查询次数\"}}],\"cname\":\"指标\"},\"dimension\":{\"values\":[{\"name\":{\"value\":\"provname\"},\"cname\":{\"value\":\"省\"}},{\"name\":{\"value\":\"cityname\"},\"cname\":{\"value\":\"市\"}},{\"name\":{\"value\":\"begin_date\"},\"cname\":{\"value\":\"起始时间\"}},{\"name\":{\"value\":\"end_date\"},\"cname\":{\"value\":\"终止时间\"}}],\"cname\":\"维度\"},\"query\":{\"values\":[{\"name\":{\"value\":\"provname\"},\"cname\":{\"value\":\"省\"}},{\"name\":{\"value\":\"cityname\"},\"cname\":{\"value\":\"市\"}},{\"name\":{\"value\":\"begin_date\"},\"cname\":{\"value\":\"起始时间\"}},{\"name\":{\"value\":\"end_date\"},\"cname\":{\"value\":\"终止时间\"}}],\"cname\":\"条件\"}}');
insert  into `web2_view`(`id`,`cname`,`dataset_id`,`view_type`,`time_type`,`body`) values (11,'KPI查询次数指标',3,'0','2','{\"indicator\":{\"values\":[{\"name\":{\"value\":\"kpiqn\"},\"cname\":{\"value\":\"KPI查询次数\"}},{\"name\":{\"value\":\"kpiinfoqn\"},\"cname\":{\"value\":\"KPI信息查询次数\"}},{\"name\":{\"value\":\"kpiflyqn\"},\"cname\":{\"value\":\"KPI机票查询次数\"}},{\"name\":{\"value\":\"kpihotelqn\"},\"cname\":{\"value\":\"KPI酒店查询次数\"}}],\"cname\":\"指标\"},\"dimension\":{\"values\":[{\"name\":{\"value\":\"provname\"},\"cname\":{\"value\":\"省\"}},{\"name\":{\"value\":\"cityname\"},\"cname\":{\"value\":\"市\"}},{\"name\":{\"value\":\"begin_date\"},\"cname\":{\"value\":\"起始时间\"}},{\"name\":{\"value\":\"end_date\"},\"cname\":{\"value\":\"终止时间\"}}],\"cname\":\"维度\"},\"query\":{\"values\":[{\"name\":{\"value\":\"provname\"},\"cname\":{\"value\":\"省\"}},{\"name\":{\"value\":\"cityname\"},\"cname\":{\"value\":\"市\"}},{\"name\":{\"value\":\"begin_date\"},\"cname\":{\"value\":\"起始时间\"}},{\"name\":{\"value\":\"end_date\"},\"cname\":{\"value\":\"终止时间\"}}],\"cname\":\"条件\"}}');
insert  into `web2_view`(`id`,`cname`,`dataset_id`,`view_type`,`time_type`,`body`) values (9,'KPI查询次数指标',1,'0','0','{\"query\":{\"values\":[{\"name\":{\"value\":\"provname\"},\"cname\":{\"value\":\"省\"}},{\"name\":{\"value\":\"cityname\"},\"cname\":{\"value\":\"市\"}},{\"name\":{\"value\":\"begin_date\"},\"cname\":{\"value\":\"起始时间\"}},{\"name\":{\"value\":\"end_date\"},\"cname\":{\"value\":\"终止时间\"}}],\"cname\":\"条件\"},\"dimension\":{\"values\":[{\"name\":{\"value\":\"provname\"},\"cname\":{\"value\":\"省\"}},{\"name\":{\"value\":\"cityname\"},\"cname\":{\"value\":\"市\"}},{\"name\":{\"value\":\"begin_date\"},\"cname\":{\"value\":\"起始时间\"}},{\"name\":{\"value\":\"end_date\"},\"cname\":{\"value\":\"终止时间\"}}],\"cname\":\"维度\"},\"indicator\":{\"values\":[{\"name\":{\"value\":\"kpiqn\"},\"cname\":{\"value\":\"KPI查询次数\"}},{\"name\":{\"value\":\"kpiinfoqn\"},\"cname\":{\"value\":\"KPI信息查询次数\"}},{\"name\":{\"value\":\"kpiflyqn\"},\"cname\":{\"value\":\"KPI机票查询次数\"}},{\"name\":{\"value\":\"kpihotelqn\"},\"cname\":{\"value\":\"KPI酒店查询次数\"}}],\"cname\":\"指标\"}}');
insert  into `web2_view`(`id`,`cname`,`dataset_id`,`view_type`,`time_type`,`body`) values (13,'KPI用户数指标',5,'0','1','{\"query\":{\"values\":[{\"name\":{\"value\":\"provname\"},\"cname\":{\"value\":\"省\"}},{\"name\":{\"value\":\"cityname\"},\"cname\":{\"value\":\"市\"}},{\"name\":{\"value\":\"begin_date\"},\"cname\":{\"value\":\"起始时间\"}},{\"name\":{\"value\":\"end_date\"},\"cname\":{\"value\":\"终止时间\"}}],\"cname\":\"条件\"},\"dimension\":{\"values\":[{\"name\":{\"value\":\"provname\"},\"cname\":{\"value\":\"省\"}},{\"name\":{\"value\":\"cityname\"},\"cname\":{\"value\":\"市\"}},{\"name\":{\"value\":\"begin_date\"},\"cname\":{\"value\":\"起始时间\"}},{\"name\":{\"value\":\"end_date\"},\"cname\":{\"value\":\"终止时间\"}}],\"cname\":\"维度\"},\"indicator\":{\"values\":[{\"name\":{\"value\":\"kpiuser\"},\"cname\":{\"value\":\"KPI用户数\"}},{\"name\":{\"value\":\"kpiselfuser\"},\"cname\":{\"value\":\"KPI自网用户数\"}},{\"name\":{\"value\":\"kpibridgeuser\"},\"cname\":{\"value\":\"KPI网间用户数\"}}],\"cname\":\"指标\"}}');
insert  into `web2_view`(`id`,`cname`,`dataset_id`,`view_type`,`time_type`,`body`) values (14,'KPI用户数指标',6,'0','2','{\"query\":{\"values\":[{\"name\":{\"value\":\"provname\"},\"cname\":{\"value\":\"省\"}},{\"name\":{\"value\":\"cityname\"},\"cname\":{\"value\":\"市\"}},{\"name\":{\"value\":\"begin_date\"},\"cname\":{\"value\":\"起始时间\"}},{\"name\":{\"value\":\"end_date\"},\"cname\":{\"value\":\"终止时间\"}}],\"cname\":\"条件\"},\"dimension\":{\"values\":[{\"name\":{\"value\":\"provname\"},\"cname\":{\"value\":\"省\"}},{\"name\":{\"value\":\"cityname\"},\"cname\":{\"value\":\"市\"}},{\"name\":{\"value\":\"begin_date\"},\"cname\":{\"value\":\"起始时间\"}},{\"name\":{\"value\":\"end_date\"},\"cname\":{\"value\":\"终止时间\"}}],\"cname\":\"维度\"},\"indicator\":{\"values\":[{\"name\":{\"value\":\"kpiuser\"},\"cname\":{\"value\":\"KPI用户数\"}},{\"name\":{\"value\":\"kpiselfuser\"},\"cname\":{\"value\":\"KPI自网用户数\"}},{\"name\":{\"value\":\"kpibridgeuser\"},\"cname\":{\"value\":\"KPI网间用户数\"}}],\"cname\":\"指标\"}}');
insert  into `web2_view`(`id`,`cname`,`dataset_id`,`view_type`,`time_type`,`body`) values (15,'KPI累计查询次数指标',14,'0','2','{\"indicator\":{\"values\":[{\"name\":{\"value\":\"kpiqueryn\"},\"cname\":{\"value\":\"KPI查询次数\"}},{\"name\":{\"value\":\"kpiinfoqn\"},\"cname\":{\"value\":\"KPI信息查询次数\"}},{\"name\":{\"value\":\"kpiflyqn\"},\"cname\":{\"value\":\"KPI机票查询次数\"}},{\"name\":{\"value\":\"kpihotelqn\"},\"cname\":{\"value\":\"KPI酒店查询次数\"}}],\"cname\":\"指标\"},\"dimension\":{\"values\":[{\"name\":{\"value\":\"provname\"},\"cname\":{\"value\":\"省份名称\"}},{\"name\":{\"value\":\"cityname\"},\"cname\":{\"value\":\"地区名称\"}},{\"name\":{\"value\":\"begin_date\"},\"cname\":{\"value\":\"起始时间\"}},{\"name\":{\"value\":\"end_date\"},\"cname\":{\"value\":\"终止时间\"}}],\"cname\":\"维度\"},\"query\":{\"values\":[{\"name\":{\"value\":\"provname\"},\"cname\":{\"value\":\"省份名称\"}},{\"name\":{\"value\":\"cityname\"},\"cname\":{\"value\":\"地区名称\"}},{\"name\":{\"value\":\"begin_date\"},\"cname\":{\"value\":\"起始时间\"}},{\"name\":{\"value\":\"end_date\"},\"cname\":{\"value\":\"终止时间\"}}],\"cname\":\"条件\"}}');
insert  into `web2_view`(`id`,`cname`,`dataset_id`,`view_type`,`time_type`,`body`) values (16,'KPI累计查询次数指标',13,'0','1','{\"indicator\":{\"values\":[{\"name\":{\"value\":\"kpiqueryn\"},\"cname\":{\"value\":\"KPI查询次数\"}},{\"name\":{\"value\":\"kpiinfoqn\"},\"cname\":{\"value\":\"KPI信息查询次数\"}},{\"name\":{\"value\":\"kpiflyqn\"},\"cname\":{\"value\":\"KPI机票查询次数\"}},{\"name\":{\"value\":\"kpihotelqn\"},\"cname\":{\"value\":\"KPI酒店查询次数\"}}],\"cname\":\"指标\"},\"dimension\":{\"values\":[{\"name\":{\"value\":\"provname\"},\"cname\":{\"value\":\"省份名称\"}},{\"name\":{\"value\":\"cityname\"},\"cname\":{\"value\":\"地区名称\"}},{\"name\":{\"value\":\"begin_date\"},\"cname\":{\"value\":\"起始时间\"}},{\"name\":{\"value\":\"end_date\"},\"cname\":{\"value\":\"终止时间\"}}],\"cname\":\"维度\"},\"query\":{\"values\":[{\"name\":{\"value\":\"provname\"},\"cname\":{\"value\":\"省份名称\"}},{\"name\":{\"value\":\"cityname\"},\"cname\":{\"value\":\"地区名称\"}},{\"name\":{\"value\":\"begin_date\"},\"cname\":{\"value\":\"起始时间\"}},{\"name\":{\"value\":\"end_date\"},\"cname\":{\"value\":\"终止时间\"}}],\"cname\":\"条件\"}}');
insert  into `web2_view`(`id`,`cname`,`dataset_id`,`view_type`,`time_type`,`body`) values (17,'KPI累计商旅用户数指标',19,'0','1','{\"query\":{\"values\":[{\"name\":{\"value\":\"provname\"},\"cname\":{\"value\":\"省份名称\"}},{\"name\":{\"value\":\"cityname\"},\"cname\":{\"value\":\"地区名称\"}},{\"name\":{\"value\":\"begin_date\"},\"cname\":{\"value\":\"起始时间\"}},{\"name\":{\"value\":\"end_date\"},\"cname\":{\"value\":\"终止时间\"}}],\"cname\":\"条件\"},\"dimension\":{\"values\":[{\"name\":{\"value\":\"provname\"},\"cname\":{\"value\":\"省份名称\"}},{\"name\":{\"value\":\"cityname\"},\"cname\":{\"value\":\"地区名称\"}},{\"name\":{\"value\":\"begin_date\"},\"cname\":{\"value\":\"起始时间\"}},{\"name\":{\"value\":\"end_date\"},\"cname\":{\"value\":\"终止时间\"}}],\"cname\":\"维度\"},\"indicator\":{\"values\":[{\"name\":{\"value\":\"kpitravelun\"},\"cname\":{\"value\":\"KPI商旅用户数\"}},{\"name\":{\"value\":\"kpihotelun\"},\"cname\":{\"value\":\"KPI酒店用户数\"}},{\"name\":{\"value\":\"kpiflyun\"},\"cname\":{\"value\":\"KPI机票用户数\"}}],\"cname\":\"指标\"}}');
insert  into `web2_view`(`id`,`cname`,`dataset_id`,`view_type`,`time_type`,`body`) values (18,'KPI累计商旅用户数指标',12,'0','2','{\"query\":{\"values\":[{\"name\":{\"value\":\"provname\"},\"cname\":{\"value\":\"省份名称\"}},{\"name\":{\"value\":\"cityname\"},\"cname\":{\"value\":\"地区名称\"}},{\"name\":{\"value\":\"begin_date\"},\"cname\":{\"value\":\"起始时间\"}},{\"name\":{\"value\":\"end_date\"},\"cname\":{\"value\":\"终止时间\"}}],\"cname\":\"条件\"},\"dimension\":{\"values\":[{\"name\":{\"value\":\"provname\"},\"cname\":{\"value\":\"省份名称\"}},{\"name\":{\"value\":\"cityname\"},\"cname\":{\"value\":\"地区名称\"}},{\"name\":{\"value\":\"begin_date\"},\"cname\":{\"value\":\"起始时间\"}},{\"name\":{\"value\":\"end_date\"},\"cname\":{\"value\":\"终止时间\"}}],\"cname\":\"维度\"},\"indicator\":{\"values\":[{\"name\":{\"value\":\"kpitravelun\"},\"cname\":{\"value\":\"KPI商旅用户数\"}},{\"name\":{\"value\":\"kpihotelun\"},\"cname\":{\"value\":\"KPI酒店用户数\"}},{\"name\":{\"value\":\"kpiflyun\"},\"cname\":{\"value\":\"KPI机票用户数\"}}],\"cname\":\"指标\"}}');
insert  into `web2_view`(`id`,`cname`,`dataset_id`,`view_type`,`time_type`,`body`) values (19,'KPI累计商旅业务量',30,'0','1','{\"query\":{\"values\":[{\"name\":{\"value\":\"provname\"},\"cname\":{\"value\":\"省份名称\"}},{\"name\":{\"value\":\"cityname\"},\"cname\":{\"value\":\"地区名称\"}},{\"name\":{\"value\":\"begin_date\"},\"cname\":{\"value\":\"起始时间\"}},{\"name\":{\"value\":\"end_date\"},\"cname\":{\"value\":\"终止时间\"}}],\"cname\":\"条件\"},\"dimension\":{\"values\":[{\"name\":{\"value\":\"provname\"},\"cname\":{\"value\":\"省份名称\"}},{\"name\":{\"value\":\"cityname\"},\"cname\":{\"value\":\"地区名称\"}},{\"name\":{\"value\":\"begin_date\"},\"cname\":{\"value\":\"起始时间\"}},{\"name\":{\"value\":\"end_date\"},\"cname\":{\"value\":\"终止时间\"}}],\"cname\":\"维度\"},\"indicator\":{\"values\":[{\"name\":{\"value\":\"hotelrn\"},\"cname\":{\"value\":\"累计酒店结账间夜量\"}},{\"name\":{\"value\":\"tktnum\"},\"cname\":{\"value\":\"累计机票结账票量\"}},{\"name\":{\"value\":\"hotelearn\"},\"cname\":{\"value\":\"累计酒店收入预估(元)\"}},{\"name\":{\"value\":\"tktearn\"},\"cname\":{\"value\":\"累计机票收入预估(元)\"}}],\"cname\":\"指标\"}}');
insert  into `web2_view`(`id`,`cname`,`dataset_id`,`view_type`,`time_type`,`body`) values (20,'KPI累计商旅业务量',31,'0','2','{\"query\":{\"values\":[{\"name\":{\"value\":\"provname\"},\"cname\":{\"value\":\"省份名称\"}},{\"name\":{\"value\":\"cityname\"},\"cname\":{\"value\":\"地区名称\"}},{\"name\":{\"value\":\"begin_date\"},\"cname\":{\"value\":\"起始时间\"}},{\"name\":{\"value\":\"end_date\"},\"cname\":{\"value\":\"终止时间\"}}],\"cname\":\"条件\"},\"dimension\":{\"values\":[{\"name\":{\"value\":\"provname\"},\"cname\":{\"value\":\"省份名称\"}},{\"name\":{\"value\":\"cityname\"},\"cname\":{\"value\":\"地区名称\"}},{\"name\":{\"value\":\"begin_date\"},\"cname\":{\"value\":\"起始时间\"}},{\"name\":{\"value\":\"end_date\"},\"cname\":{\"value\":\"终止时间\"}}],\"cname\":\"维度\"},\"indicator\":{\"values\":[{\"name\":{\"value\":\"hotelrn\"},\"cname\":{\"value\":\"累计酒店结账间夜量\"}},{\"name\":{\"value\":\"tktnum\"},\"cname\":{\"value\":\"累计机票结账票量\"}},{\"name\":{\"value\":\"hotelearn\"},\"cname\":{\"value\":\"累计酒店收入预估(元)\"}},{\"name\":{\"value\":\"tktearn\"},\"cname\":{\"value\":\"累计机票收入预估(元)\"}}],\"cname\":\"指标\"}}');
insert  into `web2_view`(`id`,`cname`,`dataset_id`,`view_type`,`time_type`,`body`) values (21,'KPI累计信息查询用户数指标',17,'0','1','{\"query\":{\"values\":[{\"name\":{\"value\":\"provname\"},\"cname\":{\"value\":\"省份名称\"}},{\"name\":{\"value\":\"cityname\"},\"cname\":{\"value\":\"地区名称\"}},{\"name\":{\"value\":\"begin_date\"},\"cname\":{\"value\":\"起始时间\"}},{\"name\":{\"value\":\"end_date\"},\"cname\":{\"value\":\"终止时间\"}}],\"cname\":\"条件\"},\"dimension\":{\"values\":[{\"name\":{\"value\":\"provname\"},\"cname\":{\"value\":\"省份名称\"}},{\"name\":{\"value\":\"cityname\"},\"cname\":{\"value\":\"地区名称\"}},{\"name\":{\"value\":\"begin_date\"},\"cname\":{\"value\":\"起始时间\"}},{\"name\":{\"value\":\"end_date\"},\"cname\":{\"value\":\"终止时间\"}}],\"cname\":\"维度\"},\"indicator\":{\"values\":[{\"name\":{\"value\":\"kpiinfoqn\"},\"cname\":{\"value\":\"KPI信息查询用户数\"}},{\"name\":{\"value\":\"kpiselfqn\"},\"cname\":{\"value\":\"KPI信息查询自网用户数\"}},{\"name\":{\"value\":\"kpibridgeqn\"},\"cname\":{\"value\":\"KPI信息查询网间用户数\"}},{\"name\":{\"value\":\"kpiinfosum\"},\"cname\":{\"value\":\"KPI信息查询总时长\"}}],\"cname\":\"指标\"}}');
insert  into `web2_view`(`id`,`cname`,`dataset_id`,`view_type`,`time_type`,`body`) values (22,'KPI累计信息查询用户数指标',18,'0','2','{\"indicator\":{\"values\":[{\"name\":{\"value\":\"kpiinfoqn\"},\"cname\":{\"value\":\"KPI信息查询用户数\"}},{\"name\":{\"value\":\"kpiselfqn\"},\"cname\":{\"value\":\"KPI信息查询自网用户数\"}},{\"name\":{\"value\":\"kpibridgeqn\"},\"cname\":{\"value\":\"KPI信息查询网间用户数\"}},{\"name\":{\"value\":\"kpiinfosum\"},\"cname\":{\"value\":\"KPI信息查询总时长\"}}],\"cname\":\"指标\"},\"dimension\":{\"values\":[{\"name\":{\"value\":\"provname\"},\"cname\":{\"value\":\"省份名称\"}},{\"name\":{\"value\":\"cityname\"},\"cname\":{\"value\":\"地区名称\"}},{\"name\":{\"value\":\"begin_date\"},\"cname\":{\"value\":\"起始时间\"}},{\"name\":{\"value\":\"end_date\"},\"cname\":{\"value\":\"终止时间\"}}],\"cname\":\"维度\"},\"query\":{\"values\":[{\"name\":{\"value\":\"provname\"},\"cname\":{\"value\":\"省份名称\"}},{\"name\":{\"value\":\"cityname\"},\"cname\":{\"value\":\"地区名称\"}},{\"name\":{\"value\":\"begin_date\"},\"cname\":{\"value\":\"起始时间\"}},{\"name\":{\"value\":\"end_date\"},\"cname\":{\"value\":\"终止时间\"}}],\"cname\":\"条件\"}}');
insert  into `web2_view`(`id`,`cname`,`dataset_id`,`view_type`,`time_type`,`body`) values (23,'KPI累计用户数指标',15,'0','1','{\"query\":{\"values\":[{\"name\":{\"value\":\"provname\"},\"cname\":{\"value\":\"省份名称\"}},{\"name\":{\"value\":\"cityname\"},\"cname\":{\"value\":\"地区名称\"}},{\"name\":{\"value\":\"begin_date\"},\"cname\":{\"value\":\"起始时间\"}},{\"name\":{\"value\":\"end_date\"},\"cname\":{\"value\":\"终止时间\"}}],\"cname\":\"条件\"},\"dimension\":{\"values\":[{\"name\":{\"value\":\"provname\"},\"cname\":{\"value\":\"省份名称\"}},{\"name\":{\"value\":\"cityname\"},\"cname\":{\"value\":\"地区名称\"}},{\"name\":{\"value\":\"begin_date\"},\"cname\":{\"value\":\"起始时间\"}},{\"name\":{\"value\":\"end_date\"},\"cname\":{\"value\":\"终止时间\"}}],\"cname\":\"维度\"},\"indicator\":{\"values\":[{\"name\":{\"value\":\"kpiusern\"},\"cname\":{\"value\":\"KPI用户数\"}},{\"name\":{\"value\":\"kpiselfun\"},\"cname\":{\"value\":\"KPI自网用户数\"}},{\"name\":{\"value\":\"kpibridgeun\"},\"cname\":{\"value\":\"KPI网间用户数\"}}],\"cname\":\"指标\"}}');
insert  into `web2_view`(`id`,`cname`,`dataset_id`,`view_type`,`time_type`,`body`) values (24,'KPI累计用户数指标',16,'0','2','{\"query\":{\"values\":[{\"name\":{\"value\":\"provname\"},\"cname\":{\"value\":\"省份名称\"}},{\"name\":{\"value\":\"cityname\"},\"cname\":{\"value\":\"地区名城\"}},{\"name\":{\"value\":\"begin_date\"},\"cname\":{\"value\":\"起始时间\"}},{\"name\":{\"value\":\"end_date\"},\"cname\":{\"value\":\"终止时间\"}}],\"cname\":\"条件\"},\"dimension\":{\"values\":[{\"name\":{\"value\":\"provname\"},\"cname\":{\"value\":\"省份名称\"}},{\"name\":{\"value\":\"cityname\"},\"cname\":{\"value\":\"地区名城\"}},{\"name\":{\"value\":\"begin_date\"},\"cname\":{\"value\":\"起始时间\"}},{\"name\":{\"value\":\"end_date\"},\"cname\":{\"value\":\"终止时间\"}}],\"cname\":\"维度\"},\"indicator\":{\"values\":[{\"name\":{\"value\":\"kpiusern\"},\"cname\":{\"value\":\"KPI用户数\"}},{\"name\":{\"value\":\"kpiselfun\"},\"cname\":{\"value\":\"KPI自网用户数\"}},{\"name\":{\"value\":\"kpibridgeun\"},\"cname\":{\"value\":\"KPI网间用户数\"}}],\"cname\":\"指标\"}}');
insert  into `web2_view`(`id`,`cname`,`dataset_id`,`view_type`,`time_type`,`body`) values (25,'KPI信息查询用户数指标',7,'0','0','{\"query\":{\"values\":[{\"name\":{\"value\":\"provname\"},\"cname\":{\"value\":\"省\"}},{\"name\":{\"value\":\"cityname\"},\"cname\":{\"value\":\"市\"}},{\"name\":{\"value\":\"begin_date\"},\"cname\":{\"value\":\"起始时间\"}},{\"name\":{\"value\":\"end_date\"},\"cname\":{\"value\":\"终止时间\"}}],\"cname\":\"条件\"},\"dimension\":{\"values\":[{\"name\":{\"value\":\"provname\"},\"cname\":{\"value\":\"省\"}},{\"name\":{\"value\":\"cityname\"},\"cname\":{\"value\":\"市\"}},{\"name\":{\"value\":\"begin_date\"},\"cname\":{\"value\":\"起始时间\"}},{\"name\":{\"value\":\"end_date\"},\"cname\":{\"value\":\"终止时间\"}}],\"cname\":\"维度\"},\"indicator\":{\"values\":[{\"name\":{\"value\":\"kpiinfoqn\"},\"cname\":{\"value\":\"KPI信息查询用户数\"}},{\"name\":{\"value\":\"kpiqselfuser\"},\"cname\":{\"value\":\"KPI信息查询自网用户数\"}},{\"name\":{\"value\":\"kpiqbridgeuser\"},\"cname\":{\"value\":\"KPI信息查询网间用户数\"}},{\"name\":{\"value\":\"kpiinfototal\"},\"cname\":{\"value\":\"KPI信息查询总时长\"}}],\"cname\":\"指标\"}}');
insert  into `web2_view`(`id`,`cname`,`dataset_id`,`view_type`,`time_type`,`body`) values (26,'KPI信息查询用户数指标',8,'0','1','{\"query\":{\"values\":[{\"name\":{\"value\":\"provname\"},\"cname\":{\"value\":\"省\"}},{\"name\":{\"value\":\"cityname\"},\"cname\":{\"value\":\"市\"}},{\"name\":{\"value\":\"begin_date\"},\"cname\":{\"value\":\"起始时间\"}},{\"name\":{\"value\":\"end_date\"},\"cname\":{\"value\":\"终止时间\"}}],\"cname\":\"条件\"},\"dimension\":{\"values\":[{\"name\":{\"value\":\"provname\"},\"cname\":{\"value\":\"省\"}},{\"name\":{\"value\":\"cityname\"},\"cname\":{\"value\":\"市\"}},{\"name\":{\"value\":\"begin_date\"},\"cname\":{\"value\":\"起始时间\"}},{\"name\":{\"value\":\"end_date\"},\"cname\":{\"value\":\"终止时间\"}}],\"cname\":\"维度\"},\"indicator\":{\"values\":[{\"name\":{\"value\":\"kpiinfoqn\"},\"cname\":{\"value\":\"KPI信息查询用户数\"}},{\"name\":{\"value\":\"kpiqselfuser\"},\"cname\":{\"value\":\"KPI信息查询自网用户数\"}},{\"name\":{\"value\":\"kpiqbridgeuser\"},\"cname\":{\"value\":\"KPI信息查询网间用户数\"}},{\"name\":{\"value\":\"kpiinfototal\"},\"cname\":{\"value\":\"KPI信息查询总时长\"}}],\"cname\":\"指标\"}}');
insert  into `web2_view`(`id`,`cname`,`dataset_id`,`view_type`,`time_type`,`body`) values (27,'KPI信息查询用户数指标',9,'0','2','{\"query\":{\"values\":[{\"name\":{\"value\":\"provname\"},\"cname\":{\"value\":\"省\"}},{\"name\":{\"value\":\"cityname\"},\"cname\":{\"value\":\"市\"}},{\"name\":{\"value\":\"begin_date\"},\"cname\":{\"value\":\"起始时间\"}},{\"name\":{\"value\":\"end_date\"},\"cname\":{\"value\":\"终止时间\"}}],\"cname\":\"条件\"},\"dimension\":{\"values\":[{\"name\":{\"value\":\"provname\"},\"cname\":{\"value\":\"省\"}},{\"name\":{\"value\":\"cityname\"},\"cname\":{\"value\":\"市\"}},{\"name\":{\"value\":\"begin_date\"},\"cname\":{\"value\":\"起始时间\"}},{\"name\":{\"value\":\"end_date\"},\"cname\":{\"value\":\"终止时间\"}}],\"cname\":\"维度\"},\"indicator\":{\"values\":[{\"name\":{\"value\":\"kpiinfoqn\"},\"cname\":{\"value\":\"KPI信息查询用户数\"}},{\"name\":{\"value\":\"kpiqselfuser\"},\"cname\":{\"value\":\"KPI信息查询自网用户数\"}},{\"name\":{\"value\":\"kpiqbridgeuser\"},\"cname\":{\"value\":\"KPI信息查询网间用户数\"}},{\"name\":{\"value\":\"kpiinfototal\"},\"cname\":{\"value\":\"KPI信息查询总时长\"}}],\"cname\":\"指标\"}}');
insert  into `web2_view`(`id`,`cname`,`dataset_id`,`view_type`,`time_type`,`body`) values (28,'KPI商旅用户数指标',10,'0','0','{\"query\":{\"values\":[{\"name\":{\"value\":\"provname\"},\"cname\":{\"value\":\"省\"}},{\"name\":{\"value\":\"cityname\"},\"cname\":{\"value\":\"市\"}},{\"name\":{\"value\":\"begin_date\"},\"cname\":{\"value\":\"起始时间\"}},{\"name\":{\"value\":\"end_date\"},\"cname\":{\"value\":\"终止时间\"}}],\"cname\":\"条件\"},\"dimension\":{\"values\":[{\"name\":{\"value\":\"provname\"},\"cname\":{\"value\":\"省\"}},{\"name\":{\"value\":\"cityname\"},\"cname\":{\"value\":\"市\"}},{\"name\":{\"value\":\"begin_date\"},\"cname\":{\"value\":\"起始时间\"}},{\"name\":{\"value\":\"end_date\"},\"cname\":{\"value\":\"终止时间\"}}],\"cname\":\"维度\"},\"indicator\":{\"values\":[{\"name\":{\"value\":\"kpitravelun\"},\"cname\":{\"value\":\"KPI商旅用户数\"}},{\"name\":{\"value\":\"kpihotelun\"},\"cname\":{\"value\":\"KPI酒店用户数\"}},{\"name\":{\"value\":\"kpiflyun\"},\"cname\":{\"value\":\"KPI机票用户数\"}}],\"cname\":\"指标\"}}');
insert  into `web2_view`(`id`,`cname`,`dataset_id`,`view_type`,`time_type`,`body`) values (29,'KPI商旅用户数指标',11,'0','1','{\"query\":{\"values\":[{\"name\":{\"value\":\"provname\"},\"cname\":{\"value\":\"省\"}},{\"name\":{\"value\":\"cityname\"},\"cname\":{\"value\":\"市\"}},{\"name\":{\"value\":\"begin_date\"},\"cname\":{\"value\":\"起始时间\"}},{\"name\":{\"value\":\"end_date\"},\"cname\":{\"value\":\"终止时间\"}}],\"cname\":\"条件\"},\"dimension\":{\"values\":[{\"name\":{\"value\":\"provname\"},\"cname\":{\"value\":\"省\"}},{\"name\":{\"value\":\"cityname\"},\"cname\":{\"value\":\"市\"}},{\"name\":{\"value\":\"begin_date\"},\"cname\":{\"value\":\"起始时间\"}},{\"name\":{\"value\":\"end_date\"},\"cname\":{\"value\":\"终止时间\"}}],\"cname\":\"维度\"},\"indicator\":{\"values\":[{\"name\":{\"value\":\"kpitravelun\"},\"cname\":{\"value\":\"KPI商旅用户数\"}},{\"name\":{\"value\":\"kpihotelun\"},\"cname\":{\"value\":\"KPI酒店用户数\"}},{\"name\":{\"value\":\"kpiflyun\"},\"cname\":{\"value\":\"KPI机票用户数\"}}],\"cname\":\"指标\"}}');
insert  into `web2_view`(`id`,`cname`,`dataset_id`,`view_type`,`time_type`,`body`) values (30,'KPI商旅用户数指标',12,'0','2','{\"indicator\":{\"values\":[{\"name\":{\"value\":\"kpitravelun\"},\"cname\":{\"value\":\"KPI商旅用户数\"}},{\"name\":{\"value\":\"kpihotelun\"},\"cname\":{\"value\":\"KPI酒店用户数\"}},{\"name\":{\"value\":\"kpiflyun\"},\"cname\":{\"value\":\"KPI机票用户数\"}}],\"cname\":\"指标\"},\"dimension\":{\"values\":[{\"name\":{\"value\":\"provname\"},\"cname\":{\"value\":\"省\"}},{\"name\":{\"value\":\"cityname\"},\"cname\":{\"value\":\"市\"}},{\"name\":{\"value\":\"begin_date\"},\"cname\":{\"value\":\"起始时间\"}},{\"name\":{\"value\":\"end_date\"},\"cname\":{\"value\":\"终止时间\"}}],\"cname\":\"维度\"},\"query\":{\"values\":[{\"name\":{\"value\":\"provname\"},\"cname\":{\"value\":\"省\"}},{\"name\":{\"value\":\"cityname\"},\"cname\":{\"value\":\"市\"}},{\"name\":{\"value\":\"begin_date\"},\"cname\":{\"value\":\"起始时间\"}},{\"name\":{\"value\":\"end_date\"},\"cname\":{\"value\":\"终止时间\"}}],\"cname\":\"条件\"}}');
insert  into `web2_view`(`id`,`cname`,`dataset_id`,`view_type`,`time_type`,`body`) values (31,'KPI语音后向销售指标',21,'0','0','{\"query\":{\"values\":[{\"name\":{\"value\":\"provname\"},\"cname\":{\"value\":\"省\"}},{\"name\":{\"value\":\"cityname\"},\"cname\":{\"value\":\"市\"}},{\"name\":{\"value\":\"begin_date\"},\"cname\":{\"value\":\"起始时间\"}},{\"name\":{\"value\":\"end_date\"},\"cname\":{\"value\":\"终止时间\"}}],\"cname\":\"条件\"},\"dimension\":{\"values\":[{\"name\":{\"value\":\"provname\"},\"cname\":{\"value\":\"省\"}},{\"name\":{\"value\":\"cityname\"},\"cname\":{\"value\":\"市\"}},{\"name\":{\"value\":\"begin_date\"},\"cname\":{\"value\":\"起始时间\"}},{\"name\":{\"value\":\"end_date\"},\"cname\":{\"value\":\"终止时间\"}}],\"cname\":\"维度\"},\"indicator\":{\"values\":[{\"name\":{\"value\":\"okbussnum\"},\"cname\":{\"value\":\"签约商户到达数\"}},{\"name\":{\"value\":\"okbusssort\"},\"cname\":{\"value\":\"签约商户到达数排名\"}},{\"name\":{\"value\":\"signbussnum\"},\"cname\":{\"value\":\"本期签约商户数\"}},{\"name\":{\"value\":\"adsearn\"},\"cname\":{\"value\":\"本期签约广告收入(预估)\"}}],\"cname\":\"指标\"}}');
insert  into `web2_view`(`id`,`cname`,`dataset_id`,`view_type`,`time_type`,`body`) values (32,'KPI语音后向销售指标',22,'0','1','{\"indicator\":{\"values\":[{\"name\":{\"value\":\"okbussnum\"},\"cname\":{\"value\":\"签约商户到达数\"}},{\"name\":{\"value\":\"okbusssort\"},\"cname\":{\"value\":\"签约商户到达数排名\"}},{\"name\":{\"value\":\"signbussnum\"},\"cname\":{\"value\":\"本期签约商户数\"}},{\"name\":{\"value\":\"adsearn\"},\"cname\":{\"value\":\"本期签约广告收入(预估)\"}}],\"cname\":\"指标\"},\"dimension\":{\"values\":[{\"name\":{\"value\":\"provname\"},\"cname\":{\"value\":\"省\"}},{\"name\":{\"value\":\"cityname\"},\"cname\":{\"value\":\"市\"}},{\"name\":{\"value\":\"begin_date\"},\"cname\":{\"value\":\"起始时间\"}},{\"name\":{\"value\":\"end_date\"},\"cname\":{\"value\":\"终止时间\"}}],\"cname\":\"维度\"},\"query\":{\"values\":[{\"name\":{\"value\":\"provname\"},\"cname\":{\"value\":\"省\"}},{\"name\":{\"value\":\"cityname\"},\"cname\":{\"value\":\"市\"}},{\"name\":{\"value\":\"begin_date\"},\"cname\":{\"value\":\"起始时间\"}},{\"name\":{\"value\":\"end_date\"},\"cname\":{\"value\":\"终止时间\"}}],\"cname\":\"条件\"}}');
insert  into `web2_view`(`id`,`cname`,`dataset_id`,`view_type`,`time_type`,`body`) values (33,'KPI语音后向销售指标',23,'0','2','{\"indicator\":{\"values\":[{\"name\":{\"value\":\"okbussnum\"},\"cname\":{\"value\":\"签约商户到达数\"}},{\"name\":{\"value\":\"okbusssort\"},\"cname\":{\"value\":\"签约商户到达数排名\"}},{\"name\":{\"value\":\"signbussnum\"},\"cname\":{\"value\":\"本期签约商户数\"}},{\"name\":{\"value\":\"adsearn\"},\"cname\":{\"value\":\"本期签约广告收入(预估)\"}}],\"cname\":\"指标\"},\"dimension\":{\"values\":[{\"name\":{\"value\":\"provname\"},\"cname\":{\"value\":\"省\"}},{\"name\":{\"value\":\"cityname\"},\"cname\":{\"value\":\"市\"}},{\"name\":{\"value\":\"begin_date\"},\"cname\":{\"value\":\"起始时间\"}},{\"name\":{\"value\":\"end_date\"},\"cname\":{\"value\":\"终止时间\"}}],\"cname\":\"维度\"},\"query\":{\"values\":[{\"name\":{\"value\":\"provname\"},\"cname\":{\"value\":\"省\"}},{\"name\":{\"value\":\"cityname\"},\"cname\":{\"value\":\"市\"}},{\"name\":{\"value\":\"begin_date\"},\"cname\":{\"value\":\"起始时间\"}},{\"name\":{\"value\":\"end_date\"},\"cname\":{\"value\":\"终止时间\"}}],\"cname\":\"条件\"}}');
insert  into `web2_view`(`id`,`cname`,`dataset_id`,`view_type`,`time_type`,`body`) values (34,'KPI商旅业务量指标',24,'0','0','{\"indicator\":{\"values\":[{\"name\":{\"value\":\"hotelaccountrn\"},\"cname\":{\"value\":\"酒店结账间夜量\"}},{\"name\":{\"value\":\"tktaccountnum\"},\"cname\":{\"value\":\"机票结账票量\"}},{\"name\":{\"value\":\"hotelearn\"},\"cname\":{\"value\":\"酒店收入预估(元)\"}},{\"name\":{\"value\":\"tktearn\"},\"cname\":{\"value\":\"机票收入预估(元)\"}}],\"cname\":\"指标\"},\"dimension\":{\"values\":[{\"name\":{\"value\":\"provname\"},\"cname\":{\"value\":\"省\"}},{\"name\":{\"value\":\"cityname\"},\"cname\":{\"value\":\"市\"}},{\"name\":{\"value\":\"begin_date\"},\"cname\":{\"value\":\"起始时间\"}},{\"name\":{\"value\":\"end_date\"},\"cname\":{\"value\":\"终止时间\"}}],\"cname\":\"维度\"},\"query\":{\"values\":[{\"name\":{\"value\":\"provname\"},\"cname\":{\"value\":\"省\"}},{\"name\":{\"value\":\"cityname\"},\"cname\":{\"value\":\"市\"}},{\"name\":{\"value\":\"begin_date\"},\"cname\":{\"value\":\"起始时间\"}},{\"name\":{\"value\":\"end_date\"},\"cname\":{\"value\":\"终止时间\"}}],\"cname\":\"条件\"}}');
insert  into `web2_view`(`id`,`cname`,`dataset_id`,`view_type`,`time_type`,`body`) values (35,'KPI商旅业务量指标',25,'0','1','{\"indicator\":{\"values\":[{\"name\":{\"value\":\"hotelaccountrn\"},\"cname\":{\"value\":\"酒店结账间夜量\"}},{\"name\":{\"value\":\"tktaccountnum\"},\"cname\":{\"value\":\"机票结账票量\"}},{\"name\":{\"value\":\"hotelearn\"},\"cname\":{\"value\":\"酒店收入预估(元)\"}},{\"name\":{\"value\":\"tktearn\"},\"cname\":{\"value\":\"机票收入预估(元)\"}}],\"cname\":\"指标\"},\"dimension\":{\"values\":[{\"name\":{\"value\":\"provname\"},\"cname\":{\"value\":\"省\"}},{\"name\":{\"value\":\"cityname\"},\"cname\":{\"value\":\"市\"}},{\"name\":{\"value\":\"begin_date\"},\"cname\":{\"value\":\"起始时间\"}},{\"name\":{\"value\":\"end_date\"},\"cname\":{\"value\":\"终止时间\"}}],\"cname\":\"维度\"},\"query\":{\"values\":[{\"name\":{\"value\":\"provname\"},\"cname\":{\"value\":\"省\"}},{\"name\":{\"value\":\"cityname\"},\"cname\":{\"value\":\"市\"}},{\"name\":{\"value\":\"begin_date\"},\"cname\":{\"value\":\"起始时间\"}},{\"name\":{\"value\":\"end_date\"},\"cname\":{\"value\":\"终止时间\"}}],\"cname\":\"条件\"}}');
insert  into `web2_view`(`id`,`cname`,`dataset_id`,`view_type`,`time_type`,`body`) values (36,'KPI商旅业务量指标',26,'0','2','{\"indicator\":{\"values\":[{\"name\":{\"value\":\"hotelaccountrn\"},\"cname\":{\"value\":\"酒店结账间夜量\"}},{\"name\":{\"value\":\"tktaccountnum\"},\"cname\":{\"value\":\"机票结账票量\"}},{\"name\":{\"value\":\"hotelearn\"},\"cname\":{\"value\":\"酒店收入预估(元)\"}},{\"name\":{\"value\":\"tktearn\"},\"cname\":{\"value\":\"机票收入预估(元)\"}}],\"cname\":\"指标\"},\"dimension\":{\"values\":[{\"name\":{\"value\":\"provname\"},\"cname\":{\"value\":\"省\"}},{\"name\":{\"value\":\"cityname\"},\"cname\":{\"value\":\"市\"}},{\"name\":{\"value\":\"begin_date\"},\"cname\":{\"value\":\"起始时间\"}},{\"name\":{\"value\":\"end_date\"},\"cname\":{\"value\":\"终止时间\"}}],\"cname\":\"维度\"},\"query\":{\"values\":[{\"name\":{\"value\":\"provname\"},\"cname\":{\"value\":\"省\"}},{\"name\":{\"value\":\"cityname\"},\"cname\":{\"value\":\"市\"}},{\"name\":{\"value\":\"begin_date\"},\"cname\":{\"value\":\"起始时间\"}},{\"name\":{\"value\":\"end_date\"},\"cname\":{\"value\":\"终止时间\"}}],\"cname\":\"条件\"}}');
insert  into `web2_view`(`id`,`cname`,`dataset_id`,`view_type`,`time_type`,`body`) values (37,'KPI生活播报指标',27,'0','0','{\"indicator\":{\"values\":[{\"name\":{\"value\":\"remainusernum\"},\"cname\":{\"value\":\"总用户数\"}},{\"name\":{\"value\":\"feeusernum\"},\"cname\":{\"value\":\"计费用户数\"}},{\"name\":{\"value\":\"totalfee\"},\"cname\":{\"value\":\"信息费预估(元)\"}}],\"cname\":\"指标\"},\"dimension\":{\"values\":[{\"name\":{\"value\":\"provname\"},\"cname\":{\"value\":\"省\"}},{\"name\":{\"value\":\"cityname\"},\"cname\":{\"value\":\"市\"}},{\"name\":{\"value\":\"begin_date\"},\"cname\":{\"value\":\"起始时间\"}},{\"name\":{\"value\":\"end_date\"},\"cname\":{\"value\":\"终止时间\"}}],\"cname\":\"维度\"},\"query\":{\"values\":[{\"name\":{\"value\":\"provname\"},\"cname\":{\"value\":\"省\"}},{\"name\":{\"value\":\"cityname\"},\"cname\":{\"value\":\"市\"}},{\"name\":{\"value\":\"begin_date\"},\"cname\":{\"value\":\"起始时间\"}},{\"name\":{\"value\":\"end_date\"},\"cname\":{\"value\":\"终止时间\"}}],\"cname\":\"条件\"}}');
insert  into `web2_view`(`id`,`cname`,`dataset_id`,`view_type`,`time_type`,`body`) values (38,'KPI生活播报指标',28,'0','1','{\"indicator\":{\"values\":[{\"name\":{\"value\":\"remainusernum\"},\"cname\":{\"value\":\"总用户数\"}},{\"name\":{\"value\":\"feeusernum\"},\"cname\":{\"value\":\"计费用户数\"}},{\"name\":{\"value\":\"totalfee\"},\"cname\":{\"value\":\"信息费预估(元)\"}}],\"cname\":\"指标\"},\"dimension\":{\"values\":[{\"name\":{\"value\":\"provname\"},\"cname\":{\"value\":\"省\"}},{\"name\":{\"value\":\"cityname\"},\"cname\":{\"value\":\"市\"}},{\"name\":{\"value\":\"begin_date\"},\"cname\":{\"value\":\"起始时间\"}},{\"name\":{\"value\":\"end_date\"},\"cname\":{\"value\":\"终止时间\"}}],\"cname\":\"维度\"},\"query\":{\"values\":[{\"name\":{\"value\":\"provname\"},\"cname\":{\"value\":\"省\"}},{\"name\":{\"value\":\"cityname\"},\"cname\":{\"value\":\"市\"}},{\"name\":{\"value\":\"begin_date\"},\"cname\":{\"value\":\"起始时间\"}},{\"name\":{\"value\":\"end_date\"},\"cname\":{\"value\":\"终止时间\"}}],\"cname\":\"条件\"}}');
insert  into `web2_view`(`id`,`cname`,`dataset_id`,`view_type`,`time_type`,`body`) values (39,'KPI生活播报指标',29,'0','2','{\"indicator\":{\"values\":[{\"name\":{\"value\":\"remainusernum\"},\"cname\":{\"value\":\"总用户数\"}},{\"name\":{\"value\":\"feeusernum\"},\"cname\":{\"value\":\"计费用户数\"}},{\"name\":{\"value\":\"totalfee\"},\"cname\":{\"value\":\"信息费预估(元)\"}}],\"cname\":\"指标\"},\"dimension\":{\"values\":[{\"name\":{\"value\":\"provname\"},\"cname\":{\"value\":\"省\"}},{\"name\":{\"value\":\"cityname\"},\"cname\":{\"value\":\"市\"}},{\"name\":{\"value\":\"begin_date\"},\"cname\":{\"value\":\"起始时间\"}},{\"name\":{\"value\":\"end_date\"},\"cname\":{\"value\":\"终止时间\"}}],\"cname\":\"维度\"},\"query\":{\"values\":[{\"name\":{\"value\":\"provname\"},\"cname\":{\"value\":\"省\"}},{\"name\":{\"value\":\"cityname\"},\"cname\":{\"value\":\"市\"}},{\"name\":{\"value\":\"begin_date\"},\"cname\":{\"value\":\"起始时间\"}},{\"name\":{\"value\":\"end_date\"},\"cname\":{\"value\":\"终止时间\"}}],\"cname\":\"条件\"}}');
insert  into `web2_view`(`id`,`cname`,`dataset_id`,`view_type`,`time_type`,`body`) values (41,'KPI前向业务指标',33,'0','1','{\"indicator\":{\"values\":[{\"name\":{\"value\":\"m_users\"},\"cname\":{\"value\":\"前向包月业务用户数\"}},{\"name\":{\"value\":\"m_payusers\"},\"cname\":{\"value\":\"包月计费用户数\"}},{\"name\":{\"value\":\"d_users\"},\"cname\":{\"value\":\"点播用户数\"}},{\"name\":{\"value\":\"m_infor_pay\"},\"cname\":{\"value\":\"预估包月信息费(元)\"}},{\"name\":{\"value\":\"d_infor_pay\"},\"cname\":{\"value\":\"点播信息费预估(元)\"}}],\"cname\":\"指标\"},\"dimension\":{\"values\":[{\"name\":{\"value\":\"provname\"},\"cname\":{\"value\":\"省\"}},{\"name\":{\"value\":\"cityname\"},\"cname\":{\"value\":\"市\"}},{\"name\":{\"value\":\"begin_date\"},\"cname\":{\"value\":\"起始时间\"}},{\"name\":{\"value\":\"end_date\"},\"cname\":{\"value\":\"终止时间\"}}],\"cname\":\"维度\"},\"query\":{\"values\":[{\"name\":{\"value\":\"provname\"},\"cname\":{\"value\":\"省\"}},{\"name\":{\"value\":\"cityname\"},\"cname\":{\"value\":\"市\"}},{\"name\":{\"value\":\"begin_date\"},\"cname\":{\"value\":\"起始时间\"}},{\"name\":{\"value\":\"end_date\"},\"cname\":{\"value\":\"终止时间\"}}],\"cname\":\"条件\"}}');
insert  into `web2_view`(`id`,`cname`,`dataset_id`,`view_type`,`time_type`,`body`) values (42,'KPI前向业务指标',34,'0','2','{\"indicator\":{\"values\":[{\"name\":{\"value\":\"m_users\"},\"cname\":{\"value\":\"前向包月业务用户数\"}},{\"name\":{\"value\":\"m_payusers\"},\"cname\":{\"value\":\"包月计费用户数\"}},{\"name\":{\"value\":\"d_users\"},\"cname\":{\"value\":\"点播用户数\"}},{\"name\":{\"value\":\"m_infor_pay\"},\"cname\":{\"value\":\"预估包月信息费(元)\"}},{\"name\":{\"value\":\"d_infor_pay\"},\"cname\":{\"value\":\"点播信息费预估(元)\"}}],\"cname\":\"指标\"},\"dimension\":{\"values\":[{\"name\":{\"value\":\"provname\"},\"cname\":{\"value\":\"省\"}},{\"name\":{\"value\":\"cityname\"},\"cname\":{\"value\":\"市\"}},{\"name\":{\"value\":\"begin_date\"},\"cname\":{\"value\":\"起始时间\"}},{\"name\":{\"value\":\"end_date\"},\"cname\":{\"value\":\"终止时间\"}}],\"cname\":\"维度\"},\"query\":{\"values\":[{\"name\":{\"value\":\"provname\"},\"cname\":{\"value\":\"省\"}},{\"name\":{\"value\":\"cityname\"},\"cname\":{\"value\":\"市\"}},{\"name\":{\"value\":\"begin_date\"},\"cname\":{\"value\":\"起始时间\"}},{\"name\":{\"value\":\"end_date\"},\"cname\":{\"value\":\"终止时间\"}}],\"cname\":\"条件\"}}');
insert  into `web2_view`(`id`,`cname`,`dataset_id`,`view_type`,`time_type`,`body`) values (44,'KPI前向业务指标(分业务)',38,'0','1','{\"indicator\":{\"values\":[{\"name\":{\"value\":\"month_user\"},\"cname\":{\"value\":\"前向包月业务用户数\"}},{\"name\":{\"value\":\"month_payuser\"},\"cname\":{\"value\":\"包月计费用户数\"}},{\"name\":{\"value\":\"dian_user\"},\"cname\":{\"value\":\"点播用户数\"}},{\"name\":{\"value\":\"yugu_inforpay\"},\"cname\":{\"value\":\"预估包月信息费\"}},{\"name\":{\"value\":\"dian_inforpay\"},\"cname\":{\"value\":\"点播信息费预估\"}}],\"cname\":\"指标\"},\"dimension\":{\"values\":[{\"name\":{\"value\":\"provname\"},\"cname\":{\"value\":\"省\"}},{\"name\":{\"value\":\"cityname\"},\"cname\":{\"value\":\"市\"}},{\"name\":{\"value\":\"begin_date\"},\"cname\":{\"value\":\"起始时间\"}},{\"name\":{\"value\":\"end_date\"},\"cname\":{\"value\":\"终止时间\"}},{\"name\":{\"value\":\"servicename\"},\"cname\":{\"value\":\"业务名称\"}}],\"cname\":\"维度\"},\"query\":{\"values\":[{\"name\":{\"value\":\"provname\"},\"cname\":{\"value\":\"省\"}},{\"name\":{\"value\":\"cityname\"},\"cname\":{\"value\":\"市\"}},{\"name\":{\"value\":\"begin_date\"},\"cname\":{\"value\":\"起始时间\"}},{\"name\":{\"value\":\"end_date\"},\"cname\":{\"value\":\"终止时间\"}}],\"cname\":\"条件\"}}');
insert  into `web2_view`(`id`,`cname`,`dataset_id`,`view_type`,`time_type`,`body`) values (45,'KPI前向业务指标(分业务)',39,'0','2','{\"query\":{\"values\":[{\"name\":{\"value\":\"provname\"},\"cname\":{\"value\":\"省\"}},{\"name\":{\"value\":\"cityname\"},\"cname\":{\"value\":\"市\"}},{\"name\":{\"value\":\"begin_date\"},\"cname\":{\"value\":\"起始时间\"}},{\"name\":{\"value\":\"end_date\"},\"cname\":{\"value\":\"终止时间\"}}],\"cname\":\"条件\"},\"dimension\":{\"values\":[{\"name\":{\"value\":\"provname\"},\"cname\":{\"value\":\"省\"}},{\"name\":{\"value\":\"cityname\"},\"cname\":{\"value\":\"市\"}},{\"name\":{\"value\":\"begin_date\"},\"cname\":{\"value\":\"起始时间\"}},{\"name\":{\"value\":\"end_date\"},\"cname\":{\"value\":\"终止时间\"}}],\"cname\":\"维度\"},\"indicator\":{\"values\":[{\"name\":{\"value\":\"month_user\"},\"cname\":{\"value\":\"前向包月业务用户数\"}},{\"name\":{\"value\":\"month_payuser\"},\"cname\":{\"value\":\"包月计费用户数\"}},{\"name\":{\"value\":\"dian_user\"},\"cname\":{\"value\":\"点播用户数\"}},{\"name\":{\"value\":\"yugu_inforpay\"},\"cname\":{\"value\":\"预估包月信息费\"}},{\"name\":{\"value\":\"dian_inforpay\"},\"cname\":{\"value\":\"点播信息费预估\"}},{\"name\":{\"value\":\"servicename\"},\"cname\":{\"value\":\"业务名称\"}}],\"cname\":\"指标\"}}');
insert  into `web2_view`(`id`,`cname`,`dataset_id`,`view_type`,`time_type`,`body`) values (46,'KPI生活播报指标(累计)',40,'0','0','{\"query\":{\"values\":[{\"name\":{\"value\":\"provname\"},\"cname\":{\"value\":\"省份名称\"}},{\"name\":{\"value\":\"begin_date\"},\"cname\":{\"value\":\"起始时间\"}},{\"name\":{\"value\":\"end_date\"},\"cname\":{\"value\":\"终止时间\"}}],\"cname\":\"条件\"},\"dimension\":{\"values\":[{\"name\":{\"value\":\"provname\"},\"cname\":{\"value\":\"省份名称\"}},{\"name\":{\"value\":\"begin_date\"},\"cname\":{\"value\":\"起始时间\"}},{\"name\":{\"value\":\"end_date\"},\"cname\":{\"value\":\"终止时间\"}}],\"cname\":\"维度\"},\"indicator\":{\"values\":[{\"name\":{\"value\":\"total\"},\"cname\":{\"value\":\"累计信息费预估(元)\"}}],\"cname\":\"指标\"}}');

/*!40101 SET SQL_MODE=@OLD_SQL_MODE */;
